,Tm,Year,Rk,G,Ret,Yds,TD,Lng,Y/R,Rt,Yds,TD,Lng,Y/Rt,APYd,opp_Rk,opp_G,opp_Ret,opp_Yds,opp_TD,opp_Y/R,opp_Rt,opp_Yds,opp_TD,opp_Y/Rt
0,Green Bay Packers,2006,1,16,53,415,0,40,7.8,70,1379,0,35,19.7,7423,5,16,55,503,1,9.1,60,1348,0,22.5
1,Seattle Seahawks,2006,2,16,49,424,1,90,8.7,69,1548,0,50,22.4,7381,18,16,39,343,0,8.8,61,1499,0,24.6
2,Tennessee Titans,2006,3,16,37,467,3,90,12.6,79,1835,0,70,23.2,7440,26,16,33,278,0,8.4,58,1263,0,21.8
3,Tampa Bay Buccaneers,2006,4,16,54,353,0,18,6.5,61,1307,0,44,21.4,6197,23,16,50,487,1,9.7,46,846,0,18.4
4,Washington Redskins,2006,5,16,39,342,1,87,8.8,73,1631,1,100,22.3,7361,6,16,45,319,0,7.1,67,1396,0,20.8
5,Carolina Panthers,2006,6,16,49,225,0,24,4.6,62,1200,0,39,19.4,6603,2,16,61,390,1,6.4,59,1302,0,22.1
6,New Orleans Saints,2006,7,16,51,372,1,65,7.3,60,1377,0,51,23.0,8137,9,16,40,270,0,6.8,72,1598,0,22.2
7,Chicago Bears,2006,8,16,50,607,3,84,12.1,59,1373,2,96,23.3,7402,1,16,38,367,0,9.7,83,1730,0,20.8
8,Detroit Lions,2006,9,16,35,396,0,48,11.3,74,1648,0,65,22.3,7397,16,16,38,267,1,7.0,63,1444,0,22.9
9,Oakland Raiders,2006,10,16,35,216,0,35,6.2,73,1811,0,50,24.8,6418,32,16,34,437,0,12.9,42,1200,0,28.6
10,Cleveland Browns,2006,11,16,36,371,0,81,10.3,71,1635,1,92,23.0,6620,27,16,43,312,0,7.3,48,1053,1,21.9
11,San Francisco 49ers,2006,12,16,28,237,0,60,8.5,79,1907,0,64,24.1,7252,17,16,35,462,1,13.2,65,1373,0,21.1
12,Atlanta Falcons,2006,13,16,37,288,0,41,7.8,68,1542,0,51,22.7,7524,31,16,25,279,0,11.2,53,1093,0,20.6
13,Minnesota Vikings,2006,14,16,38,374,1,71,9.8,66,1492,0,65,22.6,7120,11,16,50,485,1,9.7,59,1369,1,23.2
14,Dallas Cowboys,2006,15,16,40,335,1,56,8.4,64,1493,0,41,23.3,7909,10,16,31,334,0,10.8,80,1571,1,19.6
15,New York Giants,2006,16,16,33,288,0,38,8.7,70,1407,0,51,20.1,7154,19,16,33,191,0,5.8,65,1455,0,22.4
16,Buffalo Bills,2006,17,16,39,422,1,82,10.8,63,1503,0,88,23.9,6586,22,16,36,265,0,7.4,60,1279,0,21.3
17,San Diego Chargers,2006,18,16,45,382,0,50,8.5,55,1350,0,91,24.5,7785,4,16,27,216,0,8.0,90,1960,0,21.8
18,Arizona Cardinals,2006,19,16,25,250,0,37,10.0,73,1610,1,99,22.1,7225,15,16,44,547,1,12.4,58,1481,0,25.5
19,Kansas City Chiefs,2006,20,16,33,264,1,60,8.0,64,1404,0,60,21.9,7087,13,16,32,254,0,7.9,71,1646,0,23.2
20,Cincinnati Bengals,2006,21,16,36,239,0,38,6.6,59,1209,0,38,20.5,7141,7,16,42,236,0,5.6,70,1472,0,21.0
21,St. Louis Rams,2006,22,16,30,234,0,33,7.8,65,1383,0,40,21.3,7827,24,16,27,247,1,9.1,69,1701,2,24.7
22,Jacksonville Jaguars,2006,23,16,45,361,0,29,8.0,49,1136,1,93,23.2,7083,29,16,29,343,2,11.8,60,1262,0,21.0
23,Houston Texans,2006,24,16,23,242,0,58,10.5,71,1609,0,87,22.7,6693,30,16,36,275,1,7.6,52,1215,1,23.4
24,New England Patriots,2006,25,16,36,422,0,43,11.7,58,1553,1,93,26.8,7537,20,16,29,322,2,11.1,68,1547,0,22.8
25,Philadelphia Eagles,2006,26,16,36,339,0,23,9.4,58,1204,0,64,20.8,7915,8,16,41,380,1,9.3,71,1647,0,23.2
26,Miami Dolphins,2006,27,16,41,378,0,47,9.2,52,1102,0,46,21.2,6864,28,16,49,367,0,7.5,40,981,0,24.5
27,Baltimore Ravens,2006,28,16,45,351,0,65,7.8,45,1046,0,72,23.2,6682,3,16,44,404,0,9.2,75,1636,0,21.8
28,Pittsburgh Steelers,2006,29,16,34,285,1,65,8.4,55,1214,0,76,22.1,7515,12,16,38,219,0,5.8,70,1570,1,22.4
29,New York Jets,2006,30,16,29,243,0,38,8.4,60,1445,2,103,24.1,6815,21,16,28,205,0,7.3,69,1462,0,21.2
30,Denver Broncos,2006,31,16,32,294,0,42,9.2,54,1187,0,64,22.0,6673,25,16,39,268,0,6.9,55,1480,0,26.9
31,Indianapolis Colts,2006,32,16,23,207,1,82,9.0,58,1368,0,70,23.6,7758,14,16,25,327,1,13.1,78,2029,2,26.0
32,San Francisco 49ers,2007,1,16,56,483,0,51,8.6,73,1702,0,55,23.3,6376,18,16,53,402,1,7.6,45,982,1,21.8
33,Arizona Cardinals,2007,2,16,42,395,1,73,9.4,74,1682,0,59,22.7,7741,20,16,38,496,1,13.1,60,1389,0,23.2
34,Oakland Raiders,2007,3,16,38,209,0,54,5.5,78,1686,0,43,21.6,6857,32,16,40,389,2,9.7,43,963,1,22.4
35,Philadelphia Eagles,2007,4,16,42,340,0,32,8.1,71,1539,0,35,21.7,7858,11,16,36,409,1,11.4,69,1536,0,22.3
36,St. Louis Rams,2007,5,16,30,357,1,85,11.9,82,1938,0,84,23.6,7404,9,16,48,396,0,8.3,58,1578,2,27.2
37,Chicago Bears,2007,6,16,44,651,4,89,14.8,67,1234,2,97,18.4,7222,3,16,40,236,0,5.9,71,1370,1,19.3
38,Seattle Seahawks,2007,7,16,58,658,1,94,11.3,53,1173,2,91,22.1,7629,6,16,37,362,0,9.8,72,1790,0,24.9
39,Green Bay Packers,2007,8,16,48,492,2,94,10.3,62,1349,0,67,21.8,7925,22,16,19,113,0,5.9,77,1610,0,20.9
40,New York Giants,2007,9,16,43,319,0,27,7.4,66,1579,1,74,23.9,7521,21,16,28,173,0,6.2,69,1596,1,23.1
41,Atlanta Falcons,2007,10,16,36,228,0,23,6.3,72,1781,0,76,24.7,7155,27,16,41,307,0,7.5,50,1148,1,23.0
42,Houston Texans,2007,11,16,33,287,0,74,8.7,74,1961,4,104,26.5,7826,30,16,19,151,0,7.9,69,1593,0,23.1
43,Kansas City Chiefs,2007,12,16,40,302,0,22,7.6,67,1286,0,39,19.2,6402,16,16,50,387,1,7.7,51,1105,0,21.7
44,Washington Redskins,2007,13,16,40,299,0,62,7.5,65,1544,0,80,23.8,7320,19,16,32,202,0,6.3,66,1289,1,19.5
45,Cleveland Browns,2007,14,16,30,405,1,76,13.5,72,1943,2,100,27.0,8098,4,16,34,308,1,9.1,76,1590,0,20.9
46,Miami Dolphins,2007,15,16,24,230,1,87,9.6,78,1552,0,52,19.9,6671,29,16,39,387,0,9.9,50,1292,2,25.8
47,Buffalo Bills,2007,16,16,31,476,1,74,15.4,70,1448,1,103,20.7,6540,25,16,37,196,0,5.3,56,1150,1,20.5
48,Baltimore Ravens,2007,17,16,35,338,2,75,9.7,65,1525,1,94,23.5,6962,17,16,38,375,0,9.9,61,1444,0,23.7
49,Cincinnati Bengals,2007,18,16,27,131,0,19,4.9,73,1684,1,100,23.1,7648,5,16,33,299,1,9.1,76,1732,0,22.8
50,Tampa Bay Buccaneers,2007,19,16,50,334,0,35,6.7,48,1119,1,90,23.3,6940,10,16,38,280,0,7.4,68,1328,1,19.5
51,New Orleans Saints,2007,20,16,24,197,0,48,8.2,71,1513,0,64,21.3,7672,26,16,35,335,1,9.6,56,1256,1,22.4
52,New York Jets,2007,21,16,20,183,0,33,9.2,74,1695,3,98,22.9,6912,31,16,32,268,0,8.4,51,1270,1,24.9
53,Tennessee Titans,2007,22,16,42,367,0,39,8.7,52,1098,0,48,21.1,6632,28,16,31,274,1,8.8,58,1404,0,24.2
54,Carolina Panthers,2007,23,16,32,269,0,34,8.4,60,1146,0,60,19.1,6183,2,16,55,579,1,10.5,56,1333,0,23.8
55,Pittsburgh Steelers,2007,24,16,39,238,0,49,6.1,52,1145,1,98,22.0,6971,13,16,31,266,1,8.6,73,1647,1,22.6
56,Detroit Lions,2007,25,16,18,148,0,18,8.2,72,1628,1,74,22.6,7315,15,16,36,434,0,12.1,65,1750,2,26.9
57,Minnesota Vikings,2007,26,16,29,242,0,42,8.3,59,1461,1,104,24.8,7369,7,16,43,440,1,10.2,65,1441,0,22.2
58,New England Patriots,2007,27,16,33,311,0,35,9.4,55,1384,2,108,25.2,8462,8,16,14,75,0,5.4,92,2030,1,22.1
59,Dallas Cowboys,2007,28,16,26,227,0,49,8.7,61,1358,0,72,22.3,7647,1,16,35,406,1,11.6,86,1979,1,23.0
60,Jacksonville Jaguars,2007,29,16,32,324,0,56,10.1,49,1110,1,100,22.7,7387,23,16,28,218,0,7.8,67,1323,2,19.7
61,Denver Broncos,2007,30,16,23,209,1,80,9.1,58,1293,0,35,22.3,7254,24,16,31,334,2,10.8,62,1424,1,23.0
62,San Diego Chargers,2007,31,16,32,281,1,45,8.8,48,1224,1,89,25.5,6747,12,16,29,311,0,10.7,75,1566,0,20.9
63,Indianapolis Colts,2007,32,16,25,280,1,90,11.2,53,1157,0,47,21.8,7389,14,16,22,305,1,13.9,81,2029,3,25.0
64,Oakland Raiders,2008,1,16,44,570,3,93,13.0,78,1777,2,92,22.8,6923,28,16,43,425,0,9.9,44,1074,1,24.4
65,Chicago Bears,2008,2,16,39,261,0,25,6.7,77,1919,1,83,24.9,7108,15,16,36,203,0,5.6,68,1656,0,24.4
66,Seattle Seahawks,2008,3,16,35,353,0,30,10.1,77,1948,0,61,25.3,7019,25,16,44,444,1,10.1,47,1205,0,25.6
67,Philadelphia Eagles,2008,4,16,52,446,1,68,8.6,60,1411,1,100,23.5,7776,2,16,41,296,0,7.2,75,1698,1,22.6
68,St. Louis Rams,2008,5,16,29,245,0,34,8.4,80,1761,0,75,22.0,6997,4,16,57,590,0,10.4,56,1469,0,26.2
69,Arizona Cardinals,2008,6,16,33,237,0,25,7.2,75,1630,1,93,21.7,7964,18,16,29,381,1,13.1,69,1724,1,25.0
70,Tampa Bay Buccaneers,2008,7,16,47,440,1,70,9.4,60,1486,1,97,24.8,7581,5,16,39,392,0,10.1,74,1542,0,20.8
71,Dallas Cowboys,2008,8,16,37,238,0,33,6.4,70,1554,1,98,22.2,7494,10,16,37,390,0,10.5,71,1510,1,21.3
72,Green Bay Packers,2008,9,16,37,398,2,76,10.8,69,1387,0,45,20.1,7641,12,16,33,249,0,7.5,72,1687,0,23.4
73,Kansas City Chiefs,2008,10,16,26,169,0,32,6.5,80,1716,0,59,21.5,7160,20,16,33,307,0,9.3,62,1465,1,23.6
74,San Francisco 49ers,2008,11,16,29,298,0,45,10.3,76,1767,1,104,23.3,7377,14,16,39,364,0,9.3,65,1515,0,23.3
75,Buffalo Bills,2008,12,16,30,464,1,63,15.5,75,1816,1,98,24.2,7412,32,16,18,187,0,10.4,63,1247,0,19.8
76,Detroit Lions,2008,13,16,21,168,0,27,8.0,83,1807,0,46,21.8,6669,11,16,51,414,2,8.1,57,1332,0,23.4
77,Houston Texans,2008,14,16,32,386,2,73,12.1,72,1550,0,50,21.5,8297,22,16,21,235,1,11.2,73,1630,0,22.3
78,Jacksonville Jaguars,2008,15,16,29,275,0,38,9.5,74,1678,0,51,22.7,7418,31,16,31,269,0,8.7,51,1015,0,19.9
79,Atlanta Falcons,2008,16,16,43,379,1,61,8.8,59,1408,0,92,23.9,7665,26,16,20,49,0,2.5,71,1536,0,21.6
80,Carolina Panthers,2008,17,16,42,453,0,55,10.8,60,1372,0,59,22.9,7622,17,16,41,276,1,6.7,59,1292,0,21.9
81,Washington Redskins,2008,18,16,45,378,1,80,8.4,55,1382,0,87,25.1,7160,27,16,33,385,2,11.7,55,1103,0,20.1
82,Cincinnati Bengals,2008,19,16,32,253,0,34,7.9,67,1551,0,60,23.1,6075,21,16,48,436,1,9.1,47,1059,0,22.5
83,New England Patriots,2008,20,16,36,371,0,44,10.3,62,1562,1,95,25.2,7992,29,16,11,158,0,14.4,75,1672,2,22.3
84,Minnesota Vikings,2008,21,16,34,273,1,82,8.0,61,1369,0,49,22.4,7262,1,16,42,624,4,14.9,78,1830,0,23.5
85,New York Giants,2008,22,16,39,337,0,50,8.6,55,1284,0,83,23.3,7504,9,16,24,140,0,5.8,85,1912,0,22.5
86,Baltimore Ravens,2008,23,16,44,378,0,46,8.6,50,1007,0,39,20.1,6892,3,16,38,245,0,6.4,76,1720,2,22.6
87,Pittsburgh Steelers,2008,24,16,41,247,0,35,6.0,50,1013,0,43,20.3,6561,6,16,40,247,0,6.2,71,1357,0,19.1
88,Denver Broncos,2008,25,16,20,196,0,36,9.8,71,1550,0,95,21.8,8199,24,16,28,330,1,11.8,63,1554,1,24.7
89,New York Jets,2008,26,16,29,303,0,37,10.4,61,1407,1,94,23.1,7269,16,16,29,288,0,9.9,73,1568,0,21.5
90,New Orleans Saints,2008,27,16,26,310,3,71,11.9,62,1496,0,88,24.1,8448,7,16,34,363,0,10.7,76,1827,1,24.0
91,Miami Dolphins,2008,28,16,28,285,0,27,10.2,60,1213,0,60,20.2,7140,13,16,37,485,2,13.1,68,1655,0,24.3
92,San Diego Chargers,2008,29,16,26,269,0,43,10.3,62,1485,1,103,24.0,7591,8,16,23,146,0,6.3,86,1943,1,22.6
93,Cleveland Browns,2008,30,16,30,251,0,32,8.4,58,1312,1,92,22.6,5690,30,16,32,235,0,7.3,53,1228,1,23.2
94,Tennessee Titans,2008,31,16,34,329,0,44,9.7,52,1319,0,52,25.4,6731,23,16,32,290,0,9.1,61,1524,0,25.0
95,Indianapolis Colts,2008,32,16,22,132,0,25,6.0,63,1312,0,46,20.8,7008,19,16,27,249,0,9.2,70,1700,0,24.3
96,Detroit Lions,2009,1,16,28,233,0,43,8.3,96,2050,0,87,21.4,7433,15,16,41,354,0,8.6,58,1353,1,23.3
97,Chicago Bears,2009,2,16,39,330,1,49,8.5,80,1999,1,102,25.0,7537,17,16,34,272,0,8.0,64,1552,0,24.3
98,St. Louis Rams,2009,3,16,37,395,0,56,10.7,76,1764,0,58,23.2,6910,30,16,41,260,0,6.3,43,1032,1,24.0
99,Kansas City Chiefs,2009,4,16,32,209,0,19,6.5,77,1666,1,97,21.6,6919,14,16,40,285,0,7.1,60,1446,2,24.1
100,Houston Texans,2009,5,16,45,449,0,62,10.0,64,1449,1,95,22.6,8249,21,16,24,104,0,4.3,71,1597,0,22.5
101,Miami Dolphins,2009,6,16,33,237,0,22,7.2,75,1739,2,101,23.2,7623,6,16,43,369,0,8.6,71,1557,0,21.9
102,Cleveland Browns,2009,7,16,39,456,1,67,11.7,69,1670,3,103,24.2,6449,22,16,40,262,0,6.6,52,984,0,18.9
103,New York Giants,2009,8,16,36,393,1,79,10.9,71,1482,0,68,20.9,8031,12,16,28,258,1,9.2,77,1619,0,21.0
104,Seattle Seahawks,2009,9,16,46,346,0,29,7.5,60,1316,0,46,21.9,7114,25,16,43,479,1,11.1,46,1059,0,23.0
105,Minnesota Vikings,2009,10,16,48,455,0,36,9.5,56,1297,2,101,23.2,8117,1,16,33,260,1,7.9,91,2060,0,22.6
106,Cincinnati Bengals,2009,11,16,40,474,0,60,11.9,62,1356,1,96,21.9,7087,19,16,39,393,0,10.1,58,1289,0,22.2
107,Oakland Raiders,2009,12,16,36,177,0,19,4.9,66,1199,0,60,18.2,5953,11,16,63,459,0,7.3,42,1078,1,25.7
108,Tampa Bay Buccaneers,2009,13,16,40,462,1,77,11.6,62,1630,1,97,26.3,6898,31,16,38,311,0,8.2,46,878,0,19.1
109,Pittsburgh Steelers,2009,14,16,36,290,0,25,8.1,66,1581,0,83,24.0,8242,10,16,33,325,0,9.8,74,1795,4,24.3
110,Tennessee Titans,2009,15,16,33,220,0,18,6.7,69,1417,0,56,20.5,7300,13,16,29,208,0,7.2,71,1714,1,24.1
111,Denver Broncos,2009,16,16,44,419,1,71,9.5,57,1217,1,93,21.4,7387,28,16,36,363,1,10.1,49,1115,1,22.8
112,San Francisco 49ers,2009,17,16,49,216,0,18,4.4,52,1135,0,76,21.8,6283,2,16,57,495,0,8.7,65,1415,1,21.8
113,Arizona Cardinals,2009,18,16,45,308,0,64,6.8,54,1284,1,99,23.8,7297,9,16,47,493,0,10.5,61,1248,0,20.5
114,Baltimore Ravens,2009,19,16,39,290,0,34,7.4,59,1547,1,95,26.2,7690,5,16,38,287,1,7.6,77,1565,0,20.3
115,Washington Redskins,2009,20,16,32,152,0,43,4.8,65,1413,0,42,21.7,6861,26,16,32,220,0,6.9,56,1104,0,19.7
116,Buffalo Bills,2009,21,16,33,218,0,31,6.6,64,1517,0,71,23.7,6402,8,16,49,377,0,7.7,59,1271,0,21.5
117,New York Jets,2009,22,16,50,457,0,37,9.1,44,1074,1,106,24.4,6969,18,16,27,238,0,8.8,70,1685,2,24.1
118,Philadelphia Eagles,2009,23,16,35,471,2,85,13.5,58,1191,0,63,20.5,7740,3,16,39,229,0,5.9,81,1907,0,23.5
119,Jacksonville Jaguars,2009,24,16,27,233,0,44,8.6,66,1492,0,43,22.6,7361,27,16,38,159,0,4.2,47,1069,1,22.7
120,New England Patriots,2009,25,16,38,432,0,69,11.4,54,1226,0,52,22.7,8119,24,16,20,180,0,9.0,70,1705,0,24.4
121,New Orleans Saints,2009,26,16,33,152,0,23,4.6,57,1393,1,97,24.4,8205,16,16,25,358,1,14.3,74,1813,0,24.5
122,San Diego Chargers,2009,27,16,26,183,1,77,7.0,63,1442,0,66,22.9,7638,7,16,23,265,1,11.5,87,1909,1,21.9
123,Green Bay Packers,2009,28,16,34,236,0,45,6.9,54,1193,0,54,22.1,7852,4,16,40,403,0,10.1,80,1824,0,22.8
124,Dallas Cowboys,2009,29,16,39,426,2,82,10.9,47,1032,0,41,22.0,8054,29,16,38,314,1,8.3,47,967,0,20.6
125,Carolina Panthers,2009,30,16,34,282,0,37,8.3,51,1015,0,55,19.9,6869,23,16,41,452,1,11.0,51,1267,1,24.8
126,Indianapolis Colts,2009,31,16,29,151,0,22,5.2,55,1219,1,93,22.2,7295,20,16,36,301,0,8.4,60,1519,1,25.3
127,Atlanta Falcons,2009,32,16,27,270,0,28,10.0,55,1336,0,62,24.3,7249,32,16,27,289,1,10.7,46,945,0,20.5
128,Arizona Cardinals,2010,1,16,42,294,0,25,7.0,84,2084,2,102,24.8,7132,29,16,35,458,0,13.1,51,1234,0,24.2
129,Oakland Raiders,2010,2,16,55,386,0,53,7.0,68,1532,3,101,22.5,7965,9,16,46,400,0,8.7,61,1412,1,23.1
130,New York Jets,2010,3,16,56,529,0,32,9.4,63,1588,2,97,25.2,7940,17,16,27,299,0,11.1,73,1428,0,19.6
131,Jacksonville Jaguars,2010,4,16,36,359,1,78,10.0,80,1903,0,65,23.8,8043,31,16,19,123,0,6.5,59,1266,1,21.5
132,St. Louis Rams,2010,5,16,40,452,0,42,11.3,74,1614,0,84,21.8,7268,5,16,45,435,1,9.7,65,1538,1,23.7
133,Washington Redskins,2010,6,16,40,432,0,53,10.8,73,1680,1,96,23.0,7837,11,16,45,568,1,12.6,61,1160,0,19.0
134,Carolina Panthers,2010,7,16,39,373,0,37,9.6,74,1619,0,64,21.9,6432,18,16,54,488,1,9.0,45,1064,0,23.6
135,Kansas City Chiefs,2010,8,16,52,524,1,94,10.1,58,1140,0,36,19.7,7497,7,16,42,361,0,8.6,66,1336,1,20.2
136,Seattle Seahawks,2010,9,16,42,468,0,84,11.1,65,1558,3,101,24.0,6968,30,16,35,327,1,9.3,50,1099,0,22.0
137,Cincinnati Bengals,2010,10,16,36,258,0,27,7.2,71,1551,0,60,21.8,7385,26,16,26,124,0,4.8,64,1504,2,23.5
138,Minnesota Vikings,2010,11,16,42,361,0,52,8.6,64,1427,1,95,22.3,7047,22,16,32,241,1,7.5,61,1455,1,23.9
139,Green Bay Packers,2010,12,16,41,325,0,52,7.9,62,1249,0,51,20.1,7567,10,16,31,341,1,11.0,76,1658,0,21.8
140,Houston Texans,2010,13,16,35,235,0,39,6.7,67,1326,0,50,19.8,7970,14,16,29,233,0,8.0,72,1741,1,24.2
141,Buffalo Bills,2010,14,16,32,336,0,34,10.5,69,1458,1,95,21.1,6943,28,16,32,299,0,9.3,57,1238,0,21.7
142,New York Giants,2010,15,16,43,263,0,22,6.1,57,1082,0,42,19.0,7577,3,16,36,535,2,14.9,77,1515,0,19.7
143,Philadelphia Eagles,2010,16,16,38,404,1,65,10.6,62,1272,0,46,20.5,8265,13,16,34,309,0,9.1,69,1502,0,21.8
144,Dallas Cowboys,2010,17,16,24,382,3,97,15.9,74,1572,0,43,21.2,7938,27,16,33,205,0,6.2,56,1363,1,24.3
145,Indianapolis Colts,2010,18,16,31,214,0,18,6.9,67,1310,1,41,19.6,7712,16,16,28,299,1,10.7,73,1880,1,25.8
146,Baltimore Ravens,2010,19,16,43,319,0,35,7.4,55,1357,1,103,24.7,7128,32,16,34,275,0,8.1,38,987,0,26.0
147,San Diego Chargers,2010,20,16,40,420,0,62,10.5,56,1342,0,45,24.0,8317,4,16,28,528,1,18.9,84,1880,3,22.4
148,San Francisco 49ers,2010,21,16,31,366,1,78,11.8,61,1187,0,61,19.5,6799,2,16,54,483,0,8.9,67,1485,1,22.2
149,Chicago Bears,2010,22,16,33,564,3,89,17.1,59,1497,0,79,25.4,7075,19,16,39,303,1,7.8,59,1404,0,23.8
150,Cleveland Browns,2010,23,16,22,235,0,62,10.7,70,1191,0,37,17.0,6288,21,16,40,285,0,7.1,54,959,0,17.8
151,Detroit Lions,2010,24,16,30,362,0,71,12.1,61,1519,1,105,24.9,7529,1,16,54,633,1,11.7,72,1487,1,20.7
152,Tennessee Titans,2010,25,16,27,329,1,87,12.2,64,1556,1,98,24.3,6872,25,16,35,214,0,6.1,56,1389,1,24.8
153,Denver Broncos,2010,26,16,31,323,0,33,10.4,59,1435,1,97,24.3,7657,15,16,50,550,0,11.0,51,1259,1,24.7
154,Tampa Bay Buccaneers,2010,27,16,30,193,0,23,6.4,57,1386,1,89,24.3,7148,8,16,32,232,0,7.3,75,1554,1,20.7
155,Pittsburgh Steelers,2010,28,16,37,226,0,38,6.1,49,1153,1,89,23.5,7206,6,16,32,294,0,9.2,77,1540,1,20.0
156,Miami Dolphins,2010,29,16,28,293,0,47,10.5,56,1199,0,46,21.4,6848,20,16,43,454,1,10.6,53,1303,2,24.6
157,New England Patriots,2010,30,16,27,361,1,94,13.4,56,1231,2,103,22.0,7678,12,16,25,179,0,7.2,81,1826,1,22.5
158,New Orleans Saints,2010,31,16,27,210,0,72,7.8,52,1181,0,39,22.7,7570,23,16,26,310,0,11.9,66,1592,0,24.1
159,Atlanta Falcons,2010,32,16,19,230,1,55,12.1,46,1221,1,102,26.5,7075,24,16,28,241,0,8.6,64,1362,1,21.3
160,New York Jets,2011,1,16,44,426,0,53,9.7,62,1633,1,107,26.3,7299,5,16,32,241,0,7.5,61,1291,0,21.2
161,Cincinnati Bengals,2011,2,16,53,610,1,63,11.5,45,1026,0,45,22.8,6985,16,16,38,273,1,7.2,44,916,0,20.8
162,Arizona Cardinals,2011,3,16,46,696,4,99,15.1,52,1246,0,51,24.0,7521,1,16,50,610,1,12.2,52,1300,0,25.0
163,Washington Redskins,2011,4,16,37,328,0,55,8.9,56,1239,0,47,22.1,7234,25,16,34,255,0,7.5,36,749,0,20.8
164,Seattle Seahawks,2011,5,16,42,464,0,37,11.0,46,1142,0,54,24.8,6833,4,16,47,541,2,11.5,48,1249,1,26.0
165,Chicago Bears,2011,6,16,30,470,2,82,15.7,57,1238,1,98,21.7,7096,20,16,41,223,0,5.4,35,855,0,24.4
166,Minnesota Vikings,2011,7,16,33,277,0,53,8.4,53,1428,1,104,26.9,7312,2,16,43,532,1,12.4,57,1403,1,24.6
167,Kansas City Chiefs,2011,8,16,40,475,0,37,11.9,46,979,0,35,21.3,6628,30,16,36,411,1,11.4,25,605,0,24.2
168,Denver Broncos,2011,9,16,47,596,2,90,12.7,39,956,0,67,24.5,6906,24,16,51,585,1,11.5,20,491,0,24.6
169,Cleveland Browns,2011,10,16,38,423,1,84,11.1,48,1134,0,63,23.6,6387,22,16,26,303,1,11.7,46,1055,1,22.9
170,Miami Dolphins,2011,11,16,46,526,0,25,11.4,39,942,0,77,24.2,6845,8,16,46,442,0,9.6,41,937,0,22.9
171,New England Patriots,2011,12,16,38,393,1,72,10.3,46,986,0,37,21.4,8393,10,16,26,220,0,8.5,60,1294,0,21.6
172,San Francisco 49ers,2011,13,16,44,544,1,55,12.4,39,1060,1,102,27.2,6856,12,16,39,315,0,8.1,46,1061,0,23.1
173,St. Louis Rams,2011,14,16,27,297,1,88,11.0,55,1280,0,47,23.3,6485,18,16,45,552,2,12.3,36,902,0,25.1
174,Jacksonville Jaguars,2011,15,16,34,148,0,28,4.4,47,1055,0,37,22.4,5668,21,16,48,333,0,6.9,26,632,0,24.3
175,Houston Texans,2011,16,16,51,529,1,79,10.4,29,730,0,50,25.2,7387,19,16,32,307,0,9.6,46,1030,0,22.4
176,New York Giants,2011,17,16,28,171,0,18,6.1,52,1209,0,40,23.3,7808,9,16,41,407,0,9.9,46,1053,0,22.9
177,Tennessee Titans,2011,18,16,47,490,1,79,10.4,32,832,1,84,26.0,6875,28,16,36,221,0,6.1,30,680,0,22.7
178,Baltimore Ravens,2011,19,16,36,345,1,68,9.6,42,1047,0,77,24.9,7070,26,16,33,392,2,11.9,36,1050,1,29.2
179,Detroit Lions,2011,20,16,38,301,0,28,7.9,37,887,0,42,24.0,7809,11,16,36,484,1,13.4,49,1255,1,25.6
180,Tampa Bay Buccaneers,2011,21,16,29,231,0,34,8.0,46,1024,0,78,22.3,6539,31,16,36,266,0,7.4,25,570,1,22.8
181,Oakland Raiders,2011,22,16,32,264,0,34,8.3,43,1011,1,101,23.5,7503,6,16,44,593,2,13.5,47,1210,1,25.7
182,San Diego Chargers,2011,23,16,31,264,0,31,8.5,43,1100,1,105,25.6,7928,15,16,25,329,0,13.2,57,1451,1,25.5
183,Dallas Cowboys,2011,24,16,41,293,0,25,7.1,33,768,0,69,23.3,7315,14,16,30,278,0,9.3,52,1114,0,21.4
184,New Orleans Saints,2011,25,16,29,294,1,72,10.1,42,1111,0,92,26.5,9052,32,16,19,118,0,6.2,36,927,1,25.8
185,Carolina Panthers,2011,26,16,32,176,0,17,5.5,39,926,1,101,23.7,7595,29,16,35,466,3,13.3,30,811,0,27.0
186,Philadelphia Eagles,2011,27,16,30,212,0,51,7.1,39,815,0,33,20.9,7721,17,16,31,176,0,5.7,51,1178,0,23.1
187,Pittsburgh Steelers,2011,28,16,33,347,1,60,10.5,35,877,0,52,25.1,7468,23,16,29,245,0,8.4,43,1018,0,23.7
188,Green Bay Packers,2011,29,16,27,295,1,80,10.9,41,1005,1,108,24.5,8051,13,16,24,305,1,12.7,59,1378,0,23.4
189,Indianapolis Colts,2011,30,16,32,108,0,21,3.4,31,578,0,51,18.6,5546,27,16,48,554,1,11.5,19,584,0,30.7
190,Buffalo Bills,2011,31,16,26,329,1,80,12.7,37,853,0,54,23.1,6953,3,16,43,494,0,11.5,56,1144,0,20.4
191,Atlanta Falcons,2011,32,16,33,315,0,42,9.5,24,563,0,37,23.5,7181,7,16,31,150,0,4.8,60,1487,0,24.8
192,Baltimore Ravens,2012,1,16,43,404,1,63,9.4,60,1636,2,108,27.3,7983,6,16,49,383,0,7.8,37,859,0,23.2
193,Tennessee Titans,2012,2,16,31,475,3,81,15.3,63,1489,1,105,23.6,7300,26,16,39,405,0,10.4,33,860,1,26.1
194,Arizona Cardinals,2012,3,16,54,441,0,26,8.2,40,930,0,65,23.3,6113,13,16,48,415,0,8.6,32,846,0,26.4
195,Kansas City Chiefs,2012,4,16,43,375,0,27,8.7,49,1059,0,41,21.6,6834,32,16,27,362,2,13.4,27,690,0,25.6
196,Chicago Bears,2012,5,16,44,333,0,44,7.6,47,929,0,40,19.8,6557,31,16,25,84,0,3.4,37,767,0,20.7
197,Cleveland Browns,2012,6,16,41,606,1,93,14.8,50,1269,0,74,25.4,7154,18,16,34,343,1,10.1,43,853,0,19.8
198,Philadelphia Eagles,2012,7,16,30,310,1,98,10.3,60,1259,0,44,21.0,7463,12,16,40,542,1,13.6,41,1012,0,24.7
199,Cincinnati Bengals,2012,8,16,47,488,1,81,10.4,41,928,0,45,22.6,7010,4,16,27,210,0,7.8,60,1468,1,24.5
200,Jacksonville Jaguars,2012,9,16,34,248,0,28,7.3,53,1114,0,38,21.0,6475,14,16,40,495,2,12.4,39,1009,0,25.9
201,San Francisco 49ers,2012,10,16,36,378,0,38,10.5,49,1216,0,94,24.8,7774,10,16,36,249,1,6.9,48,1289,0,26.9
202,Pittsburgh Steelers,2012,11,16,41,300,0,63,7.3,43,1086,0,68,25.3,6946,20,16,30,306,1,10.2,46,1103,0,24.0
203,New York Giants,2012,12,16,20,144,0,18,7.2,63,1648,1,97,26.2,7727,2,16,38,353,0,9.3,70,1662,0,23.7
204,Houston Texans,2012,13,16,38,414,0,71,10.9,44,953,0,54,21.7,7574,1,16,48,483,1,10.1,62,1595,2,25.7
205,New England Patriots,2012,14,16,42,506,1,68,12.0,38,807,1,104,21.2,8415,11,16,23,154,0,6.7,60,1229,0,20.5
206,Green Bay Packers,2012,15,16,36,395,1,75,11.0,43,1074,0,46,25.0,7553,21,16,24,179,0,7.5,51,1193,0,23.4
207,Denver Broncos,2012,16,16,49,445,1,76,9.1,28,646,1,105,23.1,7671,28,16,33,197,0,6.0,34,751,0,22.1
208,Oakland Raiders,2012,17,16,34,173,0,47,5.1,42,935,0,51,22.3,6771,22,16,45,450,0,10.0,30,868,2,28.9
209,Minnesota Vikings,2012,18,16,32,287,1,77,9.0,44,1171,1,105,26.6,7027,24,16,41,341,0,8.3,33,795,0,24.1
210,New Orleans Saints,2012,19,16,25,190,0,37,7.6,51,1266,0,75,24.8,8222,25,16,31,391,0,12.6,42,1049,1,25.0
211,St. Louis Rams,2012,20,16,37,245,0,23,6.6,38,799,0,48,21.0,6546,27,16,41,402,0,9.8,30,730,0,24.3
212,Washington Redskins,2012,21,16,36,335,0,64,9.3,38,892,0,55,23.5,7660,3,16,39,320,0,8.2,55,1264,0,23.0
213,New York Jets,2012,22,16,23,238,1,68,10.3,50,1308,1,100,26.2,6688,7,16,31,375,1,12.1,54,1184,1,21.9
214,San Diego Chargers,2012,23,16,33,320,1,63,9.7,40,957,1,99,23.9,6342,9,16,40,362,0,9.1,45,1017,0,22.6
215,Miami Dolphins,2012,24,16,31,346,1,72,11.2,40,1082,1,96,27.1,6668,17,16,43,484,1,11.3,35,868,1,24.8
216,Indianapolis Colts,2012,25,16,28,312,1,75,11.1,43,957,1,101,22.3,7315,30,16,32,375,1,11.7,34,841,0,24.7
217,Seattle Seahawks,2012,26,16,42,355,0,52,8.5,29,787,1,98,27.1,6985,15,16,29,252,0,8.7,50,1147,0,22.9
218,Dallas Cowboys,2012,27,16,34,420,1,78,12.4,36,741,0,44,20.6,7462,16,16,29,279,1,9.6,50,1102,1,22.0
219,Detroit Lions,2012,28,16,35,302,0,48,8.6,34,681,0,40,20.0,7728,8,16,33,328,2,9.9,52,1213,2,23.3
220,Buffalo Bills,2012,29,16,26,445,2,88,17.1,42,1136,1,89,27.0,7221,5,16,35,517,2,14.8,51,1144,1,22.4
221,Tampa Bay Buccaneers,2012,30,16,36,324,0,39,9.0,31,630,0,55,20.3,6928,29,16,40,440,0,11.0,27,680,0,25.2
222,Carolina Panthers,2012,31,16,27,276,0,69,10.2,39,867,0,35,22.2,7161,19,16,37,318,1,8.6,39,739,0,18.9
223,Atlanta Falcons,2012,32,16,26,205,0,28,7.9,27,640,0,77,23.7,7028,23,16,26,241,0,9.3,48,1065,0,22.2
224,Kansas City Chiefs,2013,1,16,59,695,2,89,11.8,44,1316,2,108,29.9,7637,12,16,38,246,0,6.5,43,1048,0,24.4
225,Houston Texans,2013,2,16,42,360,1,87,8.6,51,1257,0,50,24.6,7533,9,16,43,530,1,12.3,39,1004,0,25.7
226,Minnesota Vikings,2013,3,16,22,335,1,86,15.2,66,1646,2,109,24.9,7759,17,16,36,318,1,8.8,41,1113,1,27.1
227,Chicago Bears,2013,4,16,18,256,1,81,14.2,70,1614,0,80,23.1,8180,25,16,15,111,0,7.4,47,883,1,18.8
228,Baltimore Ravens,2013,5,16,43,609,1,82,14.2,44,1163,1,77,26.4,7001,8,16,46,419,0,9.1,38,873,0,23.0
229,Washington Redskins,2013,6,16,35,225,0,34,6.4,51,1018,0,39,20.0,7510,6,16,39,655,3,16.8,47,1048,1,22.3
230,Cincinnati Bengals,2013,7,16,47,424,0,43,9.0,39,980,0,71,25.1,7625,15,16,27,254,1,9.4,52,1219,0,23.4
231,Seattle Seahawks,2013,8,16,52,579,0,71,11.1,33,698,0,58,21.2,6970,24,16,21,82,0,3.9,44,1056,0,24.0
232,Denver Broncos,2013,9,16,44,343,1,81,7.8,39,974,1,105,25.0,8837,27,16,28,274,0,9.8,32,936,1,29.3
233,St. Louis Rams,2013,10,16,43,378,1,98,8.8,37,835,0,32,22.6,6483,31,16,30,79,0,2.6,25,544,0,21.8
234,Oakland Raiders,2013,11,16,25,206,0,30,8.2,54,1201,0,41,22.2,7147,19,16,42,438,1,10.4,30,613,1,20.4
235,New York Giants,2013,12,16,34,246,0,32,7.2,44,933,0,56,21.2,6362,11,16,48,655,3,13.6,33,721,0,21.8
236,Cleveland Browns,2013,13,16,38,418,1,79,11.0,40,931,0,86,23.3,7092,23,16,38,357,0,9.4,27,612,0,22.7
237,Indianapolis Colts,2013,14,16,33,326,0,51,9.9,43,1011,0,39,23.5,7080,21,16,29,396,1,13.7,43,1085,0,25.2
238,Miami Dolphins,2013,15,16,34,264,0,34,7.8,42,901,0,50,21.5,6546,16,16,42,407,0,9.7,36,826,0,22.9
239,Dallas Cowboys,2013,16,16,31,386,1,86,12.5,45,1147,0,90,25.5,7369,18,16,37,339,0,9.2,38,791,0,20.8
240,New England Patriots,2013,17,16,36,387,0,43,10.8,39,935,0,83,24.0,7769,26,16,29,221,0,7.6,32,664,0,20.8
241,Tennessee Titans,2013,18,16,31,240,0,35,7.7,44,1096,0,95,24.9,6982,14,16,35,210,0,6.0,45,1099,0,24.4
242,Pittsburgh Steelers,2013,19,16,32,409,1,67,12.8,43,962,0,46,22.4,7147,4,16,35,313,0,8.9,55,1233,0,22.4
243,Detroit Lions,2013,20,16,38,392,1,58,10.3,34,816,1,98,24.0,7614,22,16,32,250,0,7.8,35,924,0,26.4
244,Jacksonville Jaguars,2013,21,16,30,142,0,17,4.7,41,1060,0,59,25.9,6225,20,16,47,330,0,7.0,25,509,0,20.4
245,New York Jets,2013,22,16,25,224,0,24,9.0,45,1021,0,42,22.7,6640,7,16,43,488,0,11.3,42,938,0,22.3
246,Green Bay Packers,2013,23,16,30,339,1,93,11.3,39,791,0,70,20.3,7879,10,16,20,261,0,13.1,61,1583,1,26.0
247,San Francisco 49ers,2013,24,16,35,312,0,40,8.9,32,726,0,47,22.7,6507,2,16,38,330,0,8.7,54,1104,1,20.4
248,Philadelphia Eagles,2013,25,16,26,171,0,32,6.6,37,790,0,47,21.4,7929,13,16,28,223,1,8.0,52,1229,2,23.6
249,Buffalo Bills,2013,26,16,39,243,0,25,6.2,23,469,0,28,20.4,6470,1,16,45,477,1,10.6,48,1122,0,23.4
250,Arizona Cardinals,2013,27,16,34,198,0,22,5.8,27,540,0,46,20.0,6626,5,16,36,321,0,8.9,54,1298,0,24.0
251,Carolina Panthers,2013,28,16,30,316,0,41,10.5,28,612,0,38,21.9,6322,32,16,36,335,0,9.3,18,407,0,22.6
252,Tampa Bay Buccaneers,2013,29,16,24,268,0,52,11.2,34,811,0,44,23.9,5868,28,16,35,393,0,11.2,24,452,0,18.8
253,Atlanta Falcons,2013,30,16,30,250,0,25,8.3,27,659,0,40,24.4,6761,30,16,33,251,0,7.6,23,571,0,24.8
254,San Diego Chargers,2013,31,16,22,166,0,28,7.5,32,707,0,42,22.1,7339,3,16,19,158,0,8.3,73,1797,0,24.6
255,New Orleans Saints,2013,32,16,32,194,0,28,6.1,22,506,0,82,23.0,7376,29,16,24,180,0,7.5,33,830,0,25.2
256,Kansas City Chiefs,2014,1,16,50,605,1,81,12.1,51,1430,1,99,28.0,7366,3,16,29,190,0,6.6,54,1293,0,23.9
257,New York Jets,2014,2,16,43,273,0,41,6.3,58,1342,0,87,23.1,7076,10,16,25,250,0,10.0,51,1110,0,21.8
258,Cincinnati Bengals,2014,3,16,40,436,0,49,10.9,45,1241,0,97,27.6,7370,11,16,30,226,1,7.5,44,1123,0,25.5
259,Oakland Raiders,2014,4,16,37,261,0,27,7.1,47,1027,0,42,21.9,5976,22,16,47,513,1,10.9,21,683,0,32.5
260,Indianapolis Colts,2014,5,16,45,312,0,22,6.9,38,1065,0,76,28.0,8093,28,16,35,205,0,5.9,26,587,0,22.6
261,St. Louis Rams,2014,6,16,37,482,2,90,13.0,45,1099,0,75,24.4,6915,26,16,28,192,0,6.9,35,849,1,24.3
262,Minnesota Vikings,2014,7,16,27,297,0,35,11.0,54,1173,0,51,21.7,6819,24,16,39,255,0,6.5,28,579,0,20.7
263,San Francisco 49ers,2014,8,16,35,227,0,23,6.5,45,1104,0,57,24.5,6943,9,16,36,336,1,9.3,40,907,0,22.7
264,Jacksonville Jaguars,2014,9,16,37,264,0,23,7.1,43,1033,0,40,24.0,6424,14,16,52,464,0,8.9,22,516,0,23.5
265,Tennessee Titans,2014,10,16,30,207,0,48,6.9,48,1121,0,52,23.4,6594,12,16,43,350,0,8.1,31,855,1,27.6
266,Chicago Bears,2014,11,16,21,109,0,22,5.2,55,1290,1,101,23.5,6865,23,16,33,335,1,10.2,35,614,0,17.5
267,Seattle Seahawks,2014,12,16,36,252,0,38,7.0,39,820,0,47,21.0,7306,29,16,17,195,1,11.5,43,1035,0,24.1
268,Denver Broncos,2014,13,16,41,296,0,22,7.2,32,802,0,77,25.1,7674,20,16,33,371,1,11.2,35,905,0,25.9
269,New York Giants,2014,14,16,29,224,0,25,7.7,44,1025,0,45,23.3,7324,17,16,37,391,1,10.6,32,587,0,18.3
270,Philadelphia Eagles,2014,15,16,41,531,2,82,13.0,32,874,2,107,27.3,8049,6,16,29,238,1,8.2,52,1183,0,22.8
271,New England Patriots,2014,16,16,41,431,1,84,10.5,31,693,0,81,22.4,7164,13,16,29,267,0,9.2,45,955,0,21.2
272,Buffalo Bills,2014,17,16,37,354,1,75,9.6,33,770,1,102,23.3,6505,16,16,38,246,0,6.5,32,639,0,20.0
273,Baltimore Ravens,2014,18,16,32,292,0,45,9.1,38,1077,1,108,28.3,7420,31,16,23,166,0,7.2,26,601,0,23.1
274,Atlanta Falcons,2014,19,16,18,239,1,68,13.3,50,1174,0,66,23.5,7791,27,16,26,250,0,9.6,36,820,0,22.8
275,Pittsburgh Steelers,2014,20,16,32,321,1,71,10.0,35,758,0,41,21.7,7811,5,16,27,220,0,8.1,54,1249,1,23.1
276,Carolina Panthers,2014,21,16,30,239,1,79,8.0,37,805,0,49,21.8,6923,32,16,28,435,1,15.5,18,584,0,32.4
277,Miami Dolphins,2014,22,16,25,204,0,32,8.2,41,1082,0,74,26.4,7270,4,16,36,349,0,9.7,46,1237,1,26.9
278,Washington Redskins,2014,23,16,29,208,0,37,7.2,36,783,0,45,21.8,7159,2,16,42,397,1,9.5,43,1111,1,25.8
279,Cleveland Browns,2014,24,16,27,181,0,37,6.7,37,801,0,39,21.6,6410,15,16,42,295,0,7.0,31,695,0,22.4
280,Dallas Cowboys,2014,25,16,30,275,0,38,9.2,33,790,0,42,23.9,7434,21,16,25,240,0,9.6,43,921,0,21.4
281,Tampa Bay Buccaneers,2014,26,16,23,249,0,53,10.8,36,819,0,45,22.8,6051,19,16,32,185,1,5.8,37,868,0,23.5
282,Green Bay Packers,2014,27,16,29,333,2,75,11.5,29,555,0,41,19.1,7287,7,16,22,191,1,8.7,58,1421,1,24.5
283,Detroit Lions,2014,28,16,32,284,0,28,8.9,25,612,0,41,24.5,6637,30,16,30,311,1,10.4,20,544,0,27.2
284,Houston Texans,2014,29,16,34,208,0,21,6.1,20,422,0,41,21.1,6353,8,16,32,396,0,12.4,45,1169,0,26.0
285,San Diego Chargers,2014,30,16,23,203,0,58,8.8,26,577,0,35,22.2,6491,1,16,35,366,0,10.5,67,1488,0,22.2
286,Arizona Cardinals,2014,31,16,26,277,1,71,10.7,22,417,0,43,19.0,6015,18,16,32,284,0,8.9,37,967,0,26.1
287,New Orleans Saints,2014,32,16,19,134,0,32,7.1,21,543,0,99,25.9,7425,25,16,24,99,0,4.1,39,1029,0,26.4
288,Oakland Raiders,2015,1,16,42,272,0,22,6.5,53,1268,0,70,23.9,7126,24,16,30,201,0,6.7,35,795,1,22.7
289,New York Jets,2015,2,16,49,422,0,58,8.6,37,771,0,54,20.8,7231,2,16,37,470,2,12.7,49,1168,0,23.8
290,Miami Dolphins,2015,3,16,41,424,1,69,10.3,43,958,0,50,22.3,7109,13,16,50,526,0,10.5,23,508,0,22.1
291,Indianapolis Colts,2015,4,16,39,268,0,33,6.9,43,1047,0,60,24.3,6681,32,16,36,386,3,10.7,8,156,0,19.5
292,Kansas City Chiefs,2015,5,16,45,355,0,37,7.9,35,791,0,54,22.6,6683,14,16,26,170,0,6.5,46,1137,0,24.7
293,Cincinnati Bengals,2015,6,16,43,350,0,35,8.1,34,700,0,58,20.6,6959,6,16,32,203,0,6.3,46,1041,0,22.6
294,Seattle Seahawks,2015,7,16,42,450,1,66,10.7,34,868,1,105,25.5,7647,15,16,29,382,1,13.2,42,1073,1,25.5
295,Minnesota Vikings,2015,8,16,34,311,1,65,9.1,42,1190,2,101,28.3,6958,18,16,29,152,0,5.2,40,1043,0,26.1
296,New York Giants,2015,9,16,36,367,1,80,10.2,39,971,1,100,24.9,7451,3,16,30,300,0,10.0,54,1095,1,20.3
297,Baltimore Ravens,2015,10,16,40,450,1,82,11.3,34,857,0,50,25.2,7234,31,16,35,176,0,5.0,9,229,0,25.4
298,St. Louis Rams,2015,11,16,39,300,1,75,7.7,35,830,0,102,23.7,6017,22,16,40,289,1,7.2,27,605,0,22.4
299,Detroit Lions,2015,12,16,30,209,0,28,7.0,44,1220,0,104,27.7,7227,10,16,43,263,0,6.1,33,814,0,24.7
300,Washington Redskins,2015,13,16,32,153,0,16,4.8,40,999,2,101,25.0,7012,28,16,30,258,1,8.6,29,582,0,20.1
301,San Francisco 49ers,2015,14,16,30,226,0,37,7.5,42,993,0,40,23.6,6409,23,16,44,283,0,6.4,23,591,0,25.7
302,New England Patriots,2015,15,16,47,473,0,82,10.1,25,469,0,75,18.8,7158,20,16,39,347,1,8.9,29,533,0,18.4
303,Buffalo Bills,2015,16,16,31,232,0,27,7.5,41,772,0,32,18.8,7036,4,16,40,353,0,8.8,40,688,0,17.2
304,Tennessee Titans,2015,17,16,38,307,0,37,8.1,33,680,0,34,20.6,6365,17,16,47,605,1,12.9,22,599,0,27.2
305,Arizona Cardinals,2015,18,16,39,289,0,38,7.4,32,770,1,108,24.1,7751,11,16,25,295,0,11.8,49,1191,0,24.3
306,Houston Texans,2015,19,16,52,377,0,20,7.3,18,430,0,41,23.9,6617,1,16,60,612,0,10.2,40,977,0,24.4
307,Cleveland Browns,2015,20,16,29,325,1,78,11.2,41,1041,0,53,25.4,7051,5,16,37,381,1,10.3,42,894,0,21.3
308,Green Bay Packers,2015,21,16,31,167,0,16,5.4,36,881,0,70,24.5,6723,7,16,41,174,0,4.2,37,988,0,26.7
309,Philadelphia Eagles,2015,22,16,39,443,2,89,11.4,27,565,0,49,20.9,7092,9,16,42,215,0,5.1,34,705,0,20.7
310,Chicago Bears,2015,23,16,31,242,0,34,7.8,33,892,0,74,27.0,6831,19,16,30,229,1,7.6,39,983,2,25.2
311,Jacksonville Jaguars,2015,24,16,31,361,1,73,11.6,31,721,0,42,23.3,6983,21,16,45,462,0,10.3,23,553,0,24.0
312,Dallas Cowboys,2015,25,16,33,183,0,28,5.5,28,704,0,79,25.1,6455,30,16,24,162,0,6.8,23,549,1,23.9
313,New Orleans Saints,2015,26,16,32,275,1,74,8.6,28,605,0,38,21.6,7576,25,16,26,215,0,8.3,37,981,0,26.5
314,Pittsburgh Steelers,2015,27,16,28,231,1,71,8.3,29,701,0,38,24.2,7478,12,16,19,165,0,8.7,54,1201,0,22.2
315,Denver Broncos,2015,28,16,29,283,1,83,9.8,27,588,0,41,21.8,6805,27,16,36,247,0,6.9,25,508,0,20.3
316,Atlanta Falcons,2015,29,16,27,255,0,41,9.4,26,667,0,50,25.7,7130,29,16,28,272,0,9.7,22,599,0,27.2
317,Carolina Panthers,2015,30,16,30,282,0,37,9.4,22,407,0,33,18.5,6844,16,16,37,288,1,7.8,34,905,1,26.6
318,Tampa Bay Buccaneers,2015,31,16,29,288,0,58,9.9,21,506,0,38,24.1,6998,26,16,27,140,0,5.2,35,882,0,25.2
319,San Diego Chargers,2015,32,16,20,84,0,18,4.2,28,583,0,34,20.8,6880,8,16,44,432,0,9.8,32,880,0,27.5
320,Los Angeles Rams,2016,1,16,49,341,0,47,7.0,47,1122,0,61,23.9,6028,24,16,35,152,0,4.3,22,430,0,19.5
321,Kansas City Chiefs,2016,2,16,40,592,2,95,14.8,40,943,1,86,23.6,7197,12,16,30,157,0,5.2,35,843,0,24.1
322,Cincinnati Bengals,2016,3,16,38,246,0,24,6.5,39,1003,0,84,25.7,7224,5,16,38,369,0,9.7,40,891,0,22.3
323,Jacksonville Jaguars,2016,4,16,40,220,0,42,5.5,37,881,1,100,23.8,6657,32,16,31,389,1,12.5,13,273,0,21.0
324,New York Giants,2016,5,16,45,275,0,19,6.1,31,739,0,46,23.8,6453,7,16,37,302,0,8.2,32,730,0,22.8
325,New England Patriots,2016,6,16,45,309,0,30,6.9,29,542,0,73,18.7,7179,10,16,27,134,0,5.0,40,771,0,19.3
326,Miami Dolphins,2016,7,16,36,328,1,74,9.1,36,879,1,96,24.4,6747,9,16,37,300,0,8.1,31,632,0,20.4
327,New York Jets,2016,8,16,27,149,0,27,5.5,43,941,0,65,21.9,6537,14,16,35,319,0,9.1,29,665,1,22.9
328,Chicago Bears,2016,9,16,27,215,1,65,8.0,42,897,0,64,21.4,6986,22,16,22,282,1,12.8,36,777,0,21.6
329,Houston Texans,2016,10,16,39,427,1,67,10.9,30,557,0,39,18.6,6261,1,16,48,477,1,9.9,48,1135,1,23.6
330,Buffalo Bills,2016,11,16,28,314,0,43,11.2,39,829,0,45,21.3,7023,2,16,39,262,0,6.7,46,999,0,21.7
331,Oakland Raiders,2016,12,16,41,380,0,47,9.3,26,534,0,50,20.5,6973,4,16,33,405,1,12.3,45,896,0,19.9
332,Minnesota Vikings,2016,13,16,34,354,2,79,10.4,33,902,1,104,27.3,6580,13,16,26,209,0,8.0,38,980,1,25.8
333,Carolina Panthers,2016,14,16,29,202,0,19,7.0,37,828,0,59,22.4,6806,15,16,40,383,1,9.6,23,417,0,18.1
334,Seattle Seahawks,2016,15,16,30,249,0,62,8.3,35,808,0,46,23.1,7070,19,16,28,236,0,8.4,32,654,0,20.4
335,Cleveland Browns,2016,16,16,30,200,0,18,6.7,34,634,0,36,18.6,6239,6,16,45,376,0,8.4,24,510,0,21.3
336,Arizona Cardinals,2016,17,16,38,230,0,32,6.1,25,544,0,51,21.8,6931,18,16,33,310,0,9.4,29,671,1,23.1
337,Tennessee Titans,2016,18,16,30,236,0,18,7.9,33,629,0,37,19.1,6772,26,16,36,347,2,9.6,21,462,0,22.0
338,San Francisco 49ers,2016,19,16,23,216,0,33,9.4,38,749,0,41,19.7,6150,3,16,40,345,0,8.6,45,869,0,19.3
339,San Diego Chargers,2016,20,16,32,212,0,21,6.6,28,508,0,30,18.1,6616,29,16,33,282,1,8.5,21,504,0,24.0
340,Baltimore Ravens,2016,21,16,32,246,0,28,7.7,28,636,0,60,22.7,6688,20,16,33,375,1,11.4,27,559,0,20.7
341,Green Bay Packers,2016,22,16,26,235,0,55,9.0,32,631,0,40,19.7,7012,23,16,16,151,0,9.4,41,1080,1,26.3
342,Denver Broncos,2016,23,16,37,316,0,25,8.5,21,481,0,46,22.9,6195,11,16,40,271,0,6.8,26,526,1,20.2
343,Washington Redskins,2016,24,16,29,344,1,85,11.9,27,570,0,45,21.1,7558,30,16,27,222,0,8.2,25,534,1,21.4
344,Detroit Lions,2016,25,16,20,246,2,85,12.3,35,793,0,42,22.7,6676,21,16,35,210,0,6.0,23,494,0,21.5
345,Philadelphia Eagles,2016,26,16,19,246,0,66,12.9,35,956,2,98,27.3,6813,17,16,25,202,1,8.1,38,712,0,18.7
346,Indianapolis Colts,2016,27,16,22,182,0,30,8.3,32,804,1,99,25.1,7105,27,16,17,139,0,8.2,39,825,0,21.2
347,Dallas Cowboys,2016,28,16,28,198,0,39,7.1,24,492,0,33,20.5,6885,28,16,22,192,0,8.7,33,746,0,22.6
348,New Orleans Saints,2016,29,16,23,221,0,59,9.6,28,462,0,31,16.5,7683,8,16,29,237,0,8.2,40,898,0,22.5
349,Pittsburgh Steelers,2016,30,16,22,185,0,33,8.4,28,603,0,44,21.5,6925,25,16,28,269,0,9.6,29,717,0,24.7
350,Tampa Bay Buccaneers,2016,31,16,29,266,0,25,9.2,21,307,0,26,14.6,6354,31,16,24,128,0,5.3,25,583,0,23.3
351,Atlanta Falcons,2016,32,16,24,273,0,73,11.4,23,484,0,42,21.0,7645,16,16,23,221,0,9.6,40,905,0,22.6
352,Los Angeles Rams,2017,1,16,45,458,0,53,10.2,40,1001,1,103,25.0,7435,28,16,25,152,0,6.1,23,520,0,22.6
353,Kansas City Chiefs,2017,2,16,35,216,1,82,6.2,47,1051,0,42,22.4,7496,27,16,24,164,0,6.8,25,486,0,19.4
354,Cincinnati Bengals,2017,3,16,47,409,0,40,8.7,34,670,0,41,19.7,5831,6,16,43,410,1,9.5,35,811,0,23.2
355,Seattle Seahawks,2017,4,16,36,237,0,27,6.6,43,1004,1,99,23.3,6849,3,16,45,452,0,10.0,39,790,0,20.3
356,Chicago Bears,2017,5,16,32,337,2,61,10.5,46,969,0,46,21.1,6179,4,16,49,512,1,10.4,32,699,1,21.8
357,Miami Dolphins,2017,6,16,37,271,0,27,7.3,40,827,0,37,20.7,6278,16,16,35,220,0,6.3,34,665,0,19.6
358,Denver Broncos,2017,7,16,41,351,0,44,8.6,34,768,0,61,22.6,6639,26,16,30,258,1,8.6,22,497,1,22.6
359,Carolina Panthers,2017,8,16,40,318,1,60,8.0,34,760,1,103,22.4,6499,32,16,30,176,0,5.9,12,254,0,21.2
360,Cleveland Browns,2017,9,16,38,221,0,25,5.8,35,790,0,71,22.6,6262,20,16,45,482,0,10.7,20,471,1,23.6
361,New York Jets,2017,10,16,38,171,0,25,4.5,34,683,0,40,20.1,6057,12,16,49,491,1,10.0,23,459,0,20.0
362,New Orleans Saints,2017,11,16,34,218,0,24,6.4,36,825,1,106,22.9,7447,23,16,24,249,1,10.4,32,788,0,24.6
363,Arizona Cardinals,2017,12,16,41,288,0,20,7.0,29,592,0,55,20.4,6245,2,16,48,506,0,10.5,40,880,1,22.0
364,Detroit Lions,2017,13,16,37,517,2,88,14.0,32,583,0,35,18.2,6791,17,16,26,198,0,7.6,43,878,0,20.4
365,Baltimore Ravens,2017,14,16,32,322,1,77,10.1,34,936,1,96,27.5,6349,18,16,34,277,0,8.1,33,615,0,18.6
366,Atlanta Falcons,2017,15,16,27,201,0,27,7.4,39,871,0,61,22.3,7065,24,16,22,179,0,8.1,33,863,0,26.2
367,San Francisco 49ers,2017,16,16,34,304,0,39,8.9,31,570,0,34,18.4,6771,29,16,33,138,1,4.2,15,302,0,20.1
368,Minnesota Vikings,2017,17,16,39,372,0,46,9.5,25,619,0,39,24.8,6877,15,16,24,213,1,8.9,45,1023,0,22.7
369,Tennessee Titans,2017,18,16,36,305,0,46,8.5,28,618,0,57,22.1,6150,11,16,40,286,0,7.2,32,750,0,23.4
370,Pittsburgh Steelers,2017,19,16,30,207,0,27,6.9,33,630,1,96,19.1,7038,19,16,23,177,0,7.7,43,906,0,21.1
371,Washington Redskins,2017,20,16,29,178,0,29,6.1,34,673,0,35,19.8,6392,21,16,39,435,1,11.2,24,448,0,18.7
372,Houston Texans,2017,21,16,35,296,0,49,8.5,27,558,0,42,20.7,6340,7,16,49,604,1,12.3,27,547,0,20.3
373,Green Bay Packers,2017,22,16,27,289,0,65,10.7,35,761,0,34,21.7,6306,22,16,29,164,0,5.7,30,665,0,22.2
374,Oakland Raiders,2017,23,16,27,155,0,19,5.7,34,738,0,49,21.7,6208,30,16,32,205,0,6.4,15,298,0,19.9
375,New England Patriots,2017,24,16,32,263,0,40,8.2,28,622,1,103,22.2,7393,5,16,23,105,0,4.6,58,1095,0,18.9
376,Jacksonville Jaguars,2017,25,16,34,325,1,72,9.6,25,551,0,68,22.0,6854,13,16,30,228,0,7.6,40,817,1,20.4
377,New York Giants,2017,26,16,27,148,0,20,5.5,31,609,0,30,19.6,5986,8,16,43,448,1,10.4,32,656,0,20.5
378,Dallas Cowboys,2017,27,16,31,275,1,83,8.9,25,620,0,61,24.8,6391,25,16,18,75,0,4.2,35,759,0,21.7
379,Buffalo Bills,2017,28,16,24,213,0,40,8.9,32,640,0,29,20.0,5956,14,16,38,210,0,5.5,31,681,0,22.0
380,Indianapolis Colts,2017,29,16,27,162,0,30,6.0,28,590,0,60,21.1,5639,31,16,19,80,0,4.2,23,441,0,19.2
381,Los Angeles Chargers,2017,30,16,28,259,1,65,9.3,25,474,0,44,19.0,6879,1,16,48,319,0,6.6,46,1150,0,25.0
382,Philadelphia Eagles,2017,31,16,29,259,0,76,8.9,18,354,0,35,19.7,6695,10,16,25,171,0,6.8,47,1015,0,21.6
383,Tampa Bay Buccaneers,2017,32,16,20,192,0,44,9.6,20,432,0,50,21.6,6679,9,16,27,153,0,5.7,47,1160,2,24.7
384,New York Giants,2018,1,16,37,231,0,23,6.2,45,1097,0,51,24.4,7383,21,16,27,177,0,6.6,28,570,0,20.4
385,Cleveland Browns,2018,2,16,32,290,0,37,9.1,44,884,0,35,20.1,7328,16,16,37,397,0,10.7,24,574,0,23.9
386,New York Jets,2018,3,16,25,324,1,78,13.0,46,1238,1,99,26.9,6588,8,16,42,318,0,7.6,23,539,0,23.4
387,Buffalo Bills,2018,4,16,31,207,0,31,6.7,38,807,0,49,21.2,6080,4,16,34,297,0,8.7,34,754,0,22.2
388,Los Angeles Rams,2018,5,16,30,307,0,60,10.2,39,834,0,40,21.4,8102,31,16,12,104,0,8.7,29,652,0,22.5
389,Baltimore Ravens,2018,6,16,35,404,1,70,11.5,32,707,0,39,22.1,7260,10,16,31,315,0,10.2,32,745,0,23.3
390,Miami Dolphins,2018,7,16,28,293,1,71,10.5,39,938,1,102,24.1,6278,27,16,37,384,0,10.4,13,339,1,26.1
391,San Francisco 49ers,2018,8,16,31,180,0,23,5.8,36,944,1,97,26.2,7273,25,16,25,195,0,7.8,27,662,0,24.5
392,Philadelphia Eagles,2018,9,16,33,216,0,42,6.5,33,725,0,48,22.0,7035,22,16,31,194,0,6.3,24,540,0,22.5
393,Cincinnati Bengals,2018,10,16,22,236,0,38,10.7,43,1071,0,77,24.9,6558,15,16,30,220,1,7.3,31,705,0,22.7
394,Pittsburgh Steelers,2018,11,16,31,252,0,23,8.1,32,619,0,35,19.3,7490,24,16,17,245,1,14.4,35,727,0,20.8
395,Los Angeles Chargers,2018,12,16,34,358,1,73,10.5,28,653,0,40,23.3,7200,1,16,28,257,1,9.2,61,1322,0,21.7
396,Kansas City Chiefs,2018,13,16,22,261,1,91,11.9,40,975,0,97,24.4,8217,23,16,17,97,0,5.7,36,809,0,22.5
397,Arizona Cardinals,2018,14,16,36,295,0,45,8.2,25,536,0,36,21.4,5057,3,16,44,420,0,9.5,27,583,0,21.6
398,Denver Broncos,2018,15,16,30,132,0,20,4.4,30,604,0,35,20.1,6573,11,16,35,368,1,10.5,28,581,0,20.8
399,Green Bay Packers,2018,16,16,30,198,0,24,6.6,30,644,0,38,21.5,7138,17,16,20,206,0,10.3,40,1022,1,25.6
400,Jacksonville Jaguars,2018,17,16,34,334,1,74,9.8,26,532,0,47,20.5,6020,18,16,37,184,0,5.0,21,374,0,17.8
401,Houston Texans,2018,18,16,38,327,0,30,8.6,20,487,0,36,24.4,7000,9,16,32,240,0,7.5,33,682,0,20.7
402,Tampa Bay Buccaneers,2018,19,16,26,163,0,16,6.3,31,631,0,38,20.4,7675,14,16,27,231,0,8.6,34,714,0,21.0
403,Chicago Bears,2018,20,16,33,411,0,44,12.5,23,440,0,31,19.1,6536,30,16,20,150,0,7.5,22,548,1,24.9
404,New England Patriots,2018,21,16,26,199,0,25,7.7,28,755,1,95,27.0,7396,6,16,25,255,0,10.2,42,1034,0,24.6
405,Seattle Seahawks,2018,22,16,25,143,0,19,5.7,29,669,0,84,23.1,6820,2,16,36,304,0,8.4,37,919,1,24.8
406,Oakland Raiders,2018,23,16,25,291,1,99,11.6,29,663,0,34,22.9,6639,5,16,28,241,1,8.6,39,922,0,23.6
407,Atlanta Falcons,2018,24,16,21,147,0,18,7.0,31,689,0,53,22.2,7358,12,16,27,184,0,6.8,36,818,0,22.7
408,Minnesota Vikings,2018,25,16,29,315,0,70,10.9,22,540,0,46,24.5,6646,13,16,31,188,0,6.1,31,722,0,23.3
409,Tennessee Titans,2018,26,16,27,237,0,38,8.8,23,737,1,94,32.0,6256,19,16,33,296,0,9.0,25,696,1,27.8
410,Carolina Panthers,2018,27,16,24,165,0,30,6.9,26,582,0,37,22.4,6954,32,16,22,181,0,8.2,17,406,0,23.9
411,New Orleans Saints,2018,28,16,24,157,0,17,6.5,23,560,0,50,24.3,6916,26,16,12,60,0,5.0,39,885,0,22.7
412,Detroit Lions,2018,29,16,27,171,0,25,6.3,20,482,0,45,24.1,6157,7,16,29,332,1,11.4,37,837,0,22.6
413,Washington Redskins,2018,30,16,17,110,0,30,6.5,29,570,0,44,19.7,5741,29,16,31,303,1,9.8,13,295,0,22.7
414,Indianapolis Colts,2018,31,16,24,217,0,51,9.0,17,337,0,29,19.8,6867,28,16,21,93,0,4.4,27,595,0,22.0
415,Dallas Cowboys,2018,32,16,21,119,0,22,5.7,13,283,0,35,21.8,6250,20,16,30,254,0,8.5,25,662,0,26.5
416,New York Giants,2019,1,16,28,274,0,60,9.8,49,1153,0,52,23.5,7377,28,16,24,136,0,5.7,20,361,0,18.1
417,Cincinnati Bengals,2019,2,16,29,164,0,17,5.7,42,1091,1,92,26.0,6955,30,16,24,136,0,5.7,19,401,0,21.1
418,Kansas City Chiefs,2019,3,16,32,222,0,36,6.9,37,927,1,104,25.1,7678,17,16,19,89,0,4.7,37,725,0,19.6
419,New Orleans Saints,2019,4,16,40,368,1,53,9.2,28,676,0,51,24.1,7430,26,16,24,166,0,6.9,21,566,1,27.0
420,Chicago Bears,2019,5,16,33,302,0,71,9.2,34,903,1,102,26.6,6405,12,16,35,247,0,7.1,27,675,0,25.0
421,Buffalo Bills,2019,6,16,32,243,0,22,7.6,32,802,1,66,25.1,6678,24,16,18,157,0,8.7,30,691,1,23.0
422,Miami Dolphins,2019,7,16,27,177,0,21,6.6,36,796,1,101,22.1,6420,22,16,29,229,0,7.9,20,540,1,27.0
423,Atlanta Falcons,2019,8,16,37,263,1,78,7.1,25,571,0,47,22.8,7382,21,16,19,133,0,7.0,31,690,0,22.3
424,Oakland Raiders,2019,9,16,27,190,0,32,7.0,35,811,0,72,23.2,7202,10,16,30,318,0,10.6,33,690,0,20.9
425,Cleveland Browns,2019,10,16,23,163,0,18,7.1,38,830,0,74,21.8,6965,8,16,20,151,0,7.6,46,937,0,20.4
426,Arizona Cardinals,2019,11,16,24,168,0,29,7.0,36,764,0,39,21.2,6813,5,16,35,284,1,8.1,36,743,0,20.6
427,Tampa Bay Buccaneers,2019,12,16,33,172,0,40,5.2,25,494,0,39,19.8,7672,32,16,25,222,0,8.9,9,207,0,23.0
428,Pittsburgh Steelers,2019,13,16,29,285,1,85,9.8,29,525,0,34,18.1,5789,3,16,29,265,0,9.1,44,946,0,21.5
429,New York Jets,2019,14,16,21,240,0,26,11.4,37,807,0,78,21.8,5878,2,16,44,309,0,7.0,33,636,0,19.3
430,Los Angeles Chargers,2019,15,16,22,118,1,68,5.4,35,726,0,43,20.7,7009,6,16,33,252,0,7.6,36,883,1,24.5
431,Jacksonville Jaguars,2019,16,16,31,154,0,43,5.0,26,628,0,59,24.2,6646,16,16,24,127,0,5.3,32,690,0,21.6
432,Philadelphia Eagles,2019,17,16,27,160,0,17,5.9,29,653,0,67,22.5,7074,13,16,32,207,0,6.5,27,643,1,23.8
433,Carolina Panthers,2019,18,16,25,171,0,39,6.8,31,677,0,36,21.8,7003,27,16,40,487,3,12.2,5,102,0,20.4
434,Washington Redskins,2019,19,16,22,104,0,15,4.7,33,833,1,91,25.2,5819,18,16,39,354,0,9.1,17,439,0,25.8
435,New England Patriots,2019,20,16,29,233,0,22,8.0,26,575,0,38,22.1,7065,15,16,28,175,0,6.3,29,607,0,20.9
436,Indianapolis Colts,2019,21,16,24,418,2,84,17.4,31,707,0,47,22.8,6735,25,16,28,166,0,5.9,19,470,0,24.7
437,Detroit Lions,2019,22,16,31,246,1,64,7.9,23,564,1,100,24.5,6780,1,16,29,130,0,4.5,52,1284,1,24.7
438,San Francisco 49ers,2019,23,16,33,264,0,32,8.0,20,409,0,81,20.5,7314,4,16,23,131,0,5.7,48,1046,0,21.8
439,Tennessee Titans,2019,24,16,22,169,0,21,7.7,30,638,0,45,21.3,7243,7,16,30,269,0,9.0,37,877,0,23.7
440,Green Bay Packers,2019,25,16,20,98,0,18,4.9,32,667,0,45,20.8,6749,19,16,26,233,0,9.0,29,702,0,24.2
441,Baltimore Ravens,2019,26,16,25,206,0,25,8.2,27,493,0,46,18.3,7733,11,16,15,143,0,9.5,48,1030,1,21.5
442,Denver Broncos,2019,27,16,27,208,0,42,7.7,21,534,0,60,25.4,5968,23,16,32,314,2,9.8,17,456,0,26.8
443,Minnesota Vikings,2019,28,16,28,191,0,23,6.8,17,380,0,38,22.4,6638,29,16,23,158,0,6.9,21,527,0,25.1
444,Los Angeles Rams,2019,29,16,27,170,0,35,6.3,18,404,0,30,22.4,6914,31,16,23,190,0,8.3,17,467,0,27.5
445,Seattle Seahawks,2019,30,16,23,141,0,20,6.1,22,432,0,33,19.6,7103,14,16,34,213,1,6.3,24,532,0,22.2
446,Dallas Cowboys,2019,31,16,23,131,0,15,5.7,20,325,0,30,16.3,7667,20,16,18,154,0,8.6,35,815,0,23.3
447,Houston Texans,2019,32,16,22,214,0,23,9.7,14,308,0,31,22.0,6967,9,16,24,82,0,3.4,39,725,0,18.6
448,Indianapolis Colts,2020,1,16,31,312,0,26,10.1,43,1111,1,101,25.8,7910,1,16,23,177,0,7.7,51,1087,1,21.3
449,Chicago Bears,2020,2,16,25,190,0,32,7.6,47,1145,1,104,24.4,6997,9,16,25,294,0,11.8,41,836,0,20.4
450,New Orleans Saints,2020,3,16,39,399,0,42,10.2,30,761,0,75,25.4,7578,29,16,20,46,0,2.3,22,379,0,17.2
451,Buffalo Bills,2020,4,16,31,370,1,84,11.9,36,995,0,60,27.6,8083,24,16,16,138,0,8.6,30,537,0,17.9
452,Pittsburgh Steelers,2020,5,16,37,356,0,57,9.6,29,670,0,49,23.1,6683,2,16,32,320,0,10.0,41,908,0,22.1
453,Dallas Cowboys,2020,6,16,29,265,0,73,9.1,37,965,1,67,26.1,7743,28,16,15,132,0,8.8,29,606,0,20.9
454,Washington Football Team,2020,7,16,31,176,0,22,5.7,31,645,0,46,20.8,6416,26,16,36,209,0,5.8,9,235,0,26.1
455,Tennessee Titans,2020,8,16,23,208,0,40,9.0,38,767,1,42,20.2,7788,15,16,20,171,0,8.6,37,823,0,22.2
456,Cleveland Browns,2020,9,16,24,115,0,13,4.8,36,795,0,43,22.1,7160,12,16,25,229,0,9.2,38,998,1,26.3
457,Los Angeles Chargers,2020,10,16,18,100,0,30,5.6,42,924,0,76,22.0,7606,3,16,37,564,1,15.2,34,913,0,26.9
458,Los Angeles Rams,2020,11,16,34,235,0,34,6.9,25,516,0,41,20.6,7224,21,16,23,297,1,12.9,26,737,0,28.3
459,Philadelphia Eagles,2020,12,16,26,230,1,73,8.8,31,648,0,46,20.9,6769,6,16,43,274,0,6.4,26,581,0,22.3
460,New York Giants,2020,13,16,20,228,0,20,11.4,36,788,0,48,21.9,6259,10,16,25,232,0,9.3,41,910,1,22.2
461,Houston Texans,2020,14,16,20,158,0,19,7.9,36,722,0,29,20.1,7195,17,16,19,128,0,6.7,34,705,0,20.7
462,Tampa Bay Buccaneers,2020,15,16,30,176,0,21,5.9,25,546,0,34,21.8,7225,31,16,23,236,1,10.3,14,471,0,33.6
463,New England Patriots,2020,16,16,23,357,1,70,15.5,31,717,0,53,23.1,6672,27,16,12,71,0,5.9,32,680,0,21.3
464,Cincinnati Bengals,2020,17,16,23,232,0,29,10.1,31,764,1,103,24.6,6579,23,16,29,170,0,5.9,18,415,0,23.1
465,Kansas City Chiefs,2020,18,16,28,163,1,67,5.8,25,646,1,102,25.8,7881,30,16,15,119,0,7.9,23,549,1,23.9
466,San Francisco 49ers,2020,19,16,25,226,0,21,9.0,27,520,0,34,19.3,7100,16,16,23,183,0,8.0,32,795,1,24.8
467,New York Jets,2020,20,16,10,86,0,18,8.6,41,811,0,66,19.8,5840,11,16,38,446,0,11.7,27,670,0,24.8
468,Detroit Lions,2020,21,16,17,217,1,74,12.8,34,845,0,71,24.9,7015,4,16,21,116,0,5.5,49,1049,0,21.4
469,Baltimore Ravens,2020,22,16,27,244,0,20,9.0,23,613,1,93,26.7,7048,20,16,19,108,0,5.7,30,634,0,21.1
470,Seattle Seahawks,2020,23,16,22,189,0,20,8.6,28,629,0,49,22.5,7129,8,16,28,199,0,7.1,38,815,0,21.4
471,Minnesota Vikings,2020,24,16,16,69,0,13,4.3,33,722,0,38,21.9,7398,14,16,33,321,0,9.7,27,670,1,24.8
472,Arizona Cardinals,2020,25,16,25,136,0,24,5.4,24,525,0,54,21.9,7159,7,16,22,201,0,9.1,46,895,0,19.5
473,Carolina Panthers,2020,26,16,20,117,0,20,5.9,29,734,0,98,25.3,6916,32,16,18,184,1,10.2,7,144,0,20.6
474,Jacksonville Jaguars,2020,27,16,18,205,1,91,11.4,30,614,0,40,20.5,6525,18,16,26,196,0,7.5,25,469,0,18.8
475,Denver Broncos,2020,28,16,20,267,1,83,13.4,27,557,0,31,20.6,6531,19,16,28,226,0,8.1,21,627,1,29.9
476,Las Vegas Raiders,2020,29,16,23,265,0,32,11.5,22,418,0,44,19.0,7125,25,16,14,133,0,9.5,32,748,0,23.4
477,Green Bay Packers,2020,30,16,11,53,0,11,4.8,33,623,0,34,18.9,7241,13,16,17,291,2,17.1,45,1088,0,24.2
478,Miami Dolphins,2020,31,16,32,354,1,88,11.1,12,215,0,45,17.9,6487,22,16,24,297,2,12.4,24,376,0,15.7
479,Atlanta Falcons,2020,32,16,17,152,0,24,8.9,20,409,0,29,20.5,6918,5,16,26,142,0,5.5,43,1010,0,23.5
480,Carolina Panthers,2021,1,1,4,40,0,15,10.0,2,42,0,21,21.0,500,29,1,1,15,0,15.0,,,,
481,Cincinnati Bengals,2021,2,1,5,53,0,15,10.6,1,11,0,11,11.0,474,24,1,1,12,0,12.0,1,21,0,21.0
482,San Francisco 49ers,2021,3,1,2,18,0,11,9.0,4,70,0,19,17.5,579,13,1,,,,,4,55,0,13.8
483,Philadelphia Eagles,2021,4,1,4,19,0,11,4.8,2,40,0,22,20.0,496,12,1,2,11,0,5.5,2,29,0,14.5
484,Buffalo Bills,2021,5,1,1,1,0,1,1.0,4,143,0,75,35.8,531,30,1,1,5,0,5.0,,,,
485,Washington Football Team,2021,6,1,2,22,0,14,11.0,3,65,0,31,21.7,348,17,1,1,3,0,3.0,2,35,0,17.5
486,Tampa Bay Buccaneers,2021,7,1,2,21,0,7,10.5,3,92,0,41,30.7,569,25,1,2,14,0,7.0,,,,
487,New England Patriots,2021,8,1,3,20,0,14,6.7,2,40,0,23,20.0,466,26,1,1,18,0,18.0,,,,
488,Houston Texans,2021,9,1,3,17,0,9,5.7,2,47,0,24,23.5,555,23,1,2,1,0,0.5,,,,
489,Chicago Bears,2021,10,1,1,3,0,3,3.0,4,106,0,50,26.5,459,31,1,,,,,,,,
490,Detroit Lions,2021,11,1,,,,,,4,55,0,27,13.8,509,4,1,2,18,0,9.0,4,70,0,17.5
491,Atlanta Falcons,2021,12,1,2,11,0,7,5.5,2,29,0,25,14.5,328,1,1,4,19,0,4.8,2,40,0,20.0
492,Baltimore Ravens,2021,13,1,4,67,0,30,16.8,,,,,,495,10,1,2,10,0,5.0,2,33,0,16.5
493,Las Vegas Raiders,2021,14,1,2,10,0,7,5.0,2,33,0,20,16.5,550,11,1,4,67,0,16.8,,,,
494,Kansas City Chiefs,2021,15,1,1,7,0,7,7.0,2,44,0,24,22.0,461,21,1,1,4,0,4.0,1,13,0,13.0
495,Green Bay Packers,2021,16,1,1,17,0,17,17.0,2,29,0,17,14.5,290,27,1,1,13,0,13.0,,,,
496,Arizona Cardinals,2021,17,1,2,24,0,13,12.0,1,22,0,22,22.0,472,28,1,,,,,1,14,0,14.0
497,New York Giants,2021,18,1,1,2,0,2,2.0,2,66,0,38,33.0,395,22,1,2,24,0,12.0,,,,
498,Seattle Seahawks,2021,19,1,2,15,0,9,7.5,1,22,0,22,22.0,431,14,1,1,7,0,7.0,2,41,0,20.5
499,Los Angeles Chargers,2021,20,1,1,3,0,3,3.0,2,35,0,19,17.5,465,5,1,2,22,0,11.0,3,65,0,21.7
500,Indianapolis Colts,2021,21,1,1,7,0,7,7.0,2,41,0,22,20.5,412,19,1,2,15,0,7.5,1,22,0,22.0
501,Denver Broncos,2021,22,1,2,24,0,13,12.0,,,,,,453,18,1,1,2,0,2.0,2,66,0,33.0
502,Cleveland Browns,2021,23,1,1,4,0,4,4.0,1,13,0,13,13.0,491,20,1,1,7,0,7.0,2,44,0,22.0
503,Dallas Cowboys,2021,24,1,2,14,0,12,7.0,,,,,,553,7,1,2,21,0,10.5,3,92,0,30.7
504,Jacksonville Jaguars,2021,25,1,2,1,0,1,0.5,,,,,,409,8,1,3,17,0,5.7,2,47,0,23.5
505,Minnesota Vikings,2021,26,1,1,12,0,12,12.0,1,21,0,21,21.0,462,2,1,5,53,0,10.6,1,11,0,11.0
506,Pittsburgh Steelers,2021,27,1,1,5,0,5,5.0,,,,,,268,6,1,1,1,0,1.0,4,143,0,35.8
507,Tennessee Titans,2021,28,1,,,,,,1,14,0,14,14.0,330,15,1,2,24,0,12.0,1,22,0,22.0
508,New York Jets,2021,29,1,1,15,0,15,15.0,,,,,,318,3,1,4,40,0,10.0,2,42,0,21.0
509,New Orleans Saints,2021,30,1,1,13,0,13,13.0,,,,,,421,16,1,1,17,0,17.0,2,29,0,14.5
510,Miami Dolphins,2021,31,1,1,18,0,18,18.0,,,,,,296,9,1,3,20,0,6.7,2,40,0,20.0
