,Tm,Year,Rk,G,3DAtt,3DConv,3D_perc,4DAtt,4DConv,4D_perc,RZAtt,RZTD,RZPct,opp_Rk,opp_G,opp_3DAtt,opp_3DConv,opp_3D_perc,opp_4DAtt,opp_4DConv,opp_4D_perc,opp_RZAtt,opp_RZTD,opp_RZPct
0,New Orleans Saints,2006,1,16,234,105,44.9,20,12,60.0,53,29,54.7,2,16,199,69,34.7,13,6,46.2,41,22,53.7
1,Indianapolis Colts,2006,2,16,187,105,56.1,4,0,0.0,62,41,66.1,26,16,191,90,47.1,14,11,78.6,51,30,58.8
2,Dallas Cowboys,2006,3,16,205,100,48.8,19,9,47.4,58,35,60.3,28,16,212,93,43.9,16,8,50.0,48,25,52.1
3,New York Jets,2006,4,16,226,99,43.8,16,5,31.3,48,22,45.8,8,16,208,76,36.5,23,12,52.2,46,24,52.2
4,New England Patriots,2006,5,16,226,96,42.5,20,16,80.0,60,36,60.0,7,16,209,75,35.9,11,3,27.3,35,12,34.3
5,Baltimore Ravens,2006,6,16,233,96,41.2,11,8,72.7,52,22,42.3,1,16,208,60,28.8,23,9,39.1,33,11,33.3
6,Green Bay Packers,2006,7,16,240,94,39.2,17,7,41.2,49,16,32.7,4,16,215,70,32.6,21,13,61.9,45,23,51.1
7,Pittsburgh Steelers,2006,8,16,217,93,42.9,21,10,47.6,56,28,50.0,19,16,219,86,39.3,12,6,50.0,45,21,46.7
8,San Diego Chargers,2006,9,16,213,92,43.2,11,6,54.5,62,42,67.7,9,16,213,78,36.6,17,6,35.3,47,27,57.4
9,Kansas City Chiefs,2006,10,16,219,89,40.6,15,9,60.0,48,29,60.4,16,16,212,83,39.2,13,8,61.5,44,24,54.5
10,Philadelphia Eagles,2006,11,16,209,88,42.1,11,5,45.5,46,26,56.5,18,16,222,83,37.4,21,10,47.6,43,21,48.8
11,Miami Dolphins,2006,12,16,234,88,37.6,14,7,50.0,46,20,43.5,23,16,234,89,38.0,16,9,56.3,36,15,41.7
12,Jacksonville Jaguars,2006,13,16,217,85,39.2,14,7,50.0,52,30,57.7,15,16,227,83,36.6,14,4,28.6,32,14,43.8
13,Seattle Seahawks,2006,14,16,224,85,37.9,8,2,25.0,42,22,52.4,12,16,219,80,36.5,12,6,50.0,44,25,56.8
14,Chicago Bears,2006,15,16,231,85,36.8,13,9,69.2,50,24,48.0,5,16,239,74,31.0,16,10,62.5,40,19,47.5
15,St. Louis Rams,2006,16,16,222,83,37.4,18,12,66.7,54,31,57.4,27,16,205,93,45.4,6,2,33.3,55,31,56.4
16,Arizona Cardinals,2006,17,16,212,83,39.2,15,10,66.7,54,25,46.3,17,16,201,83,41.3,15,7,46.7,58,28,48.3
17,Tampa Bay Buccaneers,2006,18,16,222,82,36.9,16,4,25.0,37,16,43.2,14,16,217,82,37.8,12,5,41.7,48,27,56.3
18,Atlanta Falcons,2006,19,16,220,79,35.9,20,8,40.0,47,20,42.6,20,16,207,87,42.0,10,4,40.0,50,25,50.0
19,Washington Redskins,2006,20,16,211,79,37.4,13,6,46.2,42,21,50.0,31,16,222,97,43.7,9,6,66.7,48,23,47.9
20,Denver Broncos,2006,21,16,211,78,37.0,13,7,53.8,44,24,54.5,13,16,221,81,36.7,14,5,35.7,54,24,44.4
21,Oakland Raiders,2006,22,16,212,77,36.3,21,7,33.3,35,10,28.6,11,16,221,79,35.7,19,10,52.6,62,27,43.5
22,Minnesota Vikings,2006,23,16,233,77,33.0,21,15,71.4,42,19,45.2,6,16,215,74,34.4,13,7,53.8,46,17,37.0
23,New York Giants,2006,24,16,203,77,37.9,15,7,46.7,51,27,52.9,30,16,226,97,42.9,24,9,37.5,46,30,65.2
24,Houston Texans,2006,25,16,198,77,38.9,13,9,69.2,42,24,57.1,21,16,198,88,44.4,11,5,45.5,49,25,51.0
25,Cincinnati Bengals,2006,26,16,201,72,35.8,9,6,66.7,52,30,57.7,22,16,211,88,41.7,21,11,52.4,52,29,55.8
26,San Francisco 49ers,2006,27,16,209,72,34.4,11,6,54.5,48,20,41.7,29,16,216,96,44.4,14,7,50.0,62,32,51.6
27,Cleveland Browns,2006,28,16,209,70,33.5,15,6,40.0,39,19,48.7,32,16,228,100,43.9,10,4,40.0,51,26,51.0
28,Tennessee Titans,2006,29,16,205,67,32.7,17,7,41.2,38,17,44.7,24,16,221,90,40.7,17,10,58.8,62,36,58.1
29,Carolina Panthers,2006,30,16,209,65,31.1,9,3,33.3,32,15,46.9,3,16,222,70,31.5,14,11,78.6,43,24,55.8
30,Buffalo Bills,2006,31,16,199,63,31.7,11,5,45.5,35,15,42.9,10,16,216,79,36.6,17,11,64.7,45,24,53.3
31,Detroit Lions,2006,32,16,190,62,32.6,22,9,40.9,45,18,40.0,25,16,207,90,43.5,5,4,80.0,60,32,53.3
32,Pittsburgh Steelers,2007,1,16,220,103,46.8,13,7,53.8,55,32,58.2,20,16,215,87,40.5,19,6,31.6,38,21,55.3
33,Indianapolis Colts,2007,2,16,203,100,49.3,10,6,60.0,69,39,56.5,26,16,208,94,45.2,25,14,56.0,46,25,54.3
34,Jacksonville Jaguars,2007,3,16,219,100,45.7,33,19,57.6,58,33,56.9,10,16,201,80,39.8,23,11,47.8,45,25,55.6
35,New Orleans Saints,2007,4,16,214,99,46.3,25,11,44.0,50,36,72.0,17,16,206,86,41.7,19,7,36.8,47,25,53.2
36,Philadelphia Eagles,2007,5,16,229,97,42.4,15,9,60.0,51,23,45.1,11,16,218,81,37.2,13,3,23.1,55,20,36.4
37,Cincinnati Bengals,2007,6,16,208,96,46.2,12,4,33.3,56,27,48.2,18,16,201,86,42.8,17,9,52.9,56,27,48.2
38,Washington Redskins,2007,7,16,226,92,40.7,15,6,40.0,55,27,49.1,6,16,218,78,35.8,17,10,58.8,49,24,49.0
39,New England Patriots,2007,8,16,191,92,48.2,21,15,71.4,72,50,69.4,1,16,187,63,33.7,20,11,55.0,41,24,58.5
40,New York Giants,2007,9,16,219,91,41.6,17,6,35.3,55,30,54.5,5,16,211,73,34.6,16,10,62.5,42,25,59.5
41,Baltimore Ravens,2007,10,16,234,90,38.5,21,11,52.4,45,19,42.2,13,16,224,82,36.6,13,7,53.8,52,22,42.3
42,Tennessee Titans,2007,11,16,217,89,41.0,11,2,18.2,55,20,36.4,28,16,230,97,42.2,16,8,50.0,40,24,60.0
43,Green Bay Packers,2007,12,16,202,86,42.6,11,5,45.5,50,27,54.0,3,16,209,69,33.0,24,9,37.5,43,21,48.8
44,Houston Texans,2007,13,16,193,86,44.6,15,11,73.3,46,28,60.9,14,16,198,83,41.9,16,8,50.0,62,33,53.2
45,Atlanta Falcons,2007,14,16,237,86,36.3,19,7,36.8,43,17,39.5,8,16,210,78,37.1,21,11,52.4,47,25,53.2
46,Cleveland Browns,2007,15,16,204,86,42.2,15,6,40.0,55,30,54.5,9,16,215,79,36.7,25,11,44.0,56,28,50.0
47,Carolina Panthers,2007,16,16,235,85,36.2,14,6,42.9,40,20,50.0,27,16,226,96,42.5,14,7,50.0,46,24,52.2
48,New York Jets,2007,17,16,226,85,37.6,21,10,47.6,49,18,36.7,22,16,211,89,42.2,10,8,80.0,40,23,57.5
49,Dallas Cowboys,2007,18,16,199,84,42.2,14,10,71.4,56,30,53.6,16,16,216,85,39.4,18,10,55.6,44,22,50.0
50,San Diego Chargers,2007,19,16,214,84,39.3,10,6,60.0,52,29,55.8,15,16,211,83,39.3,26,9,34.6,37,20,54.1
51,Tampa Bay Buccaneers,2007,20,16,213,82,38.5,13,5,38.5,46,20,43.5,24,16,224,92,41.1,16,9,56.3,35,21,60.0
52,Oakland Raiders,2007,21,16,229,82,35.8,24,10,41.7,35,21,60.0,12,16,210,82,39.0,11,6,54.5,55,28,50.9
53,St. Louis Rams,2007,22,16,223,81,36.3,20,7,35.0,39,17,43.6,7,16,201,78,38.8,10,6,60.0,57,33,57.9
54,Chicago Bears,2007,23,16,238,81,34.0,16,7,43.8,44,18,40.9,4,16,223,73,32.7,13,8,61.5,52,27,51.9
55,Miami Dolphins,2007,24,16,218,81,37.2,22,13,59.1,39,20,51.3,31,16,208,98,47.1,10,6,60.0,52,34,65.4
56,Denver Broncos,2007,25,16,198,80,40.4,22,7,31.8,51,25,49.0,23,16,213,91,42.7,13,10,76.9,54,31,57.4
57,Kansas City Chiefs,2007,26,16,232,79,34.1,18,13,72.2,35,17,48.6,2,16,208,65,31.3,11,2,18.2,43,16,37.2
58,Arizona Cardinals,2007,27,16,203,75,36.9,14,12,85.7,50,34,68.0,19,16,218,87,39.9,15,7,46.7,53,27,50.9
59,Seattle Seahawks,2007,28,16,215,75,34.9,14,6,42.9,49,28,57.1,21,16,232,88,37.9,17,5,29.4,41,21,51.2
60,Minnesota Vikings,2007,29,16,200,69,34.5,13,7,53.8,35,21,60.0,25,16,234,94,40.2,18,7,38.9,47,22,46.8
61,San Francisco 49ers,2007,30,16,220,69,31.4,17,5,29.4,29,15,51.7,30,16,241,97,40.2,13,7,53.8,53,25,47.2
62,Buffalo Bills,2007,31,16,195,65,33.3,18,8,44.4,34,13,38.2,32,16,224,101,45.1,22,10,45.5,56,25,44.6
63,Detroit Lions,2007,32,16,190,62,32.6,10,4,40.0,50,25,50.0,29,16,213,97,45.5,12,9,75.0,64,41,64.1
64,Indianapolis Colts,2008,1,16,201,101,50.2,16,11,68.8,50,34,68.0,31,16,211,100,47.4,7,3,42.9,47,19,40.4
65,Green Bay Packers,2008,2,16,224,99,44.2,18,8,44.4,48,29,60.4,13,16,210,80,38.1,23,17,73.9,51,29,56.9
66,New Orleans Saints,2008,3,16,200,97,48.5,18,10,55.6,62,38,61.3,18,16,206,82,39.8,14,8,57.1,60,29,48.3
67,New England Patriots,2008,4,16,222,96,43.2,22,17,77.3,65,33,50.8,25,16,205,91,44.4,10,2,20.0,45,30,66.7
68,Atlanta Falcons,2008,5,16,219,95,43.4,13,6,46.2,56,31,55.4,11,16,208,79,38.0,20,10,50.0,52,27,51.9
69,Baltimore Ravens,2008,6,16,232,95,40.9,11,7,63.6,51,24,47.1,2,16,212,71,33.5,16,3,18.8,39,14,35.9
70,Denver Broncos,2008,7,16,200,95,47.5,10,4,40.0,55,30,54.5,23,16,202,89,44.1,18,10,55.6,60,36,60.0
71,Philadelphia Eagles,2008,8,16,225,93,41.3,9,4,44.4,63,31,49.2,5,16,227,73,32.2,14,5,35.7,36,19,52.8
72,Pittsburgh Steelers,2008,9,16,224,92,41.1,12,3,25.0,49,27,55.1,3,16,226,71,31.4,21,10,47.6,42,14,33.3
73,Dallas Cowboys,2008,10,16,212,91,42.9,12,7,58.3,44,26,59.1,9,16,216,77,35.6,14,8,57.1,56,26,46.4
74,San Diego Chargers,2008,11,16,194,89,45.9,11,8,72.7,65,37,56.9,21,16,207,84,40.6,24,13,54.2,53,28,52.8
75,Tampa Bay Buccaneers,2008,12,16,229,88,38.4,18,10,55.6,56,22,39.3,14,16,214,81,37.9,13,5,38.5,36,20,55.6
76,New York Giants,2008,13,16,204,88,43.1,11,5,45.5,69,35,50.7,20,16,204,83,40.7,16,5,31.3,35,17,48.6
77,Jacksonville Jaguars,2008,14,16,213,87,40.8,24,14,58.3,45,25,55.6,17,16,200,82,41.0,11,5,45.5,53,31,58.5
78,Minnesota Vikings,2008,15,16,218,86,39.4,18,9,50.0,44,19,43.2,1,16,203,68,33.5,13,5,38.5,47,20,42.6
79,Arizona Cardinals,2008,16,16,198,83,41.9,16,8,50.0,65,38,58.5,26,16,207,92,44.4,17,13,76.5,55,35,63.6
80,Houston Texans,2008,17,16,197,83,42.1,23,14,60.9,61,28,45.9,8,16,188,74,39.4,13,10,76.9,47,30,63.8
81,Kansas City Chiefs,2008,18,16,214,82,38.3,18,7,38.9,45,26,57.8,30,16,211,100,47.4,14,6,42.9,67,36,53.7
82,Cincinnati Bengals,2008,19,16,236,82,34.7,14,7,50.0,33,15,45.5,27,16,218,93,42.7,11,5,45.5,49,29,59.2
83,Buffalo Bills,2008,20,16,203,81,39.9,16,7,43.8,52,25,48.1,4,16,202,73,36.1,16,8,50.0,55,23,41.8
84,New York Jets,2008,21,16,197,81,41.1,16,9,56.3,62,33,53.2,15,16,210,81,38.6,18,13,72.2,57,29,50.9
85,Tennessee Titans,2008,22,16,216,78,36.1,11,5,45.5,45,28,62.2,12,16,226,79,35.0,18,8,44.4,43,20,46.5
86,Chicago Bears,2008,23,16,219,78,35.6,14,6,42.9,50,28,56.0,16,16,232,81,34.9,21,10,47.6,55,30,54.5
87,Carolina Panthers,2008,24,16,196,77,39.3,8,3,37.5,49,32,65.3,22,16,219,87,39.7,20,9,45.0,49,26,53.1
88,Washington Redskins,2008,25,16,216,76,35.2,16,10,62.5,48,23,47.9,6,16,208,74,35.6,12,8,66.7,42,23,54.8
89,San Francisco 49ers,2008,26,16,198,75,37.9,11,5,45.5,52,27,51.9,19,16,219,83,37.9,19,12,63.2,52,25,48.1
90,Cleveland Browns,2008,27,16,212,72,34.0,14,6,42.9,38,14,36.8,29,16,207,95,45.9,17,11,64.7,54,27,50.0
91,Miami Dolphins,2008,28,16,192,71,37.0,15,10,66.7,45,27,60.0,10,16,209,79,37.8,19,11,57.9,47,23,48.9
92,St. Louis Rams,2008,29,16,216,69,31.9,23,11,47.8,29,10,34.5,7,16,187,74,39.6,6,4,66.7,53,34,64.2
93,Seattle Seahawks,2008,30,16,198,62,31.3,12,10,83.3,42,21,50.0,28,16,222,94,42.3,13,8,61.5,51,27,52.9
94,Oakland Raiders,2008,31,16,214,61,28.5,21,9,42.9,37,15,40.5,32,16,232,103,44.4,13,9,69.2,54,31,57.4
95,Detroit Lions,2008,32,16,205,59,28.8,20,10,50.0,31,19,61.3,24,16,196,89,45.4,10,6,60.0,64,43,67.2
96,Miami Dolphins,2009,1,16,245,120,49.0,18,13,72.2,54,33,61.1,3,16,198,69,34.8,15,8,53.3,51,24,47.1
97,Green Bay Packers,2009,2,16,219,103,47.0,9,3,33.3,62,34,54.8,8,16,211,76,36.0,25,10,40.0,46,28,60.9
98,Jacksonville Jaguars,2009,3,16,226,102,45.1,21,12,57.1,47,24,51.1,28,16,209,94,45.0,17,12,70.6,52,29,55.8
99,Minnesota Vikings,2009,4,16,223,100,44.8,12,8,66.7,69,43,62.3,2,16,200,69,34.5,12,5,41.7,40,18,45.0
100,Indianapolis Colts,2009,5,16,193,95,49.2,11,5,45.5,53,35,66.0,32,16,231,104,45.0,19,6,31.6,51,25,49.0
101,Cincinnati Bengals,2009,6,16,229,93,40.6,14,10,71.4,50,25,50.0,14,16,210,81,38.6,15,7,46.7,40,19,47.5
102,Atlanta Falcons,2009,7,16,216,91,42.1,23,16,69.6,56,29,51.8,31,16,214,97,45.3,17,8,47.1,51,26,51.0
103,New York Giants,2009,8,16,210,90,42.9,15,9,60.0,56,27,48.2,9,16,199,77,38.7,19,12,63.2,62,42,67.7
104,New England Patriots,2009,9,16,206,90,43.7,22,11,50.0,65,34,52.3,6,16,194,72,37.1,21,10,47.6,40,22,55.0
105,Baltimore Ravens,2009,10,16,214,89,41.6,13,6,46.2,57,30,52.6,12,16,218,80,36.7,17,7,41.2,43,18,41.9
106,Tennessee Titans,2009,11,16,214,89,41.6,22,12,54.5,39,22,56.4,25,16,218,89,40.8,17,12,70.6,56,33,58.9
107,New Orleans Saints,2009,12,16,197,88,44.7,15,6,40.0,71,41,57.7,17,16,216,82,38.0,24,11,45.8,56,22,39.3
108,Washington Redskins,2009,13,16,216,86,39.8,22,7,31.8,46,26,56.5,22,16,219,87,39.7,17,4,23.5,41,16,39.0
109,New York Jets,2009,14,16,232,86,37.1,20,15,75.0,49,24,49.0,1,16,219,69,31.5,19,7,36.8,33,14,42.4
110,Detroit Lions,2009,15,16,234,84,35.9,26,7,26.9,36,17,47.2,18,16,210,85,40.5,15,10,66.7,71,37,52.1
111,San Diego Chargers,2009,16,16,187,83,44.4,10,5,50.0,63,34,54.0,16,16,203,82,40.4,20,10,50.0,55,29,52.7
112,Houston Texans,2009,17,16,204,82,40.2,12,8,66.7,63,33,52.4,11,16,201,79,39.3,21,9,42.9,37,24,64.9
113,Dallas Cowboys,2009,18,16,202,82,40.6,11,4,36.4,50,26,52.0,5,16,200,70,35.0,12,6,50.0,32,18,56.3
114,Carolina Panthers,2009,19,16,220,82,37.3,20,9,45.0,40,20,50.0,4,16,197,70,35.5,17,9,52.9,50,25,50.0
115,Chicago Bears,2009,20,16,217,81,37.3,18,7,38.9,51,24,47.1,27,16,226,93,41.2,13,6,46.2,56,37,66.1
116,Pittsburgh Steelers,2009,21,16,203,80,39.4,12,8,66.7,56,27,48.2,29,16,227,96,42.3,10,7,70.0,42,19,45.2
117,Denver Broncos,2009,22,16,215,78,36.3,18,7,38.9,52,25,48.1,13,16,218,81,37.2,16,8,50.0,48,24,50.0
118,Cleveland Browns,2009,23,16,233,76,32.6,15,10,66.7,39,17,43.6,20,16,221,86,38.9,20,10,50.0,57,25,43.9
119,Philadelphia Eagles,2009,24,16,207,75,36.2,14,6,42.9,52,25,48.1,7,16,221,73,33.0,30,17,56.7,51,29,56.9
120,Seattle Seahawks,2009,25,16,225,75,33.3,19,8,42.1,48,19,39.6,23,16,223,87,39.0,12,6,50.0,55,31,56.4
121,St. Louis Rams,2009,26,16,226,73,32.3,28,10,35.7,34,11,32.4,26,16,209,91,43.5,12,6,50.0,59,36,61.0
122,Tampa Bay Buccaneers,2009,27,16,218,71,32.6,22,9,40.9,31,16,51.6,21,16,214,86,40.2,15,9,60.0,50,25,50.0
123,Arizona Cardinals,2009,28,16,190,69,36.3,9,5,55.6,54,38,70.4,15,16,232,82,35.3,24,12,50.0,47,22,46.8
124,San Francisco 49ers,2009,29,16,218,65,29.8,21,12,57.1,39,23,59.0,24,16,240,88,36.7,15,6,40.0,47,19,40.4
125,Oakland Raiders,2009,30,16,213,63,29.6,21,10,47.6,29,12,41.4,10,16,216,77,35.6,14,9,64.3,65,31,47.7
126,Kansas City Chiefs,2009,31,16,227,62,27.3,29,14,48.3,38,18,47.4,19,16,223,85,38.1,11,6,54.5,53,30,56.6
127,Buffalo Bills,2009,32,16,198,51,25.8,15,7,46.7,38,12,31.6,30,16,240,97,40.4,26,14,53.8,50,27,54.0
128,Atlanta Falcons,2010,1,16,240,112,46.7,15,11,73.3,58,35,60.3,15,16,201,79,39.3,17,9,52.9,42,23,54.8
129,New Orleans Saints,2010,2,16,217,106,48.8,11,5,45.5,61,31,50.8,4,16,203,70,34.5,23,15,65.2,45,20,44.4
130,Detroit Lions,2010,3,16,242,97,40.1,16,10,62.5,45,29,64.4,10,16,198,77,38.9,12,5,41.7,46,27,58.7
131,New England Patriots,2010,4,16,197,95,48.2,14,7,50.0,67,42,62.7,31,16,210,99,47.1,20,12,60.0,50,27,54.0
132,Pittsburgh Steelers,2010,5,16,218,94,43.1,5,2,40.0,50,24,48.0,2,16,209,70,33.5,16,10,62.5,40,16,40.0
133,New York Jets,2010,6,16,235,93,39.6,14,5,35.7,50,20,40.0,19,16,219,81,37.0,6,4,66.7,43,26,60.5
134,San Diego Chargers,2010,7,16,205,92,44.9,13,5,38.5,59,33,55.9,3,16,208,70,33.7,28,12,42.9,43,27,62.8
135,Miami Dolphins,2010,8,16,230,92,40.0,10,3,30.0,34,18,52.9,22,16,226,84,37.2,22,8,36.4,45,18,40.0
136,Indianapolis Colts,2010,9,16,204,91,44.6,8,5,62.5,56,38,67.9,14,16,200,78,39.0,18,8,44.4,48,25,52.1
137,Tampa Bay Buccaneers,2010,10,16,211,89,42.2,14,10,71.4,44,23,52.3,27,16,213,92,43.2,17,9,52.9,48,26,54.2
138,Cincinnati Bengals,2010,11,16,224,87,38.8,19,13,68.4,55,27,49.1,8,16,198,75,37.9,7,2,28.6,45,21,46.7
139,Dallas Cowboys,2010,12,16,211,86,40.8,22,13,59.1,47,28,59.6,18,16,204,81,39.7,9,4,44.4,53,35,66.0
140,Philadelphia Eagles,2010,13,16,214,85,39.7,13,9,69.2,58,31,53.4,17,16,209,80,38.3,12,5,41.7,43,33,76.7
141,Green Bay Packers,2010,14,16,205,85,41.5,13,5,38.5,53,32,60.4,11,16,213,77,36.2,20,6,30.0,31,15,48.4
142,Kansas City Chiefs,2010,15,16,226,83,36.7,23,10,43.5,52,31,59.6,21,16,223,84,37.7,20,7,35.0,37,26,70.3
143,Baltimore Ravens,2010,16,16,210,82,39.0,10,4,40.0,51,25,49.0,24,16,229,87,38.0,12,6,50.0,40,17,42.5
144,Jacksonville Jaguars,2010,17,16,203,81,39.9,25,16,64.0,46,29,63.0,13,16,189,78,41.3,18,8,44.4,57,31,54.4
145,Buffalo Bills,2010,18,16,211,80,37.9,24,11,45.8,37,19,51.4,30,16,227,98,43.2,10,7,70.0,54,33,61.1
146,Houston Texans,2010,19,16,192,79,41.1,19,9,47.4,53,33,62.3,12,16,195,77,39.5,13,11,84.6,59,40,67.8
147,St. Louis Rams,2010,20,16,235,78,33.2,15,8,53.3,56,20,35.7,5,16,221,74,33.5,12,6,50.0,45,22,48.9
148,Seattle Seahawks,2010,21,16,214,76,35.5,17,6,35.3,50,21,42.0,28,16,238,94,39.5,19,8,42.1,65,30,46.2
149,Cleveland Browns,2010,22,16,202,75,37.1,7,5,71.4,42,19,45.2,29,16,224,96,42.9,15,11,73.3,48,23,47.9
150,Oakland Raiders,2010,23,16,220,75,34.1,20,8,40.0,48,25,52.1,9,16,218,76,34.9,11,3,27.3,49,26,53.1
151,New York Giants,2010,24,16,206,74,35.9,11,3,27.3,54,31,57.4,1,16,208,66,31.7,17,9,52.9,47,25,53.2
152,Minnesota Vikings,2010,25,16,205,71,34.6,17,8,47.1,46,20,43.5,25,16,213,87,40.8,10,5,50.0,46,26,56.5
153,Tennessee Titans,2010,26,16,204,71,34.8,14,8,57.1,43,25,58.1,32,16,242,104,43.0,22,9,40.9,63,26,41.3
154,Carolina Panthers,2010,27,16,227,69,30.4,23,10,43.5,33,10,30.3,20,16,213,81,38.0,9,4,44.4,66,32,48.5
155,San Francisco 49ers,2010,28,16,213,68,31.9,16,8,50.0,42,20,47.6,23,16,217,84,38.7,13,3,23.1,55,26,47.3
156,Denver Broncos,2010,29,16,207,67,32.4,19,6,31.6,52,29,55.8,16,16,209,80,38.3,16,10,62.5,52,32,61.5
157,Chicago Bears,2010,30,16,195,64,32.8,7,2,28.6,51,23,45.1,7,16,216,75,34.7,13,6,46.2,42,20,47.6
158,Washington Redskins,2010,31,16,208,61,29.3,12,6,50.0,43,22,51.2,6,16,214,75,35.0,10,7,70.0,57,28,49.1
159,Arizona Cardinals,2010,32,16,209,58,27.8,18,7,38.9,37,16,43.2,26,16,233,87,37.3,17,9,52.9,69,27,39.1
160,New Orleans Saints,2011,1,16,208,118,56.7,10,3,30.0,75,44,58.7,2,16,202,67,33.2,22,6,27.3,39,23,59.0
161,San Diego Chargers,2011,2,16,211,103,48.8,11,4,36.4,54,29,53.7,30,16,195,96,49.2,9,1,11.1,49,29,59.2
162,Atlanta Falcons,2011,3,16,224,99,44.2,13,4,30.8,59,31,52.5,28,16,211,93,44.1,11,6,54.5,47,22,46.8
163,Baltimore Ravens,2011,4,16,229,97,42.4,7,4,57.1,49,25,51.0,4,16,221,71,32.1,21,10,47.6,42,16,38.1
164,Houston Texans,2011,5,16,224,93,41.5,11,3,27.3,60,28,46.7,13,16,212,76,35.8,13,6,46.2,44,21,47.7
165,Cleveland Browns,2011,6,16,238,92,38.7,18,10,55.6,31,13,41.9,29,16,230,95,41.3,14,6,42.9,49,20,40.8
166,Green Bay Packers,2011,7,16,189,91,48.1,8,4,50.0,66,43,65.2,20,16,195,83,42.6,16,4,25.0,56,31,55.4
167,Pittsburgh Steelers,2011,8,16,196,90,45.9,8,3,37.5,53,27,50.9,24,16,221,86,38.9,13,8,61.5,31,17,54.8
168,New England Patriots,2011,9,16,194,89,45.9,11,7,63.6,72,47,65.3,25,16,202,87,43.1,19,8,42.1,61,34,55.7
169,Philadelphia Eagles,2011,10,16,205,85,41.5,15,7,46.7,66,34,51.5,11,16,211,75,35.5,17,7,41.2,47,28,59.6
170,Minnesota Vikings,2011,11,16,216,83,38.4,18,7,38.9,53,30,56.6,26,16,208,92,44.2,9,5,55.6,56,29,51.8
171,Washington Redskins,2011,12,16,219,81,37.0,13,4,30.8,51,21,41.2,14,16,206,77,37.4,10,4,40.0,57,25,43.9
172,Kansas City Chiefs,2011,13,16,225,81,36.0,17,7,41.2,36,12,33.3,6,16,210,72,34.3,16,7,43.8,51,28,54.9
173,Jacksonville Jaguars,2011,14,16,241,81,33.6,17,6,35.3,35,17,48.6,17,16,218,79,36.2,9,4,44.4,43,24,55.8
174,Cincinnati Bengals,2011,15,16,219,80,36.5,10,4,40.0,51,23,45.1,16,16,220,78,35.5,11,4,36.4,41,24,58.5
175,Tennessee Titans,2011,16,16,218,80,36.7,14,10,71.4,37,22,59.5,31,16,236,96,40.7,20,8,40.0,48,23,47.9
176,Dallas Cowboys,2011,17,16,198,78,39.4,10,5,50.0,51,25,49.0,19,16,204,81,39.7,11,4,36.4,49,27,55.1
177,Seattle Seahawks,2011,18,16,228,77,33.8,15,7,46.7,46,22,47.8,15,16,221,77,34.8,11,7,63.6,39,19,48.7
178,New York Giants,2011,19,16,206,77,37.4,13,4,30.8,56,32,57.1,23,16,220,84,38.2,18,10,55.6,61,34,55.7
179,Detroit Lions,2011,20,16,212,76,35.8,14,8,57.1,58,37,63.8,1,16,205,67,32.7,19,8,42.1,53,26,49.1
180,Tampa Bay Buccaneers,2011,21,16,206,76,36.9,21,8,38.1,38,19,50.0,7,16,185,73,39.5,13,9,69.2,70,40,57.1
181,Carolina Panthers,2011,22,16,185,75,40.5,10,6,60.0,57,33,57.9,21,16,194,83,42.8,12,4,33.3,56,33,58.9
182,Indianapolis Colts,2011,23,16,214,74,34.6,11,4,36.4,38,16,42.1,32,16,216,98,45.4,6,3,50.0,57,35,61.4
183,New York Jets,2011,24,16,213,74,34.7,11,4,36.4,55,36,65.5,3,16,211,69,32.7,10,1,10.0,44,23,52.3
184,Oakland Raiders,2011,25,16,199,71,35.7,13,7,53.8,47,24,51.1,27,16,219,92,42.0,14,4,28.6,51,30,58.8
185,Miami Dolphins,2011,26,16,207,69,33.3,16,6,37.5,53,25,47.2,9,16,219,74,33.8,14,7,50.0,52,23,44.2
186,Chicago Bears,2011,27,16,203,66,32.5,8,2,25.0,38,20,52.6,18,16,229,80,34.9,17,7,41.2,56,25,44.6
187,Arizona Cardinals,2011,28,16,205,66,32.2,15,9,60.0,45,23,51.1,5,16,226,71,31.4,8,4,50.0,58,23,39.7
188,Denver Broncos,2011,29,16,214,66,30.8,13,3,23.1,36,17,47.2,8,16,218,73,33.5,9,3,33.3,52,27,51.9
189,San Francisco 49ers,2011,30,16,221,65,29.4,14,9,64.3,54,22,40.7,12,16,216,76,35.2,17,7,41.2,34,14,41.2
190,St. Louis Rams,2011,31,16,228,64,28.1,23,8,34.8,31,12,38.7,22,16,216,83,38.4,8,5,62.5,52,26,50.0
191,Buffalo Bills,2011,32,16,191,62,32.5,22,9,40.9,53,28,52.8,10,16,189,75,39.7,13,9,69.2,59,38,64.4
192,New England Patriots,2012,1,16,226,110,48.7,12,8,66.7,70,49,70.0,17,16,205,82,40.0,23,9,39.1,46,24,52.2
193,Indianapolis Colts,2012,2,16,229,98,42.8,8,7,87.5,48,26,54.2,7,16,197,75,38.1,7,3,42.9,53,27,50.9
194,Detroit Lions,2012,3,16,228,97,42.5,15,6,40.0,55,33,60.0,9,16,208,76,36.5,6,5,83.3,39,20,51.3
195,Denver Broncos,2012,4,16,213,96,45.1,5,3,60.0,66,39,59.1,1,16,216,66,30.6,18,7,38.9,41,24,58.5
196,Pittsburgh Steelers,2012,5,16,224,94,42.0,13,6,46.2,49,27,55.1,5,16,206,73,35.4,11,8,72.7,42,22,52.4
197,Dallas Cowboys,2012,6,16,212,93,43.9,11,8,72.7,49,25,51.0,15,16,202,81,40.1,11,6,54.5,55,30,54.5
198,Atlanta Falcons,2012,7,16,204,92,45.1,8,2,25.0,63,37,58.7,16,16,200,81,40.5,13,6,46.2,42,19,45.2
199,New Orleans Saints,2012,8,16,207,91,44.0,14,8,57.1,57,39,68.4,14,16,208,80,38.5,19,10,52.6,70,39,55.7
200,Green Bay Packers,2012,9,16,213,90,42.3,13,7,53.8,47,32,68.1,21,16,218,83,38.1,23,9,39.1,47,29,61.7
201,Carolina Panthers,2012,10,16,204,88,43.1,9,3,33.3,46,27,58.7,4,16,202,73,36.1,19,10,52.6,50,27,54.0
202,Houston Texans,2012,11,16,221,83,37.6,7,4,57.1,57,32,56.1,3,16,215,71,33.0,16,5,31.3,40,20,50.0
203,Tennessee Titans,2012,12,16,217,83,38.2,15,5,33.3,36,18,50.0,24,16,214,85,39.7,14,6,42.9,58,37,63.8
204,Philadelphia Eagles,2012,13,16,222,83,37.4,24,14,58.3,50,22,44.0,20,16,203,83,40.9,10,2,20.0,55,30,54.5
205,San Diego Chargers,2012,14,16,217,82,37.8,11,6,54.5,47,22,46.8,29,16,214,90,42.1,10,4,40.0,40,28,70.0
206,Baltimore Ravens,2012,15,16,217,80,36.9,14,6,42.9,49,28,57.1,18,16,232,83,35.8,12,6,50.0,53,23,43.4
207,Seattle Seahawks,2012,16,16,199,80,40.2,18,11,61.1,54,31,57.4,8,16,198,76,38.4,10,3,30.0,38,17,44.7
208,Chicago Bears,2012,17,16,219,80,36.5,13,5,38.5,46,23,50.0,10,16,220,78,35.5,16,10,62.5,41,21,51.2
209,New York Jets,2012,18,16,217,80,36.9,14,7,50.0,47,23,48.9,22,16,226,84,37.2,15,12,80.0,41,24,58.5
210,Miami Dolphins,2012,19,16,207,78,37.7,15,5,33.3,38,21,55.3,26,16,238,87,36.6,17,12,70.6,54,23,42.6
211,Minnesota Vikings,2012,20,16,210,78,37.1,11,7,63.6,52,28,53.8,32,16,230,95,41.3,20,11,55.0,51,31,60.8
212,New York Giants,2012,21,16,192,78,40.6,10,5,50.0,62,34,54.8,23,16,198,84,42.4,21,10,47.6,50,23,46.0
213,Buffalo Bills,2012,22,16,198,77,38.9,8,5,62.5,48,24,50.0,30,16,209,92,44.0,12,6,50.0,55,38,69.1
214,Oakland Raiders,2012,23,16,220,77,35.0,16,4,25.0,42,18,42.9,19,16,212,83,39.2,14,8,57.1,54,30,55.6
215,Tampa Bay Buccaneers,2012,24,16,212,76,35.8,17,7,41.2,47,28,59.6,27,16,219,88,40.2,14,6,42.9,54,30,55.6
216,Cincinnati Bengals,2012,25,16,217,74,34.1,16,11,68.8,57,31,54.4,11,16,219,79,36.1,12,5,41.7,41,21,51.2
217,Kansas City Chiefs,2012,26,16,212,70,33.0,15,7,46.7,37,10,27.0,12,16,202,79,39.1,4,3,75.0,64,34,53.1
218,San Francisco 49ers,2012,27,16,194,68,35.1,12,8,66.7,55,28,50.9,2,16,215,71,33.0,25,14,56.0,36,22,61.1
219,Washington Redskins,2012,28,16,190,68,35.8,17,12,70.6,53,32,60.4,31,16,215,95,44.2,14,8,57.1,52,30,57.7
220,St. Louis Rams,2012,29,16,209,67,32.1,24,13,54.2,37,19,51.4,13,16,213,80,37.6,16,6,37.5,53,27,50.9
221,Cleveland Browns,2012,30,16,218,67,30.7,16,7,43.8,39,17,43.6,25,16,223,85,38.1,11,7,63.6,53,30,56.6
222,Jacksonville Jaguars,2012,31,16,216,64,29.6,26,8,30.8,36,16,44.4,28,16,215,89,41.4,9,4,44.4,66,35,53.0
223,Arizona Cardinals,2012,32,16,230,58,25.2,24,10,41.7,40,16,40.0,6,16,222,73,32.9,9,4,44.4,45,20,44.4
224,San Diego Chargers,2013,1,16,206,101,49.0,6,5,83.3,59,30,50.8,5,16,180,70,38.9,13,6,46.2,45,28,62.2
225,New Orleans Saints,2013,2,16,221,97,43.9,19,9,47.4,57,32,56.1,4,16,199,69,34.7,12,4,33.3,46,26,56.5
226,Washington Redskins,2013,3,16,235,95,40.4,20,6,30.0,50,26,52.0,2,16,194,66,34.0,17,12,70.6,60,38,63.3
227,Denver Broncos,2013,4,16,205,95,46.3,9,8,88.9,67,51,76.1,18,16,218,83,38.1,15,4,26.7,60,37,61.7
228,Detroit Lions,2013,5,16,221,95,43.0,14,5,35.7,56,35,62.5,1,16,211,64,30.3,12,9,75.0,42,16,38.1
229,Tennessee Titans,2013,6,16,227,94,41.4,17,11,64.7,49,28,57.1,3,16,201,69,34.3,11,7,63.6,50,32,64.0
230,Cincinnati Bengals,2013,7,16,225,92,40.9,21,12,57.1,46,34,73.9,6,16,225,74,32.9,16,5,31.3,36,18,50.0
231,Baltimore Ravens,2013,8,16,253,92,36.4,16,6,37.5,52,24,46.2,13,16,233,78,33.5,14,8,57.1,41,20,48.8
232,Carolina Panthers,2013,9,16,208,91,43.8,13,10,76.9,50,29,58.0,8,16,212,76,35.8,11,3,27.3,41,17,41.5
233,New York Jets,2013,10,16,231,90,39.0,8,1,12.5,42,21,50.0,20,16,231,85,36.8,18,7,38.9,49,22,44.9
234,Atlanta Falcons,2013,11,16,207,89,43.0,14,6,42.9,52,27,51.9,29,16,209,96,45.9,11,7,63.6,57,34,59.6
235,Green Bay Packers,2013,12,16,216,89,41.2,13,9,69.2,65,33,50.8,11,16,204,78,38.2,17,10,58.8,57,35,61.4
236,Buffalo Bills,2013,13,16,244,83,34.0,14,4,28.6,44,21,47.7,21,16,245,91,37.1,10,4,40.0,51,24,47.1
237,Philadelphia Eagles,2013,14,16,213,83,39.0,14,7,50.0,57,30,52.6,26,16,231,93,40.3,20,8,40.0,49,26,53.1
238,New England Patriots,2013,15,16,221,83,37.6,15,7,46.7,65,36,55.4,30,16,232,98,42.2,21,4,19.0,50,28,56.0
239,Chicago Bears,2013,16,16,197,83,42.1,13,8,61.5,60,35,58.3,19,16,200,83,41.5,16,12,75.0,59,34,57.6
240,Cleveland Browns,2013,17,16,237,83,35.0,31,14,45.2,36,19,52.8,32,16,244,109,44.7,9,4,44.4,50,32,64.0
241,Houston Texans,2013,18,16,231,83,35.9,17,6,35.3,40,20,50.0,7,16,217,75,34.6,8,3,37.5,48,32,66.7
242,Pittsburgh Steelers,2013,19,16,216,82,38.0,15,9,60.0,53,28,52.8,23,16,230,91,39.6,20,9,45.0,55,31,56.4
243,Indianapolis Colts,2013,20,16,213,80,37.6,10,3,30.0,50,28,56.0,16,16,210,79,37.6,19,10,52.6,41,24,58.5
244,Oakland Raiders,2013,21,16,223,78,35.0,12,7,58.3,42,25,59.5,22,16,211,91,43.1,6,2,33.3,62,37,59.7
245,Minnesota Vikings,2013,22,16,214,78,36.4,19,10,52.6,48,25,52.1,31,16,231,102,44.2,18,11,61.1,63,39,61.9
246,San Francisco 49ers,2013,23,16,211,77,36.5,11,7,63.6,55,31,56.4,9,16,223,76,34.1,23,10,43.5,41,22,53.7
247,Miami Dolphins,2013,24,16,217,76,35.0,12,3,25.0,46,26,56.5,24,16,238,91,38.2,15,8,53.3,56,26,46.4
248,Seattle Seahawks,2013,25,16,204,76,37.3,11,6,54.5,57,32,56.1,10,16,216,76,35.2,11,4,36.4,36,13,36.1
249,Arizona Cardinals,2013,26,16,210,74,35.2,9,5,55.6,50,26,52.0,15,16,221,78,35.3,16,6,37.5,48,26,54.2
250,Kansas City Chiefs,2013,27,16,213,74,34.7,11,4,36.4,57,33,57.9,14,16,229,78,34.1,18,9,50.0,37,19,51.4
251,St. Louis Rams,2013,28,16,212,73,34.4,18,6,33.3,49,25,51.0,12,16,201,78,38.8,16,9,56.3,60,31,51.7
252,Jacksonville Jaguars,2013,29,16,225,70,31.1,30,13,43.3,41,18,43.9,28,16,226,96,42.5,12,9,75.0,65,39,60.0
253,New York Giants,2013,30,16,211,69,32.7,12,6,50.0,36,17,47.2,27,16,232,93,40.1,15,4,26.7,46,25,54.3
254,Tampa Bay Buccaneers,2013,31,16,221,69,31.2,22,8,36.4,37,19,51.4,17,16,204,80,39.2,14,8,57.1,56,28,50.0
255,Dallas Cowboys,2013,32,16,180,63,35.0,6,4,66.7,51,35,68.6,25,16,210,91,43.3,18,9,50.0,62,40,64.5
256,Philadelphia Eagles,2014,1,16,237,103,43.5,11,7,63.6,59,29,49.2,18,16,232,88,37.9,12,3,25.0,43,25,58.1
257,New York Giants,2014,2,16,235,101,43.0,16,5,31.3,61,36,59.0,3,16,200,72,36.0,10,4,40.0,51,25,49.0
258,New England Patriots,2014,3,16,221,98,44.3,13,7,53.8,67,39,58.2,14,16,209,84,40.2,23,8,34.8,46,22,47.8
259,New Orleans Saints,2014,4,16,203,98,48.3,15,8,53.3,65,39,60.0,31,16,215,99,46.0,8,4,50.0,51,32,62.7
260,San Diego Chargers,2014,5,16,215,97,45.1,11,5,45.5,48,26,54.2,19,16,207,89,43.0,10,2,20.0,52,27,51.9
261,Dallas Cowboys,2014,6,16,201,95,47.3,6,3,50.0,51,33,64.7,22,16,204,89,43.6,20,10,50.0,49,30,61.2
262,Denver Broncos,2014,7,16,213,94,44.1,13,6,46.2,62,39,62.9,11,16,222,81,36.5,17,10,58.8,52,30,57.7
263,Green Bay Packers,2014,8,16,197,93,47.2,10,4,40.0,64,37,57.8,13,16,206,83,40.3,28,15,53.6,48,27,56.3
264,Atlanta Falcons,2014,9,16,210,93,44.3,16,8,50.0,44,27,61.4,28,16,203,95,46.8,8,4,50.0,58,33,56.9
265,Pittsburgh Steelers,2014,10,16,208,93,44.7,10,5,50.0,55,29,52.7,2,16,189,71,37.6,14,10,71.4,50,27,54.0
266,Carolina Panthers,2014,11,16,222,93,41.9,10,6,60.0,47,22,46.8,23,16,210,89,42.4,11,5,45.5,46,29,63.0
267,Houston Texans,2014,12,16,235,91,38.7,17,10,58.8,48,26,54.2,5,16,218,74,33.9,17,6,35.3,46,22,47.8
268,New York Jets,2014,13,16,234,91,38.9,16,9,56.3,47,17,36.2,30,16,219,99,45.2,4,0,0.0,49,29,59.2
269,Arizona Cardinals,2014,14,16,224,90,40.2,4,3,75.0,38,16,42.1,10,16,215,81,37.7,13,5,38.5,41,18,43.9
270,Seattle Seahawks,2014,15,16,212,90,42.5,11,3,27.3,60,31,51.7,6,16,202,75,37.1,14,8,57.1,37,22,59.5
271,Indianapolis Colts,2014,16,16,217,89,41.0,15,6,40.0,60,33,55.0,1,16,201,67,33.3,17,4,23.5,50,33,66.0
272,Detroit Lions,2014,17,16,223,86,38.6,20,10,50.0,47,25,53.2,7,16,207,77,37.2,15,6,40.0,49,26,53.1
273,San Francisco 49ers,2014,18,16,213,86,40.4,18,10,55.6,44,19,43.2,17,16,203,88,43.3,14,7,50.0,44,27,61.4
274,Baltimore Ravens,2014,19,16,205,84,41.0,18,9,50.0,63,33,52.4,21,16,221,89,40.3,14,5,35.7,54,23,42.6
275,Cincinnati Bengals,2014,20,16,211,84,39.8,13,7,53.8,49,28,57.1,8,16,215,79,36.7,19,10,52.6,55,27,49.1
276,Buffalo Bills,2014,21,16,229,84,36.7,14,6,42.9,51,22,43.1,4,16,220,73,33.2,11,5,45.5,44,22,50.0
277,Minnesota Vikings,2014,22,16,211,82,38.9,12,6,50.0,39,21,53.8,24,16,217,90,41.5,14,9,64.3,48,26,54.2
278,Miami Dolphins,2014,23,16,200,80,40.0,19,7,36.8,68,35,51.5,29,16,223,98,43.9,22,13,59.1,55,29,52.7
279,Oakland Raiders,2014,24,16,236,80,33.9,15,9,60.0,29,21,72.4,15,16,221,85,38.5,9,4,44.4,57,30,52.6
280,Kansas City Chiefs,2014,25,16,201,80,39.8,12,5,41.7,48,28,58.3,9,16,216,79,36.6,21,8,38.1,54,21,38.9
281,Chicago Bears,2014,26,16,207,78,37.7,28,13,46.4,47,30,63.8,16,16,201,85,42.3,19,12,63.2,71,37,52.1
282,Tampa Bay Buccaneers,2014,27,16,203,76,37.4,12,4,33.3,39,21,53.8,26,16,213,93,43.7,9,5,55.6,52,32,61.5
283,Jacksonville Jaguars,2014,28,16,216,69,31.9,19,7,36.8,32,13,40.6,32,16,236,101,42.8,10,4,40.0,56,27,48.2
284,St. Louis Rams,2014,29,16,192,68,35.4,10,4,40.0,44,22,50.0,12,16,213,82,38.5,10,0,0.0,39,18,46.2
285,Washington Redskins,2014,30,16,197,62,31.5,16,4,25.0,48,23,47.9,20,16,207,89,43.0,9,5,55.6,48,25,52.1
286,Cleveland Browns,2014,31,16,207,61,29.5,14,5,35.7,49,24,49.0,25,16,239,90,37.7,18,11,61.1,54,25,46.3
287,Tennessee Titans,2014,32,16,196,59,30.1,17,6,35.3,39,19,48.7,27,16,227,94,41.4,11,5,45.5,63,37,58.7
288,Atlanta Falcons,2015,1,16,227,107,47.1,19,10,52.6,53,29,54.7,15,16,191,82,42.9,15,5,33.3,53,33,62.3
289,New Orleans Saints,2015,2,16,218,104,47.7,16,10,62.5,58,35,60.3,3,16,176,71,40.3,13,10,76.9,65,44,67.7
290,Seattle Seahawks,2015,3,16,213,99,46.5,9,8,88.9,49,27,55.1,2,16,195,67,34.4,7,1,14.3,38,16,42.1
291,San Diego Chargers,2015,4,16,231,97,42.0,15,5,33.3,44,28,63.6,6,16,195,74,37.9,8,7,87.5,46,23,50.0
292,Houston Texans,2015,5,16,249,96,38.6,19,6,31.6,45,26,57.8,1,16,214,61,28.5,12,7,58.3,39,22,56.4
293,Cleveland Browns,2015,6,16,227,95,41.9,24,10,41.7,47,18,38.3,14,16,203,81,39.9,15,10,66.7,62,36,58.1
294,Washington Redskins,2015,7,16,216,94,43.5,12,7,58.3,49,30,61.2,9,16,207,78,37.7,20,11,55.0,49,27,55.1
295,Indianapolis Colts,2015,8,16,235,94,40.0,13,7,53.8,49,26,53.1,24,16,227,89,39.2,14,10,71.4,53,33,62.3
296,Chicago Bears,2015,9,16,219,93,42.5,10,6,60.0,50,24,48.0,25,16,201,89,44.3,12,5,41.7,45,27,60.0
297,Arizona Cardinals,2015,10,16,198,93,47.0,9,4,44.4,63,38,60.3,7,16,210,75,35.7,17,8,47.1,47,26,55.3
298,New York Jets,2015,11,16,229,93,40.6,14,6,42.9,53,35,66.0,8,16,232,77,33.2,23,13,56.5,40,14,35.0
299,Philadelphia Eagles,2015,12,16,230,91,39.6,16,8,50.0,43,24,55.8,30,16,231,99,42.9,9,6,66.7,61,40,65.6
300,New England Patriots,2015,13,16,215,88,40.9,15,9,60.0,61,40,65.6,18,16,225,84,37.3,18,8,44.4,42,24,57.1
301,Buffalo Bills,2015,14,16,227,86,37.9,16,7,43.8,38,19,50.0,20,16,210,85,40.5,13,3,23.1,45,27,60.0
302,Oakland Raiders,2015,15,16,220,86,39.1,13,5,38.5,41,25,61.0,19,16,224,84,37.5,17,9,52.9,58,30,51.7
303,Carolina Panthers,2015,16,16,203,86,42.4,10,6,60.0,63,43,68.3,23,16,227,86,37.9,26,15,57.7,40,21,52.5
304,Baltimore Ravens,2015,17,16,226,85,37.6,24,12,50.0,47,23,48.9,22,16,216,86,39.8,9,4,44.4,47,25,53.2
305,Tampa Bay Buccaneers,2015,18,16,202,84,41.6,13,7,53.8,51,27,52.9,29,16,211,97,46.0,6,4,66.7,56,36,64.3
306,New York Giants,2015,19,16,217,82,37.8,16,9,56.3,54,24,44.4,32,16,230,108,47.0,14,8,57.1,52,28,53.8
307,Cincinnati Bengals,2015,20,16,201,81,40.3,12,7,58.3,58,38,65.5,21,16,218,86,39.4,20,9,45.0,38,18,47.4
308,Denver Broncos,2015,21,16,224,79,35.3,14,7,50.0,44,21,47.7,12,16,227,80,35.2,14,5,35.7,37,22,59.5
309,Minnesota Vikings,2015,22,16,199,76,38.2,11,5,45.5,44,22,50.0,4,16,206,71,34.5,22,11,50.0,43,19,44.2
310,Kansas City Chiefs,2015,23,16,199,76,38.2,9,6,66.7,54,31,57.4,5,16,217,72,33.2,27,13,48.1,40,24,60.0
311,Detroit Lions,2015,24,16,203,75,36.9,14,7,50.0,49,34,69.4,16,16,200,82,41.0,8,5,62.5,59,37,62.7
312,Pittsburgh Steelers,2015,25,16,193,75,38.9,12,4,33.3,56,34,60.7,26,16,225,90,40.0,24,7,29.2,57,28,49.1
313,Jacksonville Jaguars,2015,26,16,205,72,35.1,15,8,53.3,54,29,53.7,31,16,227,105,46.3,12,6,50.0,57,35,61.4
314,Green Bay Packers,2015,27,16,208,70,33.7,21,11,52.4,52,28,53.8,11,16,220,79,35.9,21,10,47.6,49,28,57.1
315,Dallas Cowboys,2015,28,16,191,66,34.6,16,8,50.0,45,20,44.4,13,16,208,81,38.9,10,5,50.0,49,25,51.0
316,San Francisco 49ers,2015,29,16,213,65,30.5,19,9,47.4,39,17,43.6,17,16,210,82,39.0,11,6,54.5,54,32,59.3
317,Tennessee Titans,2015,30,16,201,64,31.8,15,7,46.7,40,26,65.0,27,16,216,92,42.6,12,4,33.3,53,33,62.3
318,Miami Dolphins,2015,31,16,205,63,30.7,22,8,36.4,43,23,53.5,28,16,221,96,43.4,12,4,33.3,50,30,60.0
319,St. Louis Rams,2015,32,16,201,52,25.9,13,4,30.8,36,19,52.8,10,16,225,78,34.7,15,4,26.7,48,20,41.7
320,New Orleans Saints,2016,1,16,220,107,48.6,15,13,86.7,68,45,66.2,19,16,194,84,43.3,10,4,40.0,56,32,57.1
321,New England Patriots,2016,2,16,227,104,45.8,12,8,66.7,60,38,63.3,3,16,206,76,36.9,18,7,38.9,44,23,52.3
322,Tennessee Titans,2016,3,16,217,100,46.1,11,4,36.4,50,36,72.0,5,16,210,77,36.7,22,12,54.5,55,29,52.7
323,Green Bay Packers,2016,4,16,210,98,46.7,17,7,41.2,66,40,60.6,16,16,199,82,41.2,18,12,66.7,45,28,62.2
324,Tampa Bay Buccaneers,2016,5,16,214,94,43.9,9,4,44.4,54,28,51.9,1,16,195,67,34.4,10,8,80.0,50,29,58.0
325,Washington Redskins,2016,6,16,199,90,45.2,14,7,50.0,61,28,45.9,31,16,208,97,46.6,16,9,56.3,54,32,59.3
326,Indianapolis Colts,2016,7,16,202,87,43.1,18,8,44.4,53,35,66.0,9,16,193,80,41.5,8,3,37.5,50,25,50.0
327,Arizona Cardinals,2016,8,16,214,87,40.7,10,5,50.0,54,35,64.8,23,16,219,85,38.8,15,7,46.7,45,25,55.6
328,Houston Texans,2016,9,16,233,87,37.3,23,9,39.1,44,18,40.9,15,16,213,82,38.5,13,3,23.1,44,23,52.3
329,Buffalo Bills,2016,10,16,210,86,41.0,15,8,53.3,54,35,64.8,11,16,205,82,40.0,14,4,28.6,57,30,52.6
330,Baltimore Ravens,2016,11,16,233,86,36.9,19,8,42.1,46,24,52.2,2,16,214,75,35.0,16,11,68.8,47,26,55.3
331,San Diego Chargers,2016,12,16,200,85,42.5,12,6,50.0,62,32,51.6,18,16,208,83,39.9,16,11,68.8,66,36,54.5
332,Philadelphia Eagles,2016,13,16,224,85,37.9,27,13,48.1,55,27,49.1,14,16,205,82,40.0,18,8,44.4,51,23,45.1
333,Detroit Lions,2016,14,16,195,83,42.6,10,7,70.0,48,26,54.2,28,16,198,90,45.5,8,3,37.5,53,36,67.9
334,Oakland Raiders,2016,15,16,218,83,38.1,13,6,46.2,56,32,57.1,7,16,198,78,39.4,15,4,26.7,57,33,57.9
335,Pittsburgh Steelers,2016,16,16,202,83,41.1,16,9,56.3,49,29,59.2,26,16,214,88,41.1,21,11,52.4,57,26,45.6
336,Carolina Panthers,2016,17,16,223,83,37.2,17,11,64.7,49,29,59.2,8,16,211,80,37.9,13,9,69.2,55,24,43.6
337,Cincinnati Bengals,2016,18,16,210,82,39.0,9,7,77.8,54,29,53.7,25,16,217,86,39.6,19,9,47.4,49,25,51.0
338,Minnesota Vikings,2016,19,16,213,81,38.0,18,8,44.4,50,23,46.0,10,16,206,80,38.8,14,3,21.4,44,24,54.5
339,Kansas City Chiefs,2016,20,16,213,81,38.0,14,10,71.4,55,25,45.5,30,16,222,96,43.2,20,10,50.0,53,26,49.1
340,Dallas Cowboys,2016,21,16,189,80,42.3,9,8,88.9,57,38,66.7,4,16,197,77,39.1,14,9,64.3,54,29,53.7
341,Seattle Seahawks,2016,22,16,207,79,38.2,11,4,36.4,56,26,46.4,12,16,212,82,38.7,20,6,30.0,46,26,56.5
342,New York Giants,2016,23,16,219,78,35.6,19,9,47.4,43,23,53.5,20,16,238,84,35.3,14,7,50.0,43,17,39.5
343,Jacksonville Jaguars,2016,24,16,221,78,35.3,16,7,43.8,40,24,60.0,17,16,224,83,37.1,13,6,46.2,55,30,54.5
344,San Francisco 49ers,2016,25,16,222,78,35.1,19,10,52.6,44,30,68.2,32,16,226,102,45.1,7,4,57.1,66,41,62.1
345,Cleveland Browns,2016,26,16,212,77,36.3,18,13,72.2,44,24,54.5,29,16,206,93,45.1,12,9,75.0,60,40,66.7
346,New York Jets,2016,27,16,210,76,36.2,19,8,42.1,54,19,35.2,21,16,210,84,40.0,10,2,20.0,51,29,56.9
347,Atlanta Falcons,2016,28,16,178,75,42.1,14,8,57.1,63,39,61.9,27,16,213,89,41.8,25,18,72.0,55,40,72.7
348,Denver Broncos,2016,29,16,219,75,34.2,17,9,52.9,47,22,46.8,24,16,236,86,36.4,16,6,37.5,42,22,52.4
349,Chicago Bears,2016,30,16,185,70,37.8,14,4,28.6,49,25,51.0,22,16,210,85,40.5,14,10,71.4,59,31,52.5
350,Miami Dolphins,2016,31,16,188,69,36.7,4,0,0.0,47,26,55.3,6,16,213,77,36.2,16,9,56.3,51,29,56.9
351,Los Angeles Rams,2016,32,16,213,67,31.5,20,8,40.0,34,16,47.1,13,16,220,82,37.3,14,12,85.7,52,37,71.2
352,Buffalo Bills,2017,1,16,241,101,41.9,15,2,13.3,44,23,52.3,13,16,214,82,38.3,20,11,55.0,57,30,52.6
353,Philadelphia Eagles,2017,2,16,230,96,41.7,26,17,65.4,55,36,65.5,2,16,205,66,32.2,18,4,22.2,38,21,55.3
354,Minnesota Vikings,2017,3,16,216,94,43.5,7,1,14.3,57,33,57.9,1,16,202,51,25.2,23,9,39.1,40,16,40.0
355,Denver Broncos,2017,4,16,241,94,39.0,20,7,35.0,48,19,39.6,3,16,209,66,31.6,21,7,33.3,41,24,58.5
356,Carolina Panthers,2017,5,16,222,93,41.9,11,5,45.5,52,28,53.8,10,16,206,78,37.9,20,7,35.0,44,21,47.7
357,Pittsburgh Steelers,2017,6,16,209,92,44.0,8,3,37.5,63,32,50.8,5,16,199,72,36.2,19,6,31.6,39,24,61.5
358,San Francisco 49ers,2017,7,16,234,91,38.9,18,8,44.4,51,24,47.1,29,16,221,95,43.0,12,10,83.3,57,34,59.6
359,Los Angeles Rams,2017,8,16,214,88,41.1,12,5,41.7,69,38,55.1,20,16,227,86,37.9,15,9,60.0,46,27,58.7
360,Atlanta Falcons,2017,9,16,197,88,44.7,13,4,30.8,54,27,50.0,8,16,196,75,38.3,19,13,68.4,48,22,45.8
361,Indianapolis Colts,2017,10,16,228,87,38.2,17,8,47.1,40,16,40.0,30,16,217,97,44.7,14,7,50.0,51,27,52.9
362,Dallas Cowboys,2017,11,16,203,87,42.9,19,10,52.6,52,31,59.6,27,16,210,90,42.9,13,4,30.8,49,28,57.1
363,Tampa Bay Buccaneers,2017,12,16,196,85,43.4,8,4,50.0,53,26,49.1,32,16,216,104,48.1,9,2,22.2,53,29,54.7
364,Jacksonville Jaguars,2017,13,16,228,85,37.3,13,10,76.9,50,32,64.0,7,16,220,74,33.6,13,6,46.2,28,11,39.3
365,Los Angeles Chargers,2017,14,16,209,84,40.2,11,5,45.5,47,22,46.8,22,16,221,86,38.9,20,6,30.0,36,13,36.1
366,Green Bay Packers,2017,15,16,211,83,39.3,28,15,53.6,42,26,61.9,26,16,208,89,42.8,10,8,80.0,46,30,65.2
367,New England Patriots,2017,16,16,202,82,40.6,13,8,61.5,70,42,60.0,16,16,208,82,39.4,23,10,43.5,48,21,43.8
368,Arizona Cardinals,2017,17,16,233,82,35.2,16,7,43.8,48,20,41.7,12,16,224,80,35.7,16,7,43.8,46,27,58.7
369,Oakland Raiders,2017,18,16,204,82,40.2,24,8,33.3,34,20,58.8,25,16,215,88,40.9,10,7,70.0,48,23,47.9
370,New York Jets,2017,19,16,228,81,35.5,13,7,53.8,33,18,54.5,15,16,221,82,37.1,11,5,45.5,52,29,55.8
371,Detroit Lions,2017,20,16,209,81,38.8,9,1,11.1,46,26,56.5,6,16,194,74,38.1,15,8,53.3,55,34,61.8
372,Seattle Seahawks,2017,21,16,212,79,37.3,9,5,55.6,45,25,55.6,19,16,223,85,38.1,15,7,46.7,42,20,47.6
373,Kansas City Chiefs,2017,22,16,199,78,39.2,10,3,30.0,50,21,42.0,17,16,207,83,40.1,17,9,52.9,51,28,54.9
374,Houston Texans,2017,23,16,209,76,36.4,10,5,50.0,42,22,52.4,4,16,201,71,35.3,8,5,62.5,54,33,61.1
375,Baltimore Ravens,2017,24,16,223,76,34.1,16,10,62.5,52,30,57.7,14,16,222,82,36.9,16,6,37.5,45,22,48.9
376,New York Giants,2017,25,16,227,74,32.6,21,8,38.1,39,19,48.7,24,16,222,88,39.6,17,5,29.4,53,29,54.7
377,Cleveland Browns,2017,26,16,216,73,33.8,23,12,52.2,39,19,48.7,28,16,224,91,40.6,10,5,50.0,46,31,67.4
378,New Orleans Saints,2017,27,16,194,73,37.6,15,12,80.0,55,32,58.2,23,16,212,87,41.0,12,4,33.3,48,25,52.1
379,Tennessee Titans,2017,28,16,202,71,35.1,10,5,50.0,40,21,52.5,11,16,214,78,36.4,16,10,62.5,56,27,48.2
380,Chicago Bears,2017,29,16,205,71,34.6,18,7,38.9,33,20,60.6,21,16,219,86,39.3,11,6,54.5,49,24,49.0
381,Cincinnati Bengals,2017,30,16,199,67,33.7,12,5,41.7,43,24,55.8,31,16,241,98,40.7,19,9,47.4,56,26,46.4
382,Washington Redskins,2017,31,16,204,66,32.4,16,9,56.3,46,25,54.3,18,16,226,83,36.7,15,9,60.0,57,29,50.9
383,Miami Dolphins,2017,32,16,202,64,31.7,24,7,29.2,38,20,52.6,9,16,203,75,36.9,8,2,25.0,51,32,62.7
384,Indianapolis Colts,2018,1,16,214,104,48.6,15,7,46.7,64,44,68.8,23,16,200,82,41.0,15,7,46.7,43,23,53.5
385,Baltimore Ravens,2018,2,16,231,104,45.0,22,13,59.1,59,33,55.9,6,16,211,72,34.1,20,10,50.0,41,26,63.4
386,Jacksonville Jaguars,2018,3,16,230,93,40.4,17,8,47.1,34,15,44.1,20,16,212,80,37.7,12,3,25.0,47,24,51.1
387,Atlanta Falcons,2018,4,16,203,92,45.3,19,10,52.6,50,32,64.0,31,16,195,95,48.7,13,10,76.9,54,38,70.4
388,Dallas Cowboys,2018,5,16,215,89,41.4,21,12,57.1,50,24,48.0,25,16,201,85,42.3,14,6,42.9,49,25,51.0
389,Pittsburgh Steelers,2018,6,16,198,88,44.4,14,9,64.3,49,36,73.5,7,16,197,72,36.5,13,7,53.8,49,29,59.2
390,Tampa Bay Buccaneers,2018,7,16,187,86,46.0,13,9,69.2,60,36,60.0,9,16,181,73,40.3,14,7,50.0,58,45,77.6
391,Los Angeles Rams,2018,8,16,191,86,45.0,15,6,40.0,80,46,57.5,4,16,188,70,37.2,15,9,60.0,52,30,57.7
392,Philadelphia Eagles,2018,9,16,205,84,41.0,23,14,60.9,57,33,57.9,5,16,201,71,35.3,19,11,57.9,56,25,44.6
393,Kansas City Chiefs,2018,10,16,176,83,47.2,15,12,80.0,71,51,71.8,21,16,193,80,41.5,27,18,66.7,58,42,72.4
394,Chicago Bears,2018,11,16,200,82,41.0,15,9,60.0,54,36,66.7,12,16,219,75,34.2,28,16,57.1,40,20,50.0
395,Tennessee Titans,2018,12,16,205,82,40.0,12,7,58.3,47,25,53.2,13,16,205,75,36.6,20,11,55.0,47,21,44.7
396,New England Patriots,2018,13,16,201,82,40.8,14,7,50.0,57,34,59.6,15,16,197,76,38.6,16,6,37.5,46,27,58.7
397,New Orleans Saints,2018,14,16,184,82,44.6,16,13,81.3,69,48,69.6,16,16,189,78,41.3,29,14,48.3,49,31,63.3
398,Seattle Seahawks,2018,15,16,208,81,38.9,14,11,78.6,55,36,65.5,2,16,183,64,35.0,13,6,46.2,51,25,49.0
399,Houston Texans,2018,16,16,208,77,37.0,12,8,66.7,60,30,50.0,29,16,227,91,40.1,20,12,60.0,41,29,70.7
400,Carolina Panthers,2018,17,16,185,77,41.6,19,9,47.4,58,36,62.1,10,16,183,73,39.9,17,10,58.8,47,33,70.2
401,New York Giants,2018,18,16,206,76,36.9,20,12,60.0,54,27,50.0,27,16,206,87,42.2,17,14,82.4,58,33,56.9
402,Green Bay Packers,2018,19,16,204,75,36.8,20,10,50.0,47,29,61.7,18,16,212,79,37.3,18,12,66.7,56,34,60.7
403,Detroit Lions,2018,20,16,208,75,36.1,18,11,61.1,49,26,53.1,3,16,186,69,37.1,17,9,52.9,47,27,57.4
404,Washington Redskins,2018,21,16,206,75,36.4,18,10,55.6,40,21,52.5,26,16,196,86,43.9,13,5,38.5,52,27,51.9
405,Minnesota Vikings,2018,22,16,204,73,35.8,21,9,42.9,50,27,54.0,1,16,190,58,30.5,19,9,47.4,49,22,44.9
406,Oakland Raiders,2018,23,16,197,73,37.1,16,7,43.8,43,23,53.5,30,16,201,93,46.3,12,8,66.7,62,37,59.7
407,San Francisco 49ers,2018,24,16,193,73,37.8,10,5,50.0,51,21,41.2,28,16,216,87,40.3,17,10,58.8,58,38,65.5
408,Cleveland Browns,2018,25,16,208,73,35.1,21,9,42.9,48,32,66.7,14,16,210,75,35.7,20,13,65.0,54,33,61.1
409,Los Angeles Chargers,2018,26,16,177,70,39.5,8,7,87.5,53,34,64.2,19,16,202,79,39.1,20,11,55.0,50,25,50.0
410,New York Jets,2018,27,16,214,69,32.2,22,11,50.0,45,20,44.4,8,16,213,72,33.8,14,9,64.3,59,31,52.5
411,Denver Broncos,2018,28,16,207,69,33.3,25,15,60.0,44,25,56.8,22,16,211,82,38.9,11,6,54.5,43,25,58.1
412,Cincinnati Bengals,2018,29,16,187,69,36.9,17,9,52.9,45,32,71.1,32,16,223,109,48.9,17,11,64.7,61,39,63.9
413,Buffalo Bills,2018,30,16,215,68,31.6,18,7,38.9,37,22,59.5,11,16,203,74,36.5,11,6,54.5,48,34,70.8
414,Arizona Cardinals,2018,31,16,199,58,29.1,16,6,37.5,28,18,64.3,17,16,205,78,38.0,13,8,61.5,53,33,62.3
415,Miami Dolphins,2018,32,16,186,56,30.1,13,8,61.5,31,16,51.6,24,16,196,84,42.9,15,6,40.0,61,37,60.7
416,Philadelphia Eagles,2019,1,16,229,104,45.4,24,8,33.3,54,36,66.7,4,16,205,70,34.1,18,11,61.1,43,24,55.8
417,Dallas Cowboys,2019,2,16,204,96,47.1,16,7,43.8,54,31,57.4,3,16,201,67,33.3,22,10,45.5,57,29,50.9
418,Detroit Lions,2019,3,16,220,90,40.9,13,5,38.5,42,25,59.5,29,16,214,94,43.9,15,7,46.7,57,33,57.9
419,San Francisco 49ers,2019,4,16,200,90,45.0,12,7,58.3,62,33,53.2,2,16,192,64,33.3,25,8,32.0,40,24,60.0
420,Tampa Bay Buccaneers,2019,5,16,217,90,41.5,17,9,52.9,54,35,64.8,12,16,218,75,34.4,27,13,48.1,60,30,50.0
421,Kansas City Chiefs,2019,6,16,187,89,47.6,10,6,60.0,50,27,54.0,11,16,202,75,37.1,31,16,51.6,57,29,50.9
422,Oakland Raiders,2019,7,16,201,88,43.8,19,11,57.9,53,28,52.8,20,16,190,81,42.6,13,9,69.2,55,37,67.3
423,Baltimore Ravens,2019,8,16,187,88,47.1,24,17,70.8,64,43,67.2,6,16,194,72,37.1,18,6,33.3,44,21,47.7
424,Atlanta Falcons,2019,9,16,207,87,42.0,21,13,61.9,60,31,51.7,16,16,193,77,39.9,20,12,60.0,53,31,58.5
425,New England Patriots,2019,10,16,227,87,38.3,15,6,40.0,60,30,50.0,1,16,195,47,24.1,22,8,36.4,29,14,48.3
426,Indianapolis Colts,2019,11,16,207,86,41.5,24,14,58.3,56,36,64.3,23,16,199,85,42.7,19,8,42.1,50,26,52.0
427,Los Angeles Chargers,2019,12,16,194,86,44.3,18,10,55.6,53,28,52.8,27,16,195,88,45.1,13,8,61.5,40,24,60.0
428,Houston Texans,2019,13,16,193,84,43.5,25,13,52.0,53,34,64.2,30,16,202,98,48.5,16,7,43.8,49,35,71.4
429,Los Angeles Rams,2019,14,16,208,83,39.9,13,3,23.1,59,38,64.4,25,16,218,86,39.4,24,14,58.3,52,33,63.5
430,Minnesota Vikings,2019,15,16,194,83,42.8,15,8,53.3,56,34,60.7,22,16,214,85,39.7,29,16,55.2,48,21,43.8
431,New Orleans Saints,2019,16,16,192,81,42.2,13,5,38.5,57,34,59.6,7,16,210,73,34.8,25,11,44.0,47,28,59.6
432,Cincinnati Bengals,2019,17,16,222,80,36.0,26,13,50.0,48,21,43.8,28,16,209,89,42.6,10,5,50.0,51,25,49.0
433,Seattle Seahawks,2019,18,16,200,79,39.5,14,7,50.0,60,38,63.3,5,16,185,71,38.4,12,7,58.3,52,32,61.5
434,New York Giants,2019,19,16,212,79,37.3,31,14,45.2,42,24,57.1,24,16,216,86,39.8,14,8,57.1,54,31,57.4
435,Chicago Bears,2019,20,16,216,77,35.6,21,7,33.3,46,24,52.2,13,16,209,76,36.4,23,13,56.5,53,29,54.7
436,Buffalo Bills,2019,21,16,212,76,35.8,18,8,44.4,44,25,56.8,15,16,212,76,35.8,21,8,38.1,43,24,55.8
437,Jacksonville Jaguars,2019,22,16,220,76,34.5,25,12,48.0,47,19,40.4,18,16,190,79,41.6,11,5,45.5,56,32,57.1
438,Green Bay Packers,2019,23,16,203,73,36.0,14,7,50.0,50,32,64.0,10,16,197,75,38.1,18,8,44.4,48,24,50.0
439,Miami Dolphins,2019,24,16,207,71,34.3,28,13,46.4,48,27,56.3,21,16,194,81,41.8,13,8,61.5,59,37,62.7
440,Arizona Cardinals,2019,25,16,197,71,36.0,20,13,65.0,53,24,45.3,31,16,214,100,46.7,14,3,21.4,62,37,59.7
441,Cleveland Browns,2019,26,16,196,71,36.2,17,7,41.2,50,29,58.0,9,16,195,74,37.9,17,6,35.3,57,35,61.4
442,Tennessee Titans,2019,27,16,185,70,37.8,14,4,28.6,45,34,75.6,8,16,204,74,36.3,25,10,40.0,47,32,68.1
443,Pittsburgh Steelers,2019,28,16,195,67,34.4,15,2,13.3,40,14,35.0,14,16,209,76,36.4,21,10,47.6,46,23,50.0
444,Carolina Panthers,2019,29,16,207,66,31.9,24,12,50.0,50,29,58.0,17,16,193,77,39.9,9,6,66.7,64,41,64.1
445,New York Jets,2019,30,16,212,65,30.7,19,7,36.8,33,18,54.5,26,16,225,88,39.1,12,3,25.0,48,26,54.2
446,Denver Broncos,2019,31,16,202,64,31.7,16,11,68.8,42,20,47.6,19,16,211,79,37.4,19,9,47.4,46,18,39.1
447,Washington Redskins,2019,32,16,179,52,29.1,14,6,42.9,41,20,48.8,32,16,227,111,48.9,19,12,63.2,59,36,61.0
448,Baltimore Ravens,2020,1,16,207,101,48.8,19,12,63.2,60,38,63.3,2,16,191,65,34.0,35,16,45.7,45,28,62.2
449,Los Angeles Chargers,2020,2,16,224,99,44.2,25,12,48.0,56,32,57.1,21,16,204,89,43.6,15,10,66.7,55,32,58.2
450,Los Angeles Rams,2020,3,16,226,98,43.4,17,8,47.1,57,33,57.9,6,16,209,74,35.4,21,9,42.9,46,27,58.7
451,Atlanta Falcons,2020,4,16,221,97,43.9,26,15,57.7,58,31,53.4,12,16,195,80,41.0,23,10,43.5,56,36,64.3
452,Pittsburgh Steelers,2020,5,16,230,97,42.2,19,10,52.6,52,33,63.5,17,16,222,83,37.4,20,5,25.0,45,25,55.6
453,Kansas City Chiefs,2020,6,16,194,95,49.0,16,9,56.3,59,36,61.0,9,16,188,77,41.0,20,13,65.0,47,36,76.6
454,Buffalo Bills,2020,7,16,187,93,49.7,10,8,80.0,68,42,61.8,7,16,191,76,39.8,19,11,57.9,58,38,65.5
455,New Orleans Saints,2020,8,16,208,93,44.7,16,11,68.8,68,49,72.1,10,16,207,79,38.2,30,16,53.3,50,34,68.0
456,Las Vegas Raiders,2020,9,16,198,91,46.0,21,16,76.2,59,32,54.2,30,16,205,100,48.8,17,14,82.4,68,42,61.8
457,Green Bay Packers,2020,10,16,180,89,49.4,21,13,61.9,60,48,80.0,5,16,185,73,39.5,24,14,58.3,52,30,57.7
458,Washington Football Team,2020,11,16,225,88,39.1,19,11,57.9,47,27,57.4,15,16,216,81,37.5,24,9,37.5,43,23,53.5
459,Cleveland Browns,2020,12,16,196,88,44.9,24,8,33.3,53,39,73.6,23,16,205,90,43.9,27,22,81.5,61,37,60.7
460,Dallas Cowboys,2020,13,16,215,87,40.5,31,17,54.8,54,27,50.0,29,16,209,98,46.9,21,10,47.6,55,34,61.8
461,Jacksonville Jaguars,2020,14,16,207,84,40.6,26,7,26.9,45,27,60.0,18,16,198,86,43.4,18,12,66.7,63,40,63.5
462,Tennessee Titans,2020,15,16,182,84,46.2,16,10,62.5,64,48,75.0,32,16,214,111,51.9,26,15,57.7,65,45,69.2
463,Houston Texans,2020,16,16,193,83,43.0,16,9,56.3,50,27,54.0,27,16,202,96,47.5,21,11,52.4,63,40,63.5
464,Tampa Bay Buccaneers,2020,17,16,191,83,43.5,14,8,57.1,61,42,68.9,16,16,205,82,40.0,25,14,56.0,51,32,62.7
465,Philadelphia Eagles,2020,18,16,220,82,37.3,35,15,42.9,46,28,60.9,14,16,211,80,37.9,18,7,38.9,51,33,64.7
466,Denver Broncos,2020,19,16,212,82,38.7,15,4,26.7,45,24,53.3,20,16,219,88,40.2,14,7,50.0,61,29,47.5
467,Arizona Cardinals,2020,20,16,202,80,39.6,25,17,68.0,58,38,65.5,11,16,202,80,39.6,21,14,66.7,56,29,51.8
468,Detroit Lions,2020,21,16,192,79,41.1,20,10,50.0,53,35,66.0,26,16,193,91,47.2,18,11,61.1,65,47,72.3
469,Miami Dolphins,2020,22,16,202,78,38.6,10,8,80.0,60,35,58.3,1,16,186,58,31.2,26,12,46.2,47,27,57.4
470,Indianapolis Colts,2020,23,16,197,78,39.6,26,16,61.5,60,35,58.3,19,16,203,86,42.4,14,6,42.9,52,32,61.5
471,Cincinnati Bengals,2020,24,16,213,77,36.2,27,19,70.4,48,24,50.0,25,16,210,91,43.3,16,10,62.5,58,37,63.8
472,San Francisco 49ers,2020,25,16,197,77,39.1,15,6,40.0,55,37,67.3,3,16,200,71,35.5,20,13,65.0,45,26,57.8
473,New England Patriots,2020,26,16,186,76,40.9,17,9,52.9,48,26,54.2,8,16,186,76,40.9,16,9,56.3,49,32,65.3
474,Seattle Seahawks,2020,27,16,189,76,40.2,14,8,57.1,56,41,73.2,31,16,223,105,47.1,23,10,43.5,56,35,62.5
475,Carolina Panthers,2020,28,16,195,76,39.0,27,15,55.6,57,29,50.9,28,16,199,98,49.2,10,6,60.0,57,36,63.2
476,Minnesota Vikings,2020,29,16,181,74,40.9,23,13,56.5,59,42,71.2,4,16,185,73,39.5,24,17,70.8,58,34,58.6
477,New York Giants,2020,30,16,198,72,36.4,22,14,63.6,41,19,46.3,24,16,204,91,44.6,18,11,61.1,59,30,50.8
478,Chicago Bears,2020,31,16,205,71,34.6,28,17,60.7,55,31,56.4,13,16,210,80,38.1,22,13,59.1,53,29,54.7
479,New York Jets,2020,32,16,206,70,34.0,18,7,38.9,38,16,42.1,22,16,202,90,44.6,12,5,41.7,60,36,60.0
480,Los Angeles Chargers,2021,1,1,19,14,73.7,0,0,,6,2,33.3,3,1,10,3,30.0,1,1,100.0,2,1,50.0
481,Houston Texans,2021,2,1,21,12,57.1,0,0,,6,4,66.7,8,1,11,3,27.3,1,1,100.0,1,1,100.0
482,New England Patriots,2021,3,1,16,11,68.8,0,0,,4,1,25.0,12,1,11,4,36.4,0,0,,2,2,100.0
483,Dallas Cowboys,2021,4,1,17,9,52.9,0,0,,4,1,25.0,16,1,11,5,45.5,0,0,,5,3,60.0
484,Kansas City Chiefs,2021,5,1,13,9,69.2,0,0,,5,3,60.0,2,1,7,2,28.6,4,3,75.0,4,4,100.0
485,Buffalo Bills,2021,6,1,18,8,44.4,3,1,33.3,4,1,25.0,9,1,12,4,33.3,0,0,,3,1,33.3
486,Las Vegas Raiders,2021,7,1,15,7,46.7,1,0,0.0,6,3,50.0,4,1,12,3,25.0,2,1,50.0,2,2,100.0
487,Arizona Cardinals,2021,8,1,13,7,53.8,0,0,,5,4,80.0,17,1,14,5,35.7,3,1,33.3,2,2,100.0
488,Denver Broncos,2021,9,1,15,7,46.7,3,3,100.0,5,2,40.0,20,1,12,6,50.0,3,1,33.3,3,1,33.3
489,Minnesota Vikings,2021,10,1,16,6,37.5,2,2,100.0,2,2,100.0,6,1,14,3,21.4,3,2,66.7,3,2,66.7
490,Los Angeles Rams,2021,11,1,11,6,54.5,1,1,100.0,4,2,50.0,19,1,11,5,45.5,4,0,0.0,3,2,66.7
491,Philadelphia Eagles,2021,12,1,13,6,46.2,2,0,0.0,3,3,100.0,5,1,14,3,21.4,3,1,33.3,2,0,0.0
492,New York Giants,2021,13,1,12,6,50.0,3,1,33.3,3,1,33.3,26,1,15,7,46.7,3,3,100.0,5,2,40.0
493,Tampa Bay Buccaneers,2021,14,1,11,5,45.5,0,0,,5,3,60.0,29,1,17,9,52.9,0,0,,4,1,25.0
494,New Orleans Saints,2021,15,1,10,5,50.0,2,2,100.0,4,4,100.0,1,1,10,1,10.0,3,2,66.7,2,0,0.0
495,Indianapolis Colts,2021,16,1,13,5,38.5,3,0,0.0,4,2,50.0,13,1,9,4,44.4,0,0,,2,2,100.0
496,Tennessee Titans,2021,17,1,14,5,35.7,3,1,33.3,2,2,100.0,24,1,13,7,53.8,0,0,,5,4,80.0
497,Chicago Bears,2021,18,1,11,5,45.5,4,0,0.0,3,2,66.7,23,1,11,6,54.5,1,1,100.0,4,2,50.0
498,Miami Dolphins,2021,19,1,11,4,36.4,0,0,,2,2,100.0,30,1,16,11,68.8,0,0,,4,1,25.0
499,Detroit Lions,2021,20,1,15,4,26.7,5,2,40.0,3,3,100.0,7,1,9,3,33.3,0,0,,2,2,100.0
500,New York Jets,2021,21,1,13,4,30.8,2,1,50.0,1,1,100.0,11,1,14,4,28.6,1,0,0.0,4,1,25.0
501,Seattle Seahawks,2021,22,1,9,4,44.4,0,0,,2,2,100.0,18,1,13,5,38.5,3,0,0.0,4,2,50.0
502,Pittsburgh Steelers,2021,23,1,12,4,33.3,0,0,,3,1,33.3,27,1,18,8,44.4,3,1,33.3,4,1,25.0
503,Carolina Panthers,2021,24,1,14,4,28.6,1,0,0.0,4,1,25.0,14,1,13,4,30.8,2,1,50.0,1,1,100.0
504,Jacksonville Jaguars,2021,25,1,11,3,27.3,1,1,100.0,1,1,100.0,31,1,21,12,57.1,0,0,,6,4,66.7
505,San Francisco 49ers,2021,26,1,9,3,33.3,0,0,,2,2,100.0,10,1,15,4,26.7,5,2,40.0,3,3,100.0
506,Baltimore Ravens,2021,27,1,12,3,25.0,2,1,50.0,2,2,100.0,25,1,15,7,46.7,1,0,0.0,6,3,50.0
507,Cincinnati Bengals,2021,28,1,14,3,21.4,3,2,66.7,3,2,66.7,22,1,16,6,37.5,2,2,100.0,2,2,100.0
508,Atlanta Falcons,2021,29,1,14,3,21.4,3,1,33.3,2,0,0.0,21,1,13,6,46.2,2,0,0.0,3,3,100.0
509,Washington Football Team,2021,30,1,10,3,30.0,1,1,100.0,2,1,50.0,32,1,19,14,73.7,0,0,,6,2,33.3
510,Cleveland Browns,2021,31,1,7,2,28.6,4,3,75.0,4,4,100.0,28,1,13,9,69.2,0,0,,5,3,60.0
511,Green Bay Packers,2021,32,1,10,1,10.0,3,2,66.7,2,0,0.0,15,1,10,5,50.0,2,2,100.0,4,4,100.0
