,Tm,Year,Rk,G,Att,Yds,TD,Lng,Y/A,Y/G,Fmb,EXP,opp_Rk,opp_G,opp_Att,opp_Yds,opp_TD,opp_Y/A,opp_Y/G,opp_EXP
0,Atlanta Falcons,2006,1,16,537,2939,9,90,5.5,183.7,18,-23.87,9,16,442,1657,14,3.7,103.6,96.86
1,San Diego Chargers,2006,2,16,522,2578,32,85,4.9,161.1,19,-24.15,7,16,386,1613,13,4.2,100.8,53.30
2,Jacksonville Jaguars,2006,3,16,513,2541,23,76,5.0,158.8,16,-16.46,4,16,420,1460,14,3.5,91.3,36.55
3,Washington Redskins,2006,4,16,490,2216,13,38,4.5,138.5,20,-42.65,27,16,492,2197,9,4.5,137.3,86.24
4,Tennessee Titans,2006,5,16,469,2214,15,70,4.7,138.4,29,-61.05,30,16,506,2313,20,4.6,144.6,16.91
5,San Francisco 49ers,2006,6,16,438,2172,12,72,5.0,135.8,24,-88.24,19,16,473,1936,18,4.1,121.0,62.68
6,New York Giants,2006,7,16,455,2156,14,55,4.7,134.8,23,-38.68,14,16,458,1830,19,4.0,114.4,95.14
7,Denver Broncos,2006,8,16,488,2152,12,72,4.4,134.5,29,-49.57,12,16,446,1813,13,4.1,113.3,78.00
8,Kansas City Chiefs,2006,9,16,513,2143,17,47,4.2,133.9,25,-65.39,18,16,461,1928,14,4.2,120.5,76.60
9,Pittsburgh Steelers,2006,10,16,469,1992,16,76,4.2,124.5,27,-65.62,3,16,408,1412,9,3.5,88.3,92.16
10,Philadelphia Eagles,2006,11,16,416,1984,13,71,4.8,124.0,26,-32.86,26,16,489,2182,12,4.5,136.4,56.59
11,New England Patriots,2006,12,16,499,1969,20,50,3.9,123.1,27,-95.59,5,16,388,1507,11,3.9,94.2,81.94
12,Dallas Cowboys,2006,13,16,472,1936,21,77,4.1,121.0,21,-74.83,10,16,429,1659,12,3.9,103.7,65.36
13,Seattle Seahawks,2006,14,16,484,1923,8,37,4.0,120.2,21,-114.29,22,16,441,2029,12,4.6,126.8,68.60
14,Chicago Bears,2006,15,16,503,1918,14,30,3.8,119.9,26,-68.43,6,16,402,1590,7,4.0,99.4,115.65
15,Minnesota Vikings,2006,16,16,442,1820,12,95,4.1,113.8,31,-74.00,1,16,348,985,9,2.8,61.6,115.89
16,St. Louis Rams,2006,17,16,424,1805,13,59,4.3,112.8,20,-55.02,31,16,477,2327,21,4.9,145.4,80.43
17,Indianapolis Colts,2006,18,16,439,1762,17,41,4.0,110.1,13,-83.82,32,16,519,2768,20,5.3,173.0,16.24
18,New Orleans Saints,2006,19,16,472,1761,19,57,3.7,110.1,23,-107.78,23,16,418,2063,10,4.9,128.9,48.02
19,New York Jets,2006,20,16,491,1738,15,32,3.5,108.6,21,-130.96,24,16,453,2084,14,4.6,130.3,29.32
20,Houston Texans,2006,21,16,431,1685,13,35,3.9,105.3,28,-36.94,20,16,446,1956,16,4.4,122.3,67.07
21,Miami Dolphins,2006,22,16,402,1673,7,55,4.2,104.6,19,-80.13,8,16,461,1618,7,3.5,101.1,118.73
22,Green Bay Packers,2006,23,16,431,1663,9,70,3.9,103.9,25,-101.20,13,16,441,1825,12,4.1,114.1,47.22
23,Carolina Panthers,2006,24,16,423,1659,7,43,3.9,103.7,21,-75.46,11,16,449,1737,10,3.9,108.6,74.13
24,Baltimore Ravens,2006,25,16,476,1637,11,52,3.4,102.3,21,-124.62,2,16,367,1214,5,3.3,75.9,151.00
25,Cincinnati Bengals,2006,26,16,435,1629,14,22,3.7,101.8,25,-83.75,15,16,448,1863,15,4.2,116.4,61.00
26,Buffalo Bills,2006,27,16,420,1552,9,57,3.7,97.0,28,-80.45,28,16,476,2254,14,4.7,140.9,51.26
27,Tampa Bay Buccaneers,2006,28,16,404,1523,6,38,3.8,95.2,27,-85.05,17,16,497,1917,11,3.9,119.8,102.64
28,Oakland Raiders,2006,29,16,394,1519,5,59,3.9,94.9,32,-127.43,25,16,542,2144,15,4.0,134.0,109.95
29,Arizona Cardinals,2006,30,16,419,1338,12,18,3.2,83.6,31,-102.27,16,16,458,1897,16,4.1,118.6,121.38
30,Cleveland Browns,2006,31,16,372,1335,7,33,3.6,83.4,23,-119.96,29,16,514,2273,14,4.4,142.1,71.03
31,Detroit Lions,2006,32,16,304,1129,9,52,3.7,70.6,26,-96.32,21,16,492,2010,18,4.1,125.6,78.95
32,Minnesota Vikings,2007,1,16,494,2634,22,84,5.3,164.6,27,-5.46,1,16,379,1185,7,3.1,74.1,128.65
33,Jacksonville Jaguars,2007,2,16,522,2391,18,80,4.6,149.4,18,-53.47,11,16,390,1605,12,4.1,100.3,85.54
34,Pittsburgh Steelers,2007,3,16,511,2168,9,45,4.2,135.5,21,-40.83,3,16,361,1438,6,4.0,89.9,84.66
35,New York Giants,2007,4,16,469,2148,15,88,4.6,134.3,26,-62.52,8,16,408,1563,12,3.8,97.7,82.28
36,Tennessee Titans,2007,5,16,543,2109,17,42,3.9,131.8,32,-111.09,5,16,369,1478,11,4.0,92.4,42.87
37,Oakland Raiders,2007,6,16,508,2086,11,48,4.1,130.4,42,-87.37,31,16,486,2334,24,4.8,145.9,-9.77
38,San Diego Chargers,2007,7,16,485,2039,19,74,4.2,127.4,17,-77.34,16,16,416,1712,11,4.1,107.0,72.46
39,Philadelphia Eagles,2007,8,16,421,1974,12,40,4.7,123.4,24,-29.36,7,16,403,1533,10,3.8,95.8,85.54
40,Denver Broncos,2007,9,16,429,1957,10,62,4.6,122.3,30,-68.61,30,16,501,2282,14,4.6,142.6,60.09
41,Cleveland Browns,2007,10,16,440,1895,13,66,4.3,118.4,22,-49.73,27,16,460,2072,8,4.5,129.5,55.00
42,Tampa Bay Buccaneers,2007,11,16,449,1872,15,31,4.2,117.0,18,-58.11,17,16,454,1726,11,3.8,107.9,74.32
43,Washington Redskins,2007,12,16,498,1871,15,32,3.8,116.9,35,-158.70,4,16,391,1460,10,3.7,91.3,51.26
44,New England Patriots,2007,13,16,451,1849,17,59,4.1,115.6,14,-66.44,10,16,360,1572,7,4.4,98.3,7.78
45,Carolina Panthers,2007,14,16,451,1824,7,75,4.0,114.0,25,-84.83,18,16,472,1771,13,3.8,110.7,98.10
46,Buffalo Bills,2007,15,16,448,1800,8,56,4.0,112.5,20,-69.26,25,16,454,1993,15,4.4,124.6,91.55
47,Baltimore Ravens,2007,16,16,446,1797,11,46,4.0,112.3,35,-97.29,2,16,446,1268,9,2.8,79.3,130.31
48,Dallas Cowboys,2007,17,16,419,1746,14,54,4.2,109.1,21,-41.38,6,16,381,1513,12,4.0,94.6,72.35
49,Indianapolis Colts,2007,18,16,446,1706,19,23,3.8,106.6,14,-67.18,15,16,454,1711,10,3.8,106.9,55.96
50,New York Jets,2007,19,16,446,1701,6,49,3.8,106.3,20,-63.21,29,16,517,2156,14,4.2,134.8,67.75
51,Seattle Seahawks,2007,20,16,430,1619,9,46,3.8,101.2,21,-114.02,12,16,422,1644,16,3.9,102.8,85.10
52,Green Bay Packers,2007,21,16,388,1597,13,66,4.1,99.8,25,-93.55,14,16,424,1647,6,3.9,102.9,60.99
53,Houston Texans,2007,22,16,417,1586,12,41,3.8,99.1,26,-35.73,19,16,417,1825,15,4.4,114.1,18.57
54,Miami Dolphins,2007,23,16,389,1569,14,60,4.0,98.1,25,-40.55,32,16,544,2456,18,4.5,153.5,31.20
55,Cincinnati Bengals,2007,24,16,416,1556,10,45,3.7,97.3,20,-67.12,21,16,449,1893,11,4.2,118.3,86.97
56,St. Louis Rams,2007,25,16,404,1527,5,54,3.8,95.4,25,-69.27,20,16,445,1844,16,4.1,115.3,65.33
57,Atlanta Falcons,2007,26,16,385,1520,7,67,3.9,95.0,18,-77.20,26,16,481,2033,12,4.2,127.1,18.15
58,San Francisco 49ers,2007,27,16,357,1477,8,43,4.1,92.3,36,-64.91,22,16,504,1896,9,3.8,118.5,102.54
59,New Orleans Saints,2007,28,16,392,1466,14,26,3.7,91.6,25,-82.53,13,16,408,1646,7,4.0,102.9,96.56
60,Arizona Cardinals,2007,29,16,402,1440,9,27,3.6,90.0,27,-100.69,9,16,407,1567,13,3.9,97.9,83.90
61,Chicago Bears,2007,30,16,423,1330,8,43,3.1,83.1,34,-75.71,24,16,454,1967,17,4.3,122.9,84.38
62,Detroit Lions,2007,31,16,324,1288,13,53,4.0,80.5,35,-66.00,23,16,448,1911,19,4.3,119.4,77.71
63,Kansas City Chiefs,2007,32,16,383,1248,6,54,3.3,78.0,22,-66.24,28,16,481,2089,11,4.3,130.6,97.60
64,New York Giants,2008,1,16,502,2518,19,77,5.0,157.4,18,-58.58,9,16,386,1533,14,4.0,95.8,64.14
65,Atlanta Falcons,2008,2,16,560,2443,23,70,4.4,152.7,18,-78.18,25,16,415,2040,17,4.9,127.5,24.58
66,Carolina Panthers,2008,3,16,504,2437,30,69,4.8,152.3,12,-24.70,20,16,432,1912,14,4.4,119.5,60.79
67,Baltimore Ravens,2008,4,16,592,2376,20,82,4.0,148.5,28,-118.02,3,16,366,1302,4,3.6,81.4,127.57
68,Minnesota Vikings,2008,5,16,519,2332,15,67,4.5,145.8,31,-79.91,1,16,371,1230,10,3.3,76.9,120.93
69,New England Patriots,2008,6,16,513,2278,21,49,4.4,142.4,17,-26.15,15,16,415,1722,8,4.1,107.6,70.23
70,Tennessee Titans,2008,7,16,508,2199,24,80,4.3,137.4,18,-83.81,6,16,403,1502,12,3.7,93.9,73.07
71,Washington Redskins,2008,8,16,478,2095,12,31,4.4,130.9,20,-78.38,8,16,398,1526,12,3.8,95.4,66.18
72,New York Jets,2008,9,16,422,2004,20,61,4.7,125.3,22,-47.35,7,16,407,1518,10,3.7,94.9,102.89
73,Oakland Raiders,2008,10,16,459,1987,9,67,4.3,124.2,28,-108.67,31,16,542,2555,23,4.7,159.7,13.02
74,Miami Dolphins,2008,11,16,448,1897,18,62,4.2,118.6,18,-116.35,10,16,388,1620,11,4.2,101.3,39.93
75,Denver Broncos,2008,12,16,387,1862,15,71,4.8,116.4,18,-22.74,27,16,469,2337,26,5.0,146.1,40.29
76,Houston Texans,2008,13,16,432,1846,16,71,4.3,115.4,28,-40.25,23,16,439,1962,18,4.5,122.6,5.74
77,Buffalo Bills,2008,14,16,439,1842,16,50,4.2,115.1,33,-81.58,22,16,455,1946,18,4.3,121.6,98.65
78,Tampa Bay Buccaneers,2008,15,16,451,1837,13,68,4.1,114.8,21,-118.67,19,16,441,1901,8,4.3,118.8,75.23
79,Kansas City Chiefs,2008,16,16,379,1810,9,65,4.8,113.1,20,-44.65,30,16,509,2543,25,5.0,158.9,26.85
80,Green Bay Packers,2008,17,16,437,1805,11,73,4.1,112.8,25,-42.97,26,16,458,2105,20,4.6,131.6,-4.61
81,Jacksonville Jaguars,2008,18,16,426,1774,17,46,4.2,110.9,23,-46.00,14,16,428,1709,14,4.0,106.8,95.69
82,Seattle Seahawks,2008,19,16,417,1768,10,45,4.2,110.5,20,-44.46,18,16,457,1899,13,4.2,118.7,80.11
83,San Diego Chargers,2008,20,16,421,1726,13,45,4.1,107.9,18,-27.95,11,16,408,1641,11,4.0,102.6,69.44
84,Dallas Cowboys,2008,21,16,401,1723,12,60,4.3,107.7,29,-46.26,12,16,402,1706,11,4.2,106.6,87.69
85,Philadelphia Eagles,2008,22,16,427,1697,15,39,4.0,106.1,16,-96.79,4,16,421,1476,7,3.5,92.3,121.53
86,Pittsburgh Steelers,2008,23,16,460,1690,16,34,3.7,105.6,28,-126.83,2,16,390,1284,7,3.3,80.3,121.30
87,Chicago Bears,2008,24,16,434,1673,15,50,3.9,104.6,19,-51.58,5,16,437,1496,16,3.4,93.5,106.54
88,St. Louis Rams,2008,25,16,417,1649,8,56,4.0,103.1,18,-59.98,29,16,501,2475,26,4.9,154.7,22.56
89,Cleveland Browns,2008,26,16,409,1605,6,72,3.9,100.3,17,-47.74,28,16,541,2431,16,4.5,151.9,107.69
90,San Francisco 49ers,2008,27,16,397,1599,10,41,4.0,99.9,36,-56.80,13,16,452,1709,14,3.8,106.8,64.46
91,New Orleans Saints,2008,28,16,398,1594,20,43,4.0,99.6,18,-38.91,17,16,445,1885,14,4.2,117.8,72.99
92,Cincinnati Bengals,2008,29,16,420,1520,6,46,3.6,95.0,27,-100.88,21,16,490,1921,15,3.9,120.1,92.59
93,Detroit Lions,2008,30,16,352,1332,10,50,3.8,83.3,31,-39.84,32,16,536,2754,31,5.1,172.1,14.47
94,Indianapolis Colts,2008,31,16,370,1274,13,38,3.4,79.6,13,-83.25,24,16,472,1966,18,4.2,122.9,37.76
95,Arizona Cardinals,2008,32,16,340,1178,14,35,3.5,73.6,27,-117.91,16,16,445,1764,13,4.0,110.3,55.84
96,New York Jets,2009,1,16,607,2756,21,71,4.5,172.3,24,-83.44,8,16,420,1578,11,3.8,98.6,99.95
97,Tennessee Titans,2009,2,16,499,2592,19,91,5.2,162.0,27,-30.31,11,16,402,1711,16,4.3,106.9,58.23
98,Carolina Panthers,2009,3,16,525,2498,18,77,4.8,156.1,23,-55.03,22,16,450,1997,15,4.4,124.8,72.86
99,Miami Dolphins,2009,4,16,509,2231,22,68,4.4,139.4,27,-26.62,18,16,435,1835,16,4.2,114.7,78.06
100,Baltimore Ravens,2009,5,16,468,2200,22,77,4.7,137.5,19,-44.20,5,16,435,1492,8,3.4,93.3,94.45
101,New Orleans Saints,2009,6,16,468,2106,21,55,4.5,131.6,25,-72.37,21,16,435,1955,19,4.5,122.2,40.37
102,Dallas Cowboys,2009,7,16,436,2103,14,66,4.8,131.4,20,-51.42,4,16,365,1448,7,4.0,90.5,63.68
103,Cleveland Browns,2009,8,16,498,2087,10,71,4.2,130.4,21,-47.91,28,16,506,2314,15,4.6,144.6,25.21
104,Cincinnati Bengals,2009,9,16,505,2056,9,61,4.1,128.5,24,-80.94,7,16,399,1573,12,3.9,98.3,76.18
105,Jacksonville Jaguars,2009,10,16,447,2029,19,80,4.5,126.8,26,-31.64,19,16,458,1863,12,4.1,116.4,112.85
106,Kansas City Chiefs,2009,11,16,438,1929,8,76,4.4,120.6,31,-74.14,31,16,531,2504,18,4.7,156.5,61.99
107,New England Patriots,2009,12,16,466,1921,19,55,4.1,120.1,17,-43.48,13,16,398,1768,6,4.4,110.5,45.58
108,Minnesota Vikings,2009,13,16,467,1918,19,64,4.1,119.9,19,-136.97,2,16,357,1394,5,3.9,87.1,84.81
109,Green Bay Packers,2009,14,16,438,1885,20,62,4.3,117.8,20,5.05,1,16,371,1333,5,3.6,83.3,109.36
110,Atlanta Falcons,2009,15,16,451,1876,15,58,4.2,117.3,19,-79.13,10,16,433,1711,10,4.0,106.9,102.29
111,Buffalo Bills,2009,16,16,424,1867,6,47,4.4,116.7,24,-90.07,30,16,535,2501,19,4.7,156.3,16.91
112,New York Giants,2009,17,16,443,1837,14,38,4.1,114.8,30,-84.31,14,16,423,1773,21,4.2,110.8,43.77
113,Denver Broncos,2009,18,16,440,1836,9,45,4.2,114.8,15,-70.46,26,16,458,2059,11,4.5,128.7,111.91
114,Pittsburgh Steelers,2009,19,16,428,1793,10,60,4.2,112.1,21,-99.78,3,16,372,1438,7,3.9,89.9,41.20
115,St. Louis Rams,2009,20,16,411,1784,4,58,4.3,111.5,24,-66.81,27,16,500,2201,24,4.4,137.6,31.80
116,Oakland Raiders,2009,21,16,410,1701,7,60,4.1,106.3,30,-102.38,29,16,548,2488,24,4.5,155.5,25.15
117,Philadelphia Eagles,2009,22,16,384,1637,14,67,4.3,102.3,23,-36.90,9,16,413,1675,11,4.1,104.7,99.21
118,Tampa Bay Buccaneers,2009,23,16,404,1627,5,35,4.0,101.7,25,-93.99,32,16,529,2531,16,4.8,158.2,49.18
119,Detroit Lions,2009,24,16,409,1616,9,64,4.0,101.0,25,-38.37,25,16,458,2025,18,4.4,126.6,96.62
120,San Francisco 49ers,2009,25,16,371,1600,12,80,4.3,100.0,24,-57.85,6,16,426,1552,12,3.6,97.0,120.14
121,Seattle Seahawks,2009,26,16,395,1566,7,62,4.0,97.9,33,-64.83,15,16,428,1776,17,4.1,111.0,67.77
122,Washington Redskins,2009,27,16,391,1510,8,78,3.9,94.4,30,-87.96,16,16,449,1799,10,4.0,112.4,122.30
123,Arizona Cardinals,2009,28,16,365,1494,16,50,4.1,93.4,32,-90.93,17,16,402,1804,13,4.5,112.8,34.23
124,Chicago Bears,2009,29,16,373,1492,6,72,4.0,93.3,26,-96.30,23,16,467,2022,14,4.3,126.4,76.23
125,Houston Texans,2009,30,16,425,1475,13,32,3.5,92.2,21,-110.06,12,16,396,1711,17,4.3,106.9,75.97
126,San Diego Chargers,2009,31,16,427,1423,17,36,3.3,88.9,14,-108.29,20,16,422,1884,10,4.5,117.8,68.61
127,Indianapolis Colts,2009,32,16,366,1294,16,45,3.5,80.9,11,-110.36,24,16,467,2024,10,4.3,126.5,55.33
128,Kansas City Chiefs,2010,1,16,556,2627,13,80,4.7,164.2,15,-71.61,14,16,408,1764,11,4.3,110.3,79.05
129,Oakland Raiders,2010,2,16,504,2494,19,71,4.9,155.9,32,-41.56,29,16,474,2138,14,4.5,133.6,87.99
130,Jacksonville Jaguars,2010,3,16,512,2395,14,74,4.7,149.7,23,-0.04,22,16,416,1945,19,4.7,121.6,45.99
131,New York Jets,2010,4,16,534,2374,14,53,4.4,148.4,23,-62.18,3,16,408,1454,11,3.6,90.9,131.18
132,Philadelphia Eagles,2010,5,16,428,2324,18,62,5.4,145.3,33,-23.95,15,16,423,1766,12,4.2,110.4,65.34
133,New York Giants,2010,6,16,480,2200,17,73,4.6,137.5,26,-81.42,8,16,389,1620,11,4.2,101.3,54.70
134,Houston Texans,2010,7,16,423,2042,20,74,4.8,127.6,15,-3.23,13,16,433,1751,16,4.0,109.4,83.24
135,Tampa Bay Buccaneers,2010,8,16,431,2001,9,61,4.6,125.1,24,-82.89,28,16,444,2107,12,4.7,131.7,62.83
136,New England Patriots,2010,9,16,454,1973,19,36,4.3,123.3,9,-17.14,11,16,409,1728,10,4.2,108.0,40.87
137,Minnesota Vikings,2010,10,16,441,1942,16,80,4.4,121.4,20,-40.01,9,16,417,1635,10,3.9,102.2,59.03
138,Pittsburgh Steelers,2010,11,16,471,1924,15,50,4.1,120.3,22,-117.17,1,16,333,1004,5,3.0,62.8,105.63
139,Atlanta Falcons,2010,12,16,497,1891,14,55,3.8,118.2,12,-99.59,10,16,366,1694,9,4.6,105.9,70.12
140,Carolina Panthers,2010,13,16,428,1846,7,60,4.3,115.4,31,-91.98,23,16,503,1981,20,3.9,123.8,89.38
141,Baltimore Ravens,2010,14,16,487,1831,11,50,3.8,114.4,22,-101.84,5,16,384,1503,5,3.9,93.9,112.20
142,San Diego Chargers,2010,15,16,457,1810,18,36,4.0,113.1,25,-81.01,4,16,404,1500,14,3.7,93.8,71.58
143,Dallas Cowboys,2010,16,16,428,1786,10,60,4.2,111.6,28,-68.21,12,16,402,1734,11,4.3,108.4,72.25
144,Tennessee Titans,2010,17,16,406,1727,13,76,4.3,107.9,22,-93.33,20,16,474,1851,7,3.9,115.7,72.65
145,Buffalo Bills,2010,18,16,401,1720,6,39,4.3,107.5,33,-73.69,32,16,571,2714,18,4.8,169.6,52.18
146,San Francisco 49ers,2010,19,16,401,1657,10,64,4.1,103.6,22,-60.61,6,16,447,1547,9,3.5,96.7,139.10
147,Cleveland Browns,2010,20,16,413,1646,13,68,4.0,102.9,29,-88.79,27,16,505,2070,7,4.1,129.4,115.38
148,Miami Dolphins,2010,21,16,445,1643,8,51,3.7,102.7,24,-102.10,7,16,447,1601,8,3.6,100.1,117.26
149,Chicago Bears,2010,22,16,414,1616,10,68,3.9,101.0,19,-102.07,2,16,386,1441,14,3.7,90.1,79.26
150,Detroit Lions,2010,23,16,404,1613,11,45,4.0,100.8,20,-56.04,24,16,443,1999,18,4.5,124.9,30.07
151,Green Bay Packers,2010,24,16,421,1606,11,71,3.8,100.4,20,-114.63,18,16,395,1838,6,4.7,114.9,68.91
152,St. Louis Rams,2010,25,16,429,1578,9,42,3.7,98.6,14,-114.98,17,16,404,1810,7,4.5,113.1,73.64
153,Denver Broncos,2010,26,16,398,1544,13,40,3.9,96.5,29,-116.00,31,16,531,2473,26,4.7,154.6,17.60
154,Cincinnati Bengals,2010,27,16,428,1522,8,42,3.6,95.1,21,-125.90,19,16,416,1843,15,4.4,115.2,36.11
155,New Orleans Saints,2010,28,16,380,1519,9,55,4.0,94.9,23,-128.96,16,16,421,1797,13,4.3,112.3,84.92
156,Indianapolis Colts,2010,29,16,393,1483,13,49,3.8,92.7,14,-70.85,25,16,445,2032,14,4.6,127.0,44.37
157,Washington Redskins,2010,30,16,351,1461,9,54,4.2,91.3,29,-75.20,26,16,444,2041,15,4.6,127.6,84.44
158,Seattle Seahawks,2010,31,16,385,1424,13,39,3.7,89.0,18,-89.01,21,16,452,1903,13,4.2,118.9,96.69
159,Arizona Cardinals,2010,32,16,320,1388,9,80,4.3,86.8,33,-49.82,30,16,526,2323,19,4.4,145.2,101.85
160,Denver Broncos,2011,1,16,546,2632,11,60,4.8,164.5,30,-61.54,22,16,488,2021,11,4.1,126.3,69.90
161,Houston Texans,2011,2,16,546,2448,18,56,4.5,153.0,20,-72.18,4,16,378,1536,8,4.1,96.0,66.26
162,Carolina Panthers,2011,3,16,445,2408,26,74,5.4,150.5,13,37.84,25,16,451,2093,18,4.6,130.8,40.33
163,Minnesota Vikings,2011,4,16,448,2318,18,67,5.2,144.9,20,28.20,11,16,439,1712,10,3.9,107.0,115.54
164,Philadelphia Eagles,2011,5,16,450,2276,20,60,5.1,142.3,23,-0.72,16,16,414,1801,11,4.4,112.6,75.15
165,New Orleans Saints,2011,6,16,431,2127,16,36,4.9,132.9,6,-23.63,12,16,351,1738,11,5.0,108.6,13.24
166,Oakland Raiders,2011,7,16,466,2110,16,70,4.5,131.9,16,-108.61,27,16,430,2178,15,5.1,136.1,-6.65
167,San Francisco 49ers,2011,8,16,498,2044,14,55,4.1,127.8,14,-127.36,1,16,353,1236,3,3.5,77.3,88.07
168,Chicago Bears,2011,9,16,456,2015,10,46,4.4,125.9,26,-61.08,5,16,384,1542,10,4.0,96.4,96.80
169,Baltimore Ravens,2011,10,16,459,1996,15,70,4.3,124.8,24,-81.41,2,16,419,1482,10,3.5,92.6,101.12
170,Miami Dolphins,2011,11,16,469,1987,11,76,4.2,124.2,28,-90.70,3,16,412,1530,8,3.7,95.6,79.59
171,Jacksonville Jaguars,2011,12,16,489,1970,9,56,4.0,123.1,27,-90.59,9,16,435,1667,14,3.8,104.2,103.59
172,Buffalo Bills,2011,13,16,391,1921,12,80,4.9,120.1,16,-41.10,28,16,467,2224,19,4.8,139.0,45.43
173,Pittsburgh Steelers,2011,14,16,434,1903,13,76,4.4,118.9,16,-64.68,8,16,399,1597,7,4.0,99.8,35.81
174,Kansas City Chiefs,2011,15,16,487,1893,5,34,3.9,118.3,17,-101.78,26,16,508,2112,14,4.2,132.0,95.27
175,San Diego Chargers,2011,16,16,436,1864,16,41,4.3,116.5,19,-71.85,20,16,448,1955,8,4.4,122.2,37.34
176,Atlanta Falcons,2011,17,16,453,1834,14,81,4.0,114.6,12,-71.79,6,16,372,1552,10,4.2,97.0,51.32
177,Dallas Cowboys,2011,18,16,408,1807,5,91,4.4,112.9,24,-93.14,7,16,385,1585,10,4.1,99.1,79.47
178,Cincinnati Bengals,2011,19,16,455,1778,10,42,3.9,111.1,17,-73.42,10,16,425,1675,14,3.9,104.7,50.42
179,New England Patriots,2011,20,16,438,1764,18,33,4.0,110.3,13,-79.76,17,16,405,1874,13,4.6,117.1,64.42
180,Seattle Seahawks,2011,21,16,444,1756,15,48,4.0,109.8,22,-63.97,15,16,473,1797,10,3.8,112.3,83.85
181,New York Jets,2011,22,16,443,1692,14,31,3.8,105.8,25,-46.97,13,16,451,1777,17,3.9,111.1,107.48
182,St. Louis Rams,2011,23,16,409,1667,7,47,4.1,104.2,27,-61.75,31,16,510,2433,17,4.8,152.1,31.49
183,Arizona Cardinals,2011,24,16,389,1625,12,71,4.2,101.6,24,-37.19,21,16,475,1986,15,4.2,124.1,62.55
184,Washington Redskins,2011,25,16,400,1614,8,39,4.0,100.9,25,-90.22,18,16,438,1884,15,4.3,117.8,74.90
185,Indianapolis Colts,2011,26,16,382,1594,8,80,4.2,99.6,24,-63.82,29,16,540,2303,19,4.3,143.9,109.08
186,Green Bay Packers,2011,27,16,395,1558,12,47,3.9,97.4,15,-74.56,14,16,383,1789,10,4.7,111.8,22.85
187,Cleveland Browns,2011,28,16,415,1531,4,40,3.7,95.7,22,-87.66,30,16,534,2359,12,4.4,147.4,113.01
188,Detroit Lions,2011,29,16,356,1523,9,88,4.3,95.2,20,-54.04,23,16,410,2050,10,5.0,128.1,49.45
189,Tampa Bay Buccaneers,2011,30,16,346,1458,9,54,4.2,91.1,30,-59.77,32,16,498,2497,26,5.0,156.1,25.35
190,Tennessee Titans,2011,31,16,376,1438,8,48,3.8,89.9,17,-74.84,24,16,461,2053,10,4.5,128.3,57.73
191,New York Giants,2011,32,16,411,1427,17,37,3.5,89.2,18,-136.24,19,16,435,1940,15,4.5,121.3,60.17
192,Washington Redskins,2012,1,16,519,2709,22,76,5.2,169.3,26,-40.93,5,16,363,1532,11,4.2,95.8,60.57
193,Minnesota Vikings,2012,2,16,486,2634,16,82,5.4,164.6,21,-25.25,11,16,427,1692,10,4.0,105.8,95.47
194,Seattle Seahawks,2012,3,16,536,2579,16,77,4.8,161.2,16,-30.63,10,16,368,1649,8,4.5,103.1,26.24
195,San Francisco 49ers,2012,4,16,492,2491,17,50,5.1,155.7,26,-36.82,4,16,407,1507,7,3.7,94.2,75.37
196,Kansas City Chiefs,2012,5,16,500,2395,9,91,4.8,149.7,26,-60.06,27,16,482,2171,11,4.5,135.7,60.02
197,Buffalo Bills,2012,6,16,442,2217,12,62,5.0,138.6,23,-41.53,31,16,470,2333,23,5.0,145.8,-18.36
198,New England Patriots,2012,7,16,523,2184,25,47,4.2,136.5,14,-65.96,9,16,415,1630,10,3.9,101.9,121.32
199,Houston Texans,2012,8,16,508,2123,19,81,4.2,132.7,12,-76.71,7,16,390,1560,5,4.0,97.5,85.25
200,Carolina Panthers,2012,9,16,462,2088,21,72,4.5,130.5,22,-37.81,14,16,416,1761,11,4.2,110.1,45.69
201,Chicago Bears,2012,10,16,470,1970,11,46,4.2,123.1,20,-77.09,8,16,388,1627,6,4.2,101.7,71.20
202,Baltimore Ravens,2012,11,16,444,1901,17,78,4.3,118.8,14,-57.13,20,16,492,1965,15,4.0,122.8,73.39
203,New York Jets,2012,12,16,494,1896,12,61,3.8,118.5,32,-58.81,26,16,495,2138,17,4.3,133.6,74.91
204,Philadelphia Eagles,2012,13,16,413,1874,10,65,4.5,117.1,37,-85.50,23,16,479,2021,11,4.2,126.3,77.79
205,New York Giants,2012,14,16,409,1862,18,52,4.6,116.4,13,-42.63,25,16,449,2066,9,4.6,129.1,52.77
206,Tampa Bay Buccaneers,2012,15,16,416,1837,13,70,4.4,114.8,16,-28.30,1,16,377,1320,13,3.5,82.5,74.30
207,Denver Broncos,2012,16,16,481,1832,12,31,3.8,114.5,22,-109.60,3,16,404,1458,5,3.6,91.1,76.07
208,Miami Dolphins,2012,17,16,440,1802,15,65,4.1,112.6,25,-70.61,13,16,431,1734,10,4.0,108.4,105.74
209,Cincinnati Bengals,2012,18,16,430,1745,11,48,4.1,109.1,19,-43.34,12,16,423,1715,13,4.1,107.2,77.98
210,St. Louis Rams,2012,19,16,410,1714,5,53,4.2,107.1,24,-73.79,15,16,442,1880,18,4.3,117.5,56.88
211,Green Bay Packers,2012,20,16,433,1702,9,41,3.9,106.4,16,-63.59,17,16,418,1896,12,4.5,118.5,29.72
212,Tennessee Titans,2012,21,16,378,1687,10,94,4.5,105.4,21,-52.27,24,16,483,2035,16,4.2,127.2,40.70
213,Indianapolis Colts,2012,22,16,440,1671,11,26,3.8,104.4,21,-60.84,29,16,428,2200,14,5.1,137.5,25.07
214,Detroit Lions,2012,23,16,391,1613,17,67,4.1,100.8,24,-58.88,16,16,420,1889,13,4.5,118.1,54.04
215,Cleveland Browns,2012,24,16,396,1593,12,35,4.0,99.6,22,-49.42,19,16,457,1898,14,4.2,118.6,114.20
216,New Orleans Saints,2012,25,16,370,1577,10,56,4.3,98.6,13,-21.33,32,16,457,2361,18,5.2,147.6,56.62
217,Pittsburgh Steelers,2012,26,16,412,1537,8,34,3.7,96.1,33,-102.56,2,16,391,1450,9,3.7,90.6,43.24
218,San Diego Chargers,2012,27,16,411,1461,4,52,3.6,91.3,24,-94.71,6,16,406,1542,10,3.8,96.4,102.61
219,Oakland Raiders,2012,28,16,376,1420,4,64,3.8,88.8,22,-95.21,18,16,444,1897,18,4.3,118.6,62.52
220,Atlanta Falcons,2012,29,16,378,1397,12,43,3.7,87.3,9,-127.40,21,16,411,1971,16,4.8,123.2,20.21
221,Jacksonville Jaguars,2012,30,16,358,1369,5,59,3.8,85.6,20,-59.03,30,16,545,2256,19,4.1,141.0,33.66
222,Dallas Cowboys,2012,31,16,355,1265,8,48,3.6,79.1,20,-85.16,22,16,441,2003,17,4.5,125.2,72.88
223,Arizona Cardinals,2012,32,16,352,1204,10,52,3.4,75.3,25,-88.97,28,16,506,2192,12,4.3,137.0,73.80
224,Philadelphia Eagles,2013,1,16,500,2566,19,65,5.1,160.4,19,27.32,10,16,443,1668,12,3.8,104.3,47.89
225,Buffalo Bills,2013,2,16,546,2307,15,77,4.2,144.2,32,-9.61,28,16,471,2063,10,4.4,128.9,20.79
226,San Francisco 49ers,2013,3,16,505,2201,18,51,4.4,137.6,20,6.19,4,16,397,1535,11,3.9,95.9,45.98
227,Seattle Seahawks,2013,4,16,509,2188,14,43,4.3,136.8,26,-35.48,7,16,422,1626,4,3.9,101.6,32.81
228,Washington Redskins,2013,5,16,453,2164,14,45,4.8,135.3,30,-3.91,17,16,443,1769,23,4.0,110.6,5.39
229,New York Jets,2013,6,16,493,2158,12,69,4.4,134.9,15,-19.66,3,16,421,1412,9,3.4,88.3,62.39
230,Green Bay Packers,2013,7,16,459,2136,17,67,4.7,133.5,19,26.99,25,16,432,2000,16,4.6,125.0,-28.66
231,Minnesota Vikings,2013,8,16,423,2081,23,78,4.9,130.1,23,34.90,16,16,443,1767,14,4.0,110.4,2.25
232,New England Patriots,2013,9,16,470,2065,19,47,4.4,129.1,24,-10.74,30,16,481,2145,11,4.5,134.1,-5.30
233,Kansas City Chiefs,2013,10,16,442,2056,17,46,4.7,128.5,21,-10.39,22,16,428,1923,9,4.5,120.2,15.58
234,Carolina Panthers,2013,11,16,483,2026,14,56,4.2,126.6,12,28.31,2,16,352,1391,4,4.0,86.9,45.96
235,Oakland Raiders,2013,12,16,437,2000,16,93,4.6,125.0,27,-8.62,13,16,442,1727,15,3.9,107.9,29.23
236,San Diego Chargers,2013,13,16,486,1965,9,51,4.0,122.8,14,3.15,12,16,376,1725,14,4.6,107.8,-38.57
237,Tennessee Titans,2013,14,16,462,1894,16,39,4.1,118.4,27,-3.37,20,16,446,1795,21,4.0,112.2,8.80
238,Denver Broncos,2013,15,16,461,1873,16,45,4.1,117.1,27,-11.91,8,16,420,1626,15,3.9,101.6,49.52
239,Chicago Bears,2013,16,16,404,1828,13,55,4.5,114.3,21,2.28,32,16,483,2583,22,5.3,161.4,-67.51
240,Detroit Lions,2013,17,16,445,1792,15,39,4.0,112.0,28,-38.56,6,16,377,1596,10,4.2,99.8,52.37
241,Cincinnati Bengals,2013,18,16,481,1755,14,35,3.6,109.7,20,-33.68,5,16,385,1544,6,4.0,96.5,21.36
242,St. Louis Rams,2013,19,16,426,1752,10,65,4.1,109.5,20,-34.95,9,16,440,1646,18,3.7,102.9,28.23
243,Indianapolis Colts,2013,20,16,409,1743,15,51,4.3,108.9,14,10.05,26,16,448,2002,14,4.5,125.1,-9.50
244,Houston Texans,2013,21,16,414,1743,7,60,4.2,108.9,21,-8.90,23,16,454,1958,11,4.3,122.4,29.28
245,Tampa Bay Buccaneers,2013,22,16,420,1612,6,80,3.8,100.8,18,-35.85,15,16,438,1762,10,4.0,110.1,27.18
246,Arizona Cardinals,2013,23,16,422,1540,12,80,3.6,96.3,22,-37.87,1,16,370,1351,5,3.7,84.4,47.10
247,Dallas Cowboys,2013,24,16,336,1504,12,45,4.5,94.0,18,23.69,27,16,437,2056,17,4.7,128.5,-16.35
248,New Orleans Saints,2013,25,16,391,1473,10,38,3.8,92.1,12,-13.91,19,16,387,1786,11,4.6,111.6,-15.45
249,Miami Dolphins,2013,26,16,349,1440,8,55,4.1,90.0,16,-32.00,24,16,484,1998,14,4.1,124.9,1.94
250,Pittsburgh Steelers,2013,27,16,394,1383,9,43,3.5,86.4,16,-47.23,21,16,433,1849,18,4.3,115.6,8.69
251,Cleveland Browns,2013,28,16,348,1383,4,45,4.0,86.4,17,-2.58,18,16,462,1781,13,3.9,111.3,11.83
252,New York Giants,2013,29,16,381,1332,11,49,3.5,83.3,26,-75.93,14,16,454,1743,12,3.8,108.9,38.46
253,Baltimore Ravens,2013,30,16,423,1328,7,47,3.1,83.0,15,-76.41,11,16,440,1687,7,3.8,105.4,36.10
254,Jacksonville Jaguars,2013,31,16,378,1260,7,48,3.3,78.8,18,-49.18,29,16,507,2108,20,4.2,131.8,-7.20
255,Atlanta Falcons,2013,32,16,321,1247,11,50,3.9,77.9,17,-21.90,31,16,455,2173,14,4.8,135.8,-20.83
256,Seattle Seahawks,2014,1,16,525,2762,20,79,5.3,172.6,23,68.39,3,16,380,1304,8,3.4,81.5,59.49
257,Dallas Cowboys,2014,2,16,508,2354,16,65,4.6,147.1,21,-4.39,8,16,392,1650,18,4.2,103.1,20.90
258,New York Jets,2014,3,16,507,2280,11,71,4.5,142.5,25,-10.54,5,16,393,1489,10,3.8,93.1,16.41
259,San Francisco 49ers,2014,4,16,470,2176,10,90,4.6,136.0,18,-27.95,7,16,402,1612,7,4.0,100.8,22.39
260,Houston Texans,2014,5,16,551,2161,12,51,3.9,135.1,19,-34.23,10,16,420,1681,6,4.0,105.1,37.04
261,Cincinnati Bengals,2014,6,16,492,2147,19,89,4.4,134.2,20,2.79,20,16,439,1861,16,4.2,116.3,10.41
262,Carolina Panthers,2014,7,16,473,2036,10,69,4.3,127.3,25,-6.19,16,16,397,1792,14,4.5,112.0,9.08
263,Baltimore Ravens,2014,8,16,448,2019,16,52,4.5,126.2,16,-17.36,4,16,390,1412,8,3.6,88.3,62.03
264,Philadelphia Eagles,2014,9,16,474,1992,16,53,4.2,124.5,25,-30.60,15,16,473,1771,14,3.7,110.7,59.52
265,Kansas City Chiefs,2014,10,16,420,1918,18,63,4.6,119.9,22,10.36,28,16,433,2036,4,4.7,127.3,4.24
266,Green Bay Packers,2014,11,16,435,1917,14,44,4.4,119.8,19,-33.08,23,16,449,1919,11,4.3,119.9,0.53
267,Miami Dolphins,2014,12,16,399,1872,12,97,4.7,117.0,27,-2.97,24,16,453,1937,13,4.3,121.1,6.49
268,New Orleans Saints,2014,13,16,406,1818,16,67,4.5,113.6,22,9.64,29,16,442,2125,17,4.8,132.8,-29.04
269,Minnesota Vikings,2014,14,16,413,1804,12,67,4.4,112.8,12,9.01,25,16,450,1943,10,4.3,121.4,0.86
270,Denver Broncos,2014,15,16,443,1785,15,47,4.0,111.6,16,-19.29,2,16,349,1276,9,3.7,79.8,41.37
271,Pittsburgh Steelers,2014,16,16,423,1752,10,81,4.1,109.5,16,-25.17,6,16,368,1605,9,4.4,100.3,21.57
272,Cleveland Browns,2014,17,16,477,1728,17,36,3.6,108.0,17,-34.46,32,16,500,2265,13,4.5,141.6,-7.30
273,New England Patriots,2014,18,16,438,1727,13,43,3.9,107.9,13,6.99,9,16,419,1669,6,4.0,104.3,12.58
274,Washington Redskins,2014,19,16,401,1691,15,30,4.2,105.7,31,-12.05,12,16,421,1722,11,4.1,107.6,36.24
275,St. Louis Rams,2014,20,16,395,1635,11,89,4.1,102.2,27,-40.74,14,16,425,1765,12,4.2,110.3,51.70
276,Jacksonville Jaguars,2014,21,16,360,1633,9,62,4.5,102.1,15,-4.56,27,16,499,2033,15,4.1,127.1,12.69
277,Indianapolis Colts,2014,22,16,415,1612,9,49,3.9,100.8,31,-53.39,18,16,423,1814,14,4.3,113.4,-0.89
278,New York Giants,2014,23,16,449,1603,13,50,3.6,100.2,21,-30.98,30,16,438,2162,15,4.9,135.1,-9.58
279,Atlanta Falcons,2014,24,16,372,1498,11,55,4.0,93.6,16,-20.02,21,16,450,1894,21,4.2,118.4,-12.22
280,Buffalo Bills,2014,25,16,402,1482,7,53,3.7,92.6,22,-56.16,11,16,414,1703,10,4.1,106.4,16.03
281,Tennessee Titans,2014,26,16,356,1447,6,52,4.1,90.4,23,-40.59,31,16,515,2195,17,4.3,137.2,-0.37
282,Chicago Bears,2014,27,16,355,1441,8,32,4.1,90.1,19,1.62,17,16,421,1803,12,4.3,112.7,9.89
283,Detroit Lions,2014,28,16,396,1422,11,57,3.6,88.9,21,-27.68,1,16,350,1109,8,3.2,69.3,70.56
284,Tampa Bay Buccaneers,2014,29,16,353,1375,7,63,3.9,85.9,29,-39.97,19,16,468,1819,15,3.9,113.7,31.84
285,San Diego Chargers,2014,30,16,398,1367,6,52,3.4,85.4,15,-40.11,26,16,438,1986,11,4.5,124.1,12.89
286,Arizona Cardinals,2014,31,16,397,1308,6,22,3.3,81.8,16,-49.55,13,16,396,1739,9,4.4,108.7,25.14
287,Oakland Raiders,2014,32,16,337,1240,4,90,3.7,77.5,28,-72.59,22,16,481,1911,17,4.0,119.4,33.33
288,Buffalo Bills,2015,1,16,509,2432,19,60,4.8,152.0,28,26.31,16,16,394,1730,10,4.4,108.1,-3.10
289,Carolina Panthers,2015,2,16,526,2282,19,47,4.3,142.6,12,14.79,4,16,364,1415,11,3.9,88.4,32.98
290,Seattle Seahawks,2015,3,16,500,2268,10,69,4.5,141.8,17,-5.31,1,16,362,1304,10,3.6,81.5,32.09
291,Minnesota Vikings,2015,4,16,474,2211,18,80,4.7,138.2,21,18.58,17,16,411,1748,7,4.3,109.3,28.02
292,Tampa Bay Buccaneers,2015,5,16,455,2162,12,84,4.8,135.1,26,-7.56,11,16,466,1606,12,3.4,100.4,30.73
293,Kansas City Chiefs,2015,6,16,436,2044,19,52,4.7,127.8,15,29.78,8,16,383,1571,7,4.1,98.2,30.33
294,St. Louis Rams,2015,7,16,429,1956,16,71,4.6,122.3,22,-21.12,20,16,453,1820,7,4.0,113.8,49.26
295,Arizona Cardinals,2015,8,16,452,1917,16,63,4.2,119.8,23,-29.55,6,16,373,1460,9,3.9,91.3,44.29
296,Dallas Cowboys,2015,9,16,408,1890,8,50,4.6,118.1,18,-5.43,22,16,460,1931,16,4.2,120.7,11.23
297,New York Jets,2015,10,16,448,1868,11,58,4.2,116.8,17,-12.95,2,16,373,1335,4,3.6,83.4,65.27
298,Chicago Bears,2015,11,16,468,1854,13,27,4.0,115.9,20,-12.11,23,16,433,1934,9,4.5,120.9,6.50
299,Green Bay Packers,2015,12,16,436,1850,8,65,4.2,115.6,24,-17.89,21,16,420,1905,13,4.5,119.1,-8.60
300,Cincinnati Bengals,2015,13,16,467,1805,18,38,3.9,112.8,17,-35.56,7,16,344,1477,8,4.3,92.3,19.29
301,Philadelphia Eagles,2015,14,16,442,1743,15,63,3.9,108.9,25,-32.88,32,16,478,2153,10,4.5,134.6,-1.99
302,Houston Texans,2015,15,16,472,1731,7,41,3.7,108.2,22,-45.56,10,16,388,1597,10,4.1,99.8,24.79
303,Pittsburgh Steelers,2015,16,16,388,1724,16,55,4.4,107.8,16,-12.86,5,16,382,1459,6,3.8,91.2,66.64
304,Denver Broncos,2015,17,16,411,1718,13,72,4.2,107.4,16,-34.32,3,16,408,1337,10,3.3,83.6,54.30
305,New York Giants,2015,18,16,403,1609,5,39,4.0,100.6,23,-35.86,24,16,444,1942,15,4.4,121.4,-4.56
306,Atlanta Falcons,2015,19,16,420,1606,13,46,3.8,100.4,26,-52.73,14,16,416,1680,20,4.0,105.0,22.89
307,Washington Redskins,2015,20,16,429,1566,9,48,3.7,97.9,26,-53.94,26,16,406,1962,10,4.8,122.6,8.57
308,San Francisco 49ers,2015,21,16,390,1544,7,47,4.0,96.5,21,-17.83,29,16,504,2020,20,4.0,126.3,19.66
309,Cleveland Browns,2015,22,16,380,1529,5,54,4.0,95.6,28,-36.96,30,16,458,2055,11,4.5,128.4,0.95
310,Miami Dolphins,2015,23,16,344,1496,11,85,4.3,93.5,23,-13.04,28,16,503,2019,13,4.0,126.2,18.62
311,New Orleans Saints,2015,24,16,397,1491,16,70,3.8,93.2,17,-3.84,31,16,422,2071,12,4.9,129.4,19.61
312,Tennessee Titans,2015,25,16,371,1485,10,87,4.0,92.8,25,-41.93,18,16,462,1797,11,3.9,112.3,43.04
313,Baltimore Ravens,2015,26,16,383,1478,8,44,3.9,92.4,13,-33.85,12,16,418,1661,10,4.0,103.8,20.31
314,Jacksonville Jaguars,2015,27,16,354,1473,5,45,4.2,92.1,25,-49.26,15,16,464,1709,15,3.7,106.8,24.60
315,Oakland Raiders,2015,28,16,370,1457,7,54,3.9,91.1,27,-27.22,13,16,406,1678,12,4.1,104.9,6.76
316,Indianapolis Colts,2015,29,16,396,1438,6,37,3.6,89.9,19,-57.18,25,16,452,1952,14,4.3,122.0,26.60
317,New England Patriots,2015,30,16,383,1404,14,38,3.7,87.8,14,-25.20,9,16,397,1578,8,4.0,98.6,32.23
318,San Diego Chargers,2015,31,16,393,1358,4,53,3.5,84.9,20,-58.43,27,16,417,2005,17,4.8,125.3,-16.87
319,Detroit Lions,2015,32,16,354,1335,7,36,3.8,83.4,17,-27.33,19,16,428,1808,18,4.2,113.0,13.80
320,Buffalo Bills,2016,1,16,492,2630,29,75,5.3,164.4,15,35.39,29,16,469,2130,21,4.5,133.1,52.25
321,Dallas Cowboys,2016,2,16,499,2396,24,60,4.8,149.8,22,-9.95,1,16,340,1336,9,3.9,83.5,51.41
322,Tennessee Titans,2016,3,16,476,2187,16,75,4.6,136.7,16,-31.40,2,16,356,1413,10,4.0,88.3,61.46
323,San Francisco 49ers,2016,4,16,458,2019,15,47,4.4,126.2,29,-28.65,32,16,548,2654,25,4.8,165.9,21.49
324,Atlanta Falcons,2016,5,16,421,1928,20,75,4.6,120.5,8,-11.02,17,16,370,1672,15,4.5,104.5,26.99
325,Oakland Raiders,2016,6,16,434,1922,17,75,4.4,120.1,17,-70.84,23,16,421,1881,18,4.5,117.6,30.15
326,New England Patriots,2016,7,16,482,1872,19,44,3.9,117.0,27,-116.50,4,16,368,1417,6,3.9,88.6,63.01
327,Houston Texans,2016,8,16,456,1859,8,45,4.1,116.2,20,-68.97,12,16,397,1595,13,4.0,99.7,71.11
328,Miami Dolphins,2016,9,16,406,1824,14,62,4.5,114.0,26,-53.07,30,16,464,2247,12,4.8,140.4,16.07
329,Carolina Panthers,2016,10,16,453,1814,16,47,4.0,113.4,13,-53.01,6,16,376,1465,11,3.9,91.6,44.95
330,Philadelphia Eagles,2016,11,16,438,1813,16,30,4.1,113.3,24,-54.66,15,16,391,1652,10,4.2,103.3,30.88
331,New York Jets,2016,12,16,418,1802,10,35,4.3,112.6,24,-13.71,11,16,428,1581,11,3.7,98.8,64.26
332,Cincinnati Bengals,2016,13,16,446,1769,17,74,4.0,110.6,20,-38.62,21,16,412,1812,12,4.4,113.3,21.60
333,Pittsburgh Steelers,2016,14,16,409,1760,13,60,4.3,110.0,15,-74.26,13,16,369,1600,15,4.3,100.0,37.36
334,Kansas City Chiefs,2016,15,16,412,1748,15,70,4.2,109.3,18,-49.94,26,16,437,1938,10,4.4,121.1,38.86
335,New Orleans Saints,2016,16,16,404,1742,17,75,4.3,108.9,17,-16.59,14,16,396,1626,19,4.1,101.6,43.12
336,Chicago Bears,2016,17,16,380,1735,10,69,4.6,108.4,26,-46.68,27,16,445,1950,18,4.4,121.9,17.20
337,Arizona Cardinals,2016,18,16,399,1732,20,58,4.3,108.3,27,-30.90,9,16,424,1518,16,3.6,94.9,65.16
338,Cleveland Browns,2016,19,16,350,1712,13,85,4.9,107.0,26,-30.05,31,16,498,2283,18,4.6,142.7,6.08
339,Green Bay Packers,2016,20,16,374,1701,11,61,4.5,106.3,21,-50.04,8,16,376,1515,11,4.0,94.7,49.72
340,Washington Redskins,2016,21,16,379,1696,17,66,4.5,106.0,19,-23.40,24,16,423,1916,19,4.5,119.8,45.82
341,Jacksonville Jaguars,2016,22,16,392,1631,8,57,4.2,101.9,23,-64.26,19,16,446,1703,17,3.8,106.4,49.93
342,Indianapolis Colts,2016,23,16,409,1628,13,33,4.0,101.8,16,-17.50,25,16,409,1926,12,4.7,120.4,25.48
343,Tampa Bay Buccaneers,2016,24,16,453,1616,8,45,3.6,101.0,19,-85.54,22,16,427,1875,15,4.4,117.2,37.30
344,Seattle Seahawks,2016,25,16,403,1591,13,75,3.9,99.4,22,-59.80,7,16,441,1487,16,3.4,92.9,101.38
345,San Diego Chargers,2016,26,16,398,1510,10,48,3.8,94.4,22,-80.38,10,16,410,1567,20,3.8,97.9,62.71
346,Denver Broncos,2016,27,16,410,1484,11,64,3.6,92.8,24,-77.50,28,16,482,2085,15,4.3,130.3,43.52
347,Baltimore Ravens,2016,28,16,367,1463,10,41,4.0,91.4,19,-18.06,5,16,384,1430,10,3.7,89.4,90.41
348,New York Giants,2016,29,16,398,1412,6,25,3.5,88.3,22,-70.14,3,16,397,1417,10,3.6,88.6,88.60
349,Detroit Lions,2016,30,16,350,1310,9,42,3.7,81.9,9,-36.94,18,16,389,1701,8,4.4,106.3,45.40
350,Los Angeles Rams,2016,31,16,375,1252,9,30,3.3,78.3,24,-53.77,16,16,424,1660,12,3.9,103.8,24.54
351,Minnesota Vikings,2016,32,16,380,1205,9,36,3.2,75.3,20,-95.97,20,16,404,1711,9,4.2,106.9,68.51
352,Jacksonville Jaguars,2017,1,16,527,2262,18,90,4.3,141.4,24,-67.81,21,16,429,1860,9,4.3,116.3,130.30
353,Dallas Cowboys,2017,2,16,480,2170,18,70,4.5,135.6,11,-19.89,8,16,403,1664,7,4.1,104.0,39.19
354,Philadelphia Eagles,2017,3,16,473,2115,9,71,4.5,132.2,25,-109.10,1,16,337,1267,7,3.8,79.2,66.06
355,Carolina Panthers,2017,4,16,490,2102,15,69,4.3,131.4,19,-94.78,3,16,353,1409,7,4.0,88.1,90.65
356,New Orleans Saints,2017,5,16,444,2070,23,74,4.7,129.4,19,-71.76,16,16,406,1787,11,4.4,111.7,47.00
357,Buffalo Bills,2017,6,16,487,2017,12,48,4.1,126.1,17,-88.93,29,16,466,1994,22,4.3,124.6,38.72
358,Minnesota Vikings,2017,7,16,501,1957,15,58,3.9,122.3,11,-133.79,2,16,364,1337,10,3.7,83.6,73.80
359,Los Angeles Rams,2017,8,16,454,1953,17,57,4.3,122.1,29,-77.03,28,16,418,1957,15,4.7,122.3,27.15
360,Kansas City Chiefs,2017,9,16,405,1903,12,70,4.7,118.9,14,-45.07,25,16,443,1890,15,4.3,118.1,56.69
361,New England Patriots,2017,10,16,448,1889,16,44,4.2,118.1,13,-87.22,20,16,390,1836,6,4.7,114.8,54.88
362,Baltimore Ravens,2017,11,16,460,1856,14,50,4.0,116.0,19,-49.38,15,16,435,1780,12,4.1,111.3,63.07
363,Denver Broncos,2017,12,16,457,1852,8,40,4.1,115.8,26,-59.30,5,16,428,1430,9,3.3,89.4,145.96
364,Atlanta Falcons,2017,13,16,430,1847,12,52,4.3,115.4,17,-96.37,9,16,402,1665,9,4.1,104.1,82.21
365,Houston Texans,2017,14,16,448,1842,8,49,4.1,115.1,25,-41.89,13,16,440,1747,14,4.0,109.2,94.34
366,Tennessee Titans,2017,15,16,443,1833,18,75,4.1,114.6,10,-65.47,4,16,398,1420,5,3.6,88.8,128.52
367,Chicago Bears,2017,16,16,422,1788,13,53,4.2,111.8,24,-35.00,11,16,432,1730,10,4.0,108.1,107.06
368,Green Bay Packers,2017,17,16,386,1724,13,46,4.5,107.8,14,5.45,17,16,464,1793,10,3.9,112.1,93.66
369,Cleveland Browns,2017,18,16,384,1714,11,59,4.5,107.1,25,-44.66,7,16,467,1566,14,3.4,97.9,87.00
370,New York Jets,2017,19,16,427,1702,13,75,4.0,106.4,25,-100.30,24,16,466,1887,13,4.0,117.9,99.76
371,Pittsburgh Steelers,2017,20,16,437,1667,12,29,3.8,104.2,15,-116.88,10,16,385,1693,14,4.4,105.8,8.03
372,San Francisco 49ers,2017,21,16,408,1662,15,61,4.1,103.9,14,-88.47,22,16,491,1861,13,3.8,116.3,84.71
373,Indianapolis Colts,2017,22,16,451,1661,11,35,3.7,103.8,20,-87.60,26,16,488,1927,15,3.9,120.4,60.39
374,Seattle Seahawks,2017,23,16,409,1629,4,33,4.0,101.8,18,-78.07,19,16,452,1824,14,4.0,114.0,72.54
375,Los Angeles Chargers,2017,24,16,419,1595,10,87,3.8,99.7,17,-93.07,31,16,430,2098,11,4.9,131.1,32.37
376,Oakland Raiders,2017,25,16,370,1554,13,52,4.2,97.1,33,-49.13,12,16,433,1743,11,4.0,108.9,94.32
377,New York Giants,2017,26,16,394,1549,6,75,3.9,96.8,20,-70.19,27,16,464,1933,10,4.2,120.8,108.57
378,Tampa Bay Buccaneers,2017,27,16,390,1448,8,36,3.7,90.5,27,-82.91,23,16,440,1880,17,4.3,117.5,100.61
379,Washington Redskins,2017,28,16,401,1448,10,61,3.6,90.5,28,-97.98,32,16,472,2146,13,4.5,134.1,10.72
380,Miami Dolphins,2017,29,16,360,1388,4,69,3.9,86.8,23,-93.59,14,16,431,1768,14,4.1,110.5,85.95
381,Arizona Cardinals,2017,30,16,410,1386,6,33,3.4,86.6,19,-109.56,6,16,407,1432,12,3.5,89.5,81.90
382,Cincinnati Bengals,2017,31,16,377,1366,6,25,3.6,85.4,22,-79.97,30,16,489,2046,13,4.2,127.9,72.51
383,Detroit Lions,2017,32,16,363,1221,10,34,3.4,76.3,21,-105.35,18,16,432,1800,18,4.2,112.5,96.43
384,Seattle Seahawks,2018,1,16,534,2560,15,61,4.8,160.0,18,18.93,13,16,366,1811,9,4.9,113.2,-1.80
385,Baltimore Ravens,2018,2,16,547,2441,19,43,4.5,152.6,25,22.48,4,16,354,1327,11,3.7,82.9,34.35
386,Los Angeles Rams,2018,3,16,459,2231,23,56,4.9,139.4,17,65.94,23,16,386,1957,12,5.1,122.3,-7.27
387,Carolina Panthers,2018,4,16,416,2136,17,59,5.1,133.5,20,44.06,12,16,384,1804,13,4.7,112.8,-5.60
388,New England Patriots,2018,5,16,478,2037,18,34,4.3,127.3,11,6.60,11,16,367,1803,7,4.9,112.7,8.45
389,Tennessee Titans,2018,6,16,456,2027,15,99,4.4,126.7,18,-0.10,18,16,429,1863,9,4.3,116.4,8.17
390,New Orleans Saints,2018,7,16,471,2025,26,49,4.3,126.6,18,20.56,2,16,356,1283,12,3.6,80.2,53.71
391,Houston Texans,2018,8,16,472,2021,12,97,4.3,126.3,19,-6.60,3,16,385,1323,8,3.4,82.7,51.40
392,Buffalo Bills,2018,9,16,468,1984,15,45,4.2,124.0,23,-8.40,16,16,440,1839,17,4.2,114.9,14.75
393,Dallas Cowboys,2018,10,16,439,1963,13,41,4.5,122.7,23,17.99,5,16,400,1513,12,3.8,94.6,26.93
394,Chicago Bears,2018,11,16,468,1938,16,42,4.1,121.1,23,1.30,1,16,339,1280,5,3.8,80.0,47.17
395,Denver Broncos,2018,12,16,393,1907,18,65,4.9,119.2,18,2.77,21,16,429,1913,11,4.5,119.6,10.71
396,San Francisco 49ers,2018,13,16,423,1902,7,66,4.5,118.9,31,-27.70,14,16,444,1814,13,4.1,113.4,13.85
397,Cleveland Browns,2018,14,16,411,1893,15,92,4.6,118.3,19,-7.07,28,16,459,2163,20,4.7,135.2,2.53
398,Los Angeles Chargers,2018,15,16,399,1873,16,41,4.7,117.1,17,4.10,9,16,395,1693,11,4.3,105.8,11.12
399,Kansas City Chiefs,2018,16,16,387,1855,16,45,4.8,115.9,18,35.81,27,16,425,2114,19,5.0,132.1,-46.37
400,Washington Redskins,2018,17,16,414,1774,12,90,4.3,110.9,18,-1.14,17,16,413,1860,12,4.5,116.3,-22.34
401,Miami Dolphins,2018,18,16,371,1738,7,75,4.7,108.6,17,-14.17,31,16,485,2325,17,4.8,145.3,-12.93
402,Jacksonville Jaguars,2018,19,16,416,1723,7,43,4.1,107.7,26,-23.44,19,16,434,1870,16,4.3,116.9,15.96
403,Indianapolis Colts,2018,20,16,408,1718,13,53,4.2,107.4,17,-13.08,8,16,417,1630,12,3.9,101.9,9.62
404,Cincinnati Bengals,2018,21,16,359,1682,13,51,4.7,105.1,11,-4.71,29,16,466,2204,17,4.7,137.8,-31.83
405,Green Bay Packers,2018,22,16,333,1667,14,67,5.0,104.2,22,47.02,22,16,446,1918,15,4.3,119.9,17.05
406,Detroit Lions,2018,23,16,404,1660,11,71,4.1,103.8,14,-17.05,10,16,403,1761,11,4.4,110.1,0.26
407,New York Giants,2018,24,16,354,1650,13,78,4.7,103.1,16,-0.56,20,16,444,1898,18,4.3,118.6,-10.05
408,Oakland Raiders,2018,25,16,387,1628,9,52,4.2,101.8,24,-41.83,30,16,480,2249,16,4.7,140.6,-15.94
409,New York Jets,2018,26,16,410,1622,11,77,4.0,101.4,24,-48.94,26,16,440,2021,16,4.6,126.3,-0.65
410,Atlanta Falcons,2018,27,16,351,1573,11,65,4.5,98.3,24,-19.08,25,16,409,1999,16,4.9,124.9,-49.88
411,Philadelphia Eagles,2018,28,16,398,1570,12,32,3.9,98.1,29,-30.02,7,16,332,1551,14,4.7,96.9,-5.81
412,Tampa Bay Buccaneers,2018,29,16,389,1523,11,28,3.9,95.2,23,-35.16,24,16,426,1983,19,4.7,123.9,-4.67
413,Minnesota Vikings,2018,30,16,357,1493,9,70,4.2,93.3,15,-38.02,15,16,440,1815,13,4.1,113.4,16.07
414,Pittsburgh Steelers,2018,31,16,345,1445,16,30,4.2,90.3,21,-5.90,6,16,369,1538,13,4.2,96.1,12.17
415,Arizona Cardinals,2018,32,16,355,1342,9,53,3.8,83.9,23,-39.85,32,16,510,2479,25,4.9,154.9,-34.43
416,Baltimore Ravens,2019,1,16,596,3296,21,63,5.5,206.0,18,100.56,5,16,340,1494,12,4.4,93.4,-1.25
417,San Francisco 49ers,2019,2,16,498,2305,23,83,4.6,144.1,19,4.93,17,16,401,1802,11,4.5,112.6,9.91
418,Tennessee Titans,2019,3,16,445,2223,21,74,5.0,138.9,21,29.93,12,16,415,1672,14,4.0,104.5,28.27
419,Seattle Seahawks,2019,4,16,481,2200,15,59,4.6,137.5,26,-32.78,22,16,388,1883,22,4.9,117.7,-17.45
420,Dallas Cowboys,2019,5,16,449,2153,18,44,4.8,134.6,15,37.08,11,16,407,1656,14,4.1,103.5,25.11
421,Minnesota Vikings,2019,6,16,476,2133,19,75,4.5,133.3,29,-16.29,13,16,404,1728,8,4.3,108.0,21.01
422,Indianapolis Colts,2019,7,16,471,2130,17,63,4.5,133.1,18,29.24,7,16,383,1567,8,4.1,97.9,21.54
423,Buffalo Bills,2019,8,16,465,2054,13,41,4.4,128.4,23,1.29,10,16,388,1649,12,4.3,103.1,10.92
424,Houston Texans,2019,9,16,434,2009,17,58,4.6,125.6,20,18.04,25,16,403,1937,12,4.8,121.1,-6.34
425,Arizona Cardinals,2019,10,16,396,1990,18,80,5.0,124.4,9,35.92,24,16,439,1922,9,4.4,120.1,15.13
426,Philadelphia Eagles,2019,11,16,454,1939,16,65,4.3,121.2,31,-10.75,3,16,353,1442,13,4.1,90.1,47.64
427,Cleveland Browns,2019,12,16,393,1901,15,88,4.8,118.8,14,-8.57,30,16,463,2315,19,5.0,144.7,-37.50
428,Oakland Raiders,2019,13,16,437,1893,13,60,4.3,118.3,21,-21.10,8,16,405,1570,15,3.9,98.1,17.69
429,Carolina Panthers,2019,14,16,386,1819,20,84,4.7,113.7,25,-8.21,29,16,445,2296,31,5.2,143.5,-62.69
430,Green Bay Packers,2019,15,16,411,1795,18,56,4.4,112.2,15,0.63,23,16,411,1921,15,4.7,120.1,-42.18
431,New Orleans Saints,2019,16,16,405,1738,12,40,4.3,108.6,9,-7.51,4,16,345,1461,12,4.2,91.3,39.45
432,Jacksonville Jaguars,2019,17,16,389,1708,3,81,4.4,106.8,21,-35.26,28,16,435,2229,23,5.1,139.3,-21.95
433,New England Patriots,2019,18,16,447,1703,17,33,3.8,106.4,13,-32.19,6,16,365,1528,7,4.2,95.5,33.13
434,New York Giants,2019,19,16,362,1685,11,68,4.7,105.3,31,-5.58,20,16,469,1812,19,3.9,113.3,40.51
435,Denver Broncos,2019,20,16,409,1662,11,40,4.1,103.9,21,-17.20,16,16,426,1783,9,4.2,111.4,12.72
436,Detroit Lions,2019,21,16,407,1649,7,44,4.1,103.1,12,-28.67,21,16,455,1855,13,4.1,115.9,17.32
437,Washington Redskins,2019,22,16,356,1583,9,65,4.4,98.9,21,-26.82,31,16,493,2339,14,4.7,146.2,-6.89
438,Kansas City Chiefs,2019,23,16,375,1569,16,91,4.2,98.1,20,18.11,26,16,416,2051,14,4.9,128.2,-41.35
439,Tampa Bay Buccaneers,2019,24,16,409,1521,15,49,3.7,95.1,23,-43.82,1,16,362,1181,11,3.3,73.8,56.23
440,Cincinnati Bengals,2019,25,16,385,1517,9,41,3.9,94.8,25,-25.52,32,16,504,2382,17,4.7,148.9,-12.07
441,Los Angeles Rams,2019,26,16,401,1499,20,27,3.7,93.7,17,-41.93,19,16,444,1809,15,4.1,113.1,21.49
442,Chicago Bears,2019,27,16,395,1458,8,55,3.7,91.1,13,-44.55,9,16,414,1632,16,3.9,102.0,38.83
443,Los Angeles Chargers,2019,28,16,366,1453,12,40,4.0,90.8,21,-28.43,18,16,429,1805,15,4.2,112.8,1.08
444,Pittsburgh Steelers,2019,29,16,395,1447,7,45,3.7,90.4,30,-64.88,14,16,462,1753,7,3.8,109.6,63.09
445,Atlanta Falcons,2019,30,16,362,1361,10,28,3.8,85.1,21,-23.14,15,16,421,1775,13,4.2,110.9,17.98
446,New York Jets,2019,31,16,383,1257,6,24,3.3,78.6,21,-56.47,2,16,417,1391,12,3.3,86.9,72.34
447,Miami Dolphins,2019,32,16,349,1156,10,28,3.3,72.3,25,-51.64,27,16,485,2166,15,4.5,135.4,-6.14
448,Baltimore Ravens,2020,1,16,555,3071,24,72,5.5,191.9,25,116.76,8,16,382,1740,12,4.6,108.8,14.33
449,Tennessee Titans,2020,2,16,521,2690,26,94,5.2,168.1,15,58.09,19,16,427,1933,18,4.5,120.8,-31.76
450,Cleveland Browns,2020,3,16,495,2374,21,59,4.8,148.4,23,33.06,9,16,412,1773,16,4.3,110.8,-19.02
451,New England Patriots,2020,4,16,502,2346,20,49,4.7,146.6,19,57.63,26,16,464,2103,17,4.5,131.4,-42.97
452,Minnesota Vikings,2020,5,16,468,2283,20,70,4.9,142.7,22,32.49,27,16,472,2151,19,4.6,134.4,-41.77
453,New Orleans Saints,2020,6,16,494,2265,30,49,4.6,141.6,27,49.14,4,16,390,1502,11,3.9,93.9,22.79
454,Arizona Cardinals,2020,7,16,479,2237,22,69,4.7,139.8,22,49.64,22,16,436,2008,13,4.6,125.5,-24.28
455,Green Bay Packers,2020,8,16,443,2118,16,77,4.8,132.4,11,43.48,14,16,397,1805,16,4.5,112.8,-36.94
456,Philadelphia Eagles,2020,9,16,403,2027,16,82,5.0,126.7,31,30.39,23,16,481,2012,20,4.2,125.8,14.58
457,Los Angeles Rams,2020,10,16,473,2018,19,61,4.3,126.1,19,-21.02,3,16,388,1460,12,3.8,91.3,35.94
458,Indianapolis Colts,2020,11,16,459,1996,20,62,4.3,124.8,8,12.49,2,16,390,1448,16,3.7,90.5,13.82
459,Seattle Seahawks,2020,12,16,411,1971,15,50,4.8,123.2,14,26.56,5,16,392,1529,18,3.9,95.6,13.95
460,Denver Broncos,2020,13,16,442,1918,13,65,4.3,119.9,23,-13.97,25,16,434,2080,22,4.8,130.0,-28.92
461,Las Vegas Raiders,2020,14,16,457,1916,20,43,4.2,119.8,24,17.40,24,16,438,2013,24,4.6,125.8,-38.01
462,San Francisco 49ers,2020,15,16,437,1889,19,80,4.3,118.1,20,-18.51,7,16,430,1703,12,4.0,106.4,15.79
463,Kansas City Chiefs,2020,16,16,403,1799,13,32,4.5,112.4,19,31.62,21,16,433,1954,14,4.5,122.1,-54.78
464,Dallas Cowboys,2020,17,16,430,1788,14,42,4.2,111.8,19,21.70,31,16,510,2541,20,5.0,158.8,-50.73
465,Los Angeles Chargers,2020,18,16,466,1784,12,36,3.8,111.5,16,-15.56,18,16,427,1917,17,4.5,119.8,-3.97
466,New York Giants,2020,19,16,399,1768,13,80,4.4,110.5,20,-2.39,10,16,432,1782,14,4.1,111.4,-0.25
467,Buffalo Bills,2020,20,16,411,1723,16,51,4.2,107.7,18,-1.50,17,16,414,1914,21,4.6,119.6,-53.52
468,Carolina Panthers,2020,21,16,407,1704,19,45,4.2,106.5,13,20.87,20,16,408,1936,17,4.7,121.0,-27.66
469,Miami Dolphins,2020,22,16,428,1688,15,31,3.9,105.5,17,-19.99,16,16,412,1862,17,4.5,116.4,-26.37
470,New York Jets,2020,23,16,406,1683,9,46,4.1,105.2,8,-6.76,12,16,445,1792,16,4.0,112.0,23.32
471,Cincinnati Bengals,2020,24,16,411,1668,13,55,4.1,104.3,20,-28.73,29,16,463,2368,13,5.1,148.0,-30.61
472,Chicago Bears,2020,25,16,393,1647,12,80,4.2,102.9,20,1.57,15,16,438,1814,11,4.1,113.4,25.22
473,Washington Football Team,2020,26,16,400,1611,18,40,4.0,100.7,24,19.76,13,16,428,1805,14,4.2,112.8,7.17
474,Atlanta Falcons,2020,27,16,409,1532,13,62,3.7,95.8,16,-17.02,6,16,380,1677,15,4.4,104.8,20.45
475,Jacksonville Jaguars,2020,28,16,337,1519,9,47,4.5,94.9,16,9.41,30,16,517,2452,23,4.7,153.3,-26.00
476,Tampa Bay Buccaneers,2020,29,16,369,1519,16,98,4.1,94.9,12,-11.99,1,16,358,1289,10,3.6,80.6,20.20
477,Detroit Lions,2020,30,16,367,1499,17,54,4.1,93.7,13,-12.40,28,16,487,2158,27,4.4,134.9,-42.32
478,Houston Texans,2020,31,16,344,1466,10,48,4.3,91.6,21,-9.85,32,16,493,2564,24,5.2,160.3,-58.20
479,Pittsburgh Steelers,2020,32,16,373,1351,12,59,3.6,84.4,22,-45.84,11,16,414,1783,13,4.3,111.4,3.99
480,Cleveland Browns,2021,1,6,194,1011,12,52,5.2,168.5,8,28.37,6,6,147,522,5,3.6,87.0,2.06
481,Dallas Cowboys,2021,2,6,194,986,6,47,5.1,164.3,9,7.17,5,6,121,517,5,4.3,86.2,-4.16
482,Tennessee Titans,2021,3,6,194,985,12,76,5.1,164.2,5,28.88,14,6,148,646,7,4.4,107.7,-5.30
483,Baltimore Ravens,2021,4,6,190,931,9,35,4.9,155.2,9,8.38,3,6,121,492,6,4.1,82.0,9.94
484,Buffalo Bills,2021,5,6,179,784,7,46,4.4,130.7,11,8.89,7,6,129,538,5,4.2,89.7,10.60
485,Arizona Cardinals,2021,6,6,188,784,8,54,4.2,130.7,12,9.90,24,6,148,768,3,5.2,128.0,1.24
486,Chicago Bears,2021,7,6,175,774,7,41,4.4,129.0,6,8.43,18,6,163,673,4,4.1,112.2,5.80
487,Minnesota Vikings,2021,8,6,170,767,2,48,4.5,127.8,9,-15.80,23,6,160,768,6,4.8,128.0,-15.10
488,Kansas City Chiefs,2021,9,6,154,750,5,24,4.9,125.0,9,3.45,27,6,155,799,9,5.2,133.2,-26.28
489,Indianapolis Colts,2021,10,6,159,745,5,83,4.7,124.2,4,13.48,16,6,163,666,1,4.1,111.0,20.65
490,Jacksonville Jaguars,2021,11,6,141,731,7,58,5.2,121.8,8,13.70,21,6,179,686,9,3.8,114.3,-6.35
491,Denver Broncos,2021,12,6,153,705,3,70,4.6,117.5,3,-7.82,4,6,137,513,5,3.7,85.5,10.16
492,Philadelphia Eagles,2021,13,6,132,682,7,27,5.2,113.7,7,16.10,28,6,198,812,6,4.1,135.3,-5.47
493,Seattle Seahawks,2021,14,6,143,664,6,33,4.6,110.7,7,9.52,30,6,192,845,6,4.4,140.8,-0.09
494,Green Bay Packers,2021,15,6,157,657,4,57,4.2,109.5,3,-0.68,15,6,145,651,5,4.5,108.5,-5.35
495,Carolina Panthers,2021,16,6,170,657,8,30,3.9,109.5,6,2.96,17,6,143,669,5,4.7,111.5,-3.86
496,Washington Football Team,2021,17,6,154,638,5,27,4.1,106.3,6,-3.70,20,6,169,681,6,4.0,113.5,7.12
497,Cincinnati Bengals,2021,18,6,162,637,3,27,3.9,106.2,2,-14.00,9,6,141,543,5,3.9,90.5,15.49
498,New Orleans Saints,2021,19,5,156,629,5,23,4.0,125.8,1,-4.22,2,5,118,395,4,3.3,79.0,10.32
499,Los Angeles Rams,2021,20,6,162,621,5,29,3.8,103.5,6,-20.54,12,6,148,646,7,4.4,107.7,-7.70
500,San Francisco 49ers,2021,21,5,144,610,6,38,4.2,122.0,7,-8.07,10,5,133,566,6,4.3,113.2,-2.72
501,Los Angeles Chargers,2021,22,6,139,568,5,21,4.1,94.7,5,5.26,32,6,179,975,8,5.4,162.5,-25.05
502,Detroit Lions,2021,23,6,137,551,5,26,4.0,91.8,6,-8.91,26,6,184,793,6,4.3,132.2,9.26
503,New York Giants,2021,24,6,138,539,6,46,3.9,89.8,9,-11.60,29,6,182,823,6,4.5,137.2,4.31
504,Houston Texans,2021,25,6,157,523,3,35,3.3,87.2,9,-24.90,31,6,179,848,11,4.7,141.3,-18.01
505,New England Patriots,2021,26,6,136,520,5,35,3.8,86.7,8,-11.84,19,6,177,677,3,3.8,112.8,8.47
506,Tampa Bay Buccaneers,2021,27,6,134,512,6,21,3.8,85.3,6,5.89,1,6,98,329,3,3.4,54.8,13.65
507,Pittsburgh Steelers,2021,28,6,131,487,4,25,3.7,81.2,6,-9.60,13,6,152,646,2,4.3,107.7,7.27
508,Las Vegas Raiders,2021,29,6,144,479,6,31,3.3,79.8,8,-26.57,25,6,169,784,7,4.6,130.7,3.77
509,Atlanta Falcons,2021,30,5,123,455,2,17,3.7,91.0,7,-17.63,8,5,125,541,5,4.3,108.2,-9.93
510,Miami Dolphins,2021,31,6,115,429,3,24,3.7,71.5,10,-9.04,22,6,172,752,7,4.4,125.3,5.97
511,New York Jets,2021,32,5,104,370,3,17,3.6,74.0,5,5.77,11,5,154,617,7,4.0,123.4,8.06
