,Tm,Year,Rk,G,#Dr,Plays,Sc_perc,TO_perc,Plays,Yds,Start,Time,Pts,opp_Rk,opp_G,opp_#Dr,opp_Plays,opp_Sc_perc,opp_TO_perc,opp_Plays,opp_Yds,opp_Start,opp_Time,opp_Pts
0,Chicago Bears,2006,1,16,201,1078,34.8,15.9,5.4,25.8,Own 32.6,2:28,1.80,32,16,209,1050,20.6,19.6,5.0,22.5,Own 29.3,2:17,1.10
1,Green Bay Packers,2006,2,16,199,1120,26.6,16.1,5.6,27.3,Own 30.4,2:28,1.34,31,16,201,1029,31.8,16.4,5.1,25.5,Own 29.8,2:20,1.71
2,Carolina Panthers,2006,3,16,197,1021,25.4,12.7,5.2,25.0,Own 27.1,2:28,1.29,29,16,195,1021,28.7,10.8,5.2,24.3,Own 29.4,2:28,1.52
3,Minnesota Vikings,2006,4,16,197,1050,23.9,15.7,5.3,25.1,Own 29.9,2:35,1.24,26,16,192,1017,30.2,16.7,5.3,25.0,Own 31.3,2:23,1.41
4,Seattle Seahawks,2006,5,16,197,1076,29.9,17.3,5.5,25.3,Own 31.1,2:25,1.59,30,16,196,1019,29.6,11.7,5.2,26.6,Own 29.8,2:28,1.60
5,Baltimore Ravens,2006,6,16,192,1047,31.3,11.5,5.5,26.2,Own 33.5,2:44,1.60,28,16,195,960,19.5,20.0,4.9,21.6,Own 28.4,2:14,1.02
6,Denver Broncos,2006,7,16,192,1002,30.7,14.6,5.2,25.7,Own 27.0,2:32,1.59,11,16,184,1062,32.6,14.7,5.8,28.3,Own 33.5,2:40,1.54
7,New York Giants,2006,8,16,190,1031,32.6,13.7,5.4,27.5,Own 32.2,2:31,1.80,17,16,187,1086,33.2,15.0,5.8,29.2,Own 31.6,2:38,1.85
8,New Orleans Saints,2006,9,16,190,1101,36.8,12.1,5.8,33.0,Own 29.2,2:41,2.09,22,16,189,948,26.5,9.0,5.0,25.9,Own 29.1,2:23,1.56
9,Miami Dolphins,2006,10,16,190,1070,25.8,12.6,5.6,26.0,Own 31.5,2:32,1.26,20,16,188,1030,27.1,12.8,5.5,24.5,Own 29.8,2:33,1.43
10,San Diego Chargers,2006,11,16,190,1045,43.2,6.8,5.5,30.6,Own 32.1,2:40,2.47,25,16,191,1012,28.8,13.6,5.3,25.2,Own 28.3,2:23,1.53
11,Tampa Bay Buccaneers,2006,12,16,190,994,19.5,16.3,5.2,22.7,Own 29.0,2:24,1.01,15,16,186,1045,31.7,10.2,5.6,28.2,Own 31.4,2:47,1.75
12,San Francisco 49ers,2006,13,16,189,953,30.2,15.3,5.0,25.7,Own 30.0,2:27,1.50,16,16,187,1057,39.0,13.9,5.7,29.4,Own 32.2,2:43,2.09
13,New England Patriots,2006,14,16,189,1081,34.4,13.8,5.7,28.5,Own 32.6,2:40,1.98,7,16,182,981,23.6,18.7,5.4,25.7,Own 28.6,2:30,1.17
14,Pittsburgh Steelers,2006,15,16,188,1068,31.4,18.1,5.7,30.3,Own 28.0,2:41,1.77,21,16,188,1003,27.7,15.4,5.3,25.6,Own 33.1,2:28,1.49
15,Jacksonville Jaguars,2006,16,16,188,1021,35.1,11.2,5.4,28.8,Own 33.2,2:45,1.90,19,16,187,1002,23.0,12.8,5.4,24.2,Own 29.0,2:23,1.25
16,Cleveland Browns,2006,17,16,188,968,22.9,21.3,5.1,22.5,Own 31.3,2:31,1.15,27,16,193,1072,31.1,14.0,5.6,28.5,Own 30.5,2:34,1.64
17,Cincinnati Bengals,2006,18,16,188,1025,35.6,12.2,5.5,29.0,Own 31.0,2:26,1.96,14,16,186,1063,30.6,14.5,5.7,30.5,Own 29.3,2:42,1.76
18,Tennessee Titans,2006,19,16,187,973,26.7,13.9,5.2,25.6,Own 30.0,2:21,1.40,23,16,189,1095,37.6,13.2,5.8,31.1,Own 30.7,2:47,2.06
19,Buffalo Bills,2006,20,16,186,923,27.4,15.1,5.0,22.8,Own 31.2,2:25,1.42,18,16,187,1055,28.9,11.8,5.6,28.1,Own 29.6,2:44,1.55
20,Detroit Lions,2006,21,16,185,996,31.9,21.1,5.4,26.7,Own 29.7,2:24,1.61,12,16,185,1066,37.8,15.1,5.8,29.9,Own 31.5,2:48,2.00
21,Atlanta Falcons,2006,22,16,184,1032,28.8,10.9,5.6,28.8,Own 30.3,2:37,1.52,4,16,179,1023,31.8,13.4,5.7,29.7,Own 28.3,2:43,1.72
22,Philadelphia Eagles,2006,23,16,183,1011,33.9,11.5,5.5,33.2,Own 30.0,2:32,1.98,13,16,186,1082,30.1,15.1,5.8,28.2,Own 29.2,2:44,1.55
23,St. Louis Rams,2006,24,16,183,1102,37.7,8.7,6.0,31.4,Own 28.1,2:44,1.94,3,16,176,986,34.7,17.0,5.6,30.5,Own 30.2,2:38,1.99
24,Kansas City Chiefs,2006,25,16,182,1035,32.4,12.6,5.7,28.0,Own 31.8,2:41,1.74,9,16,182,1031,31.9,14.8,5.7,28.8,Own 29.9,2:40,1.66
25,Oakland Raiders,2006,26,16,180,974,16.7,25.0,5.4,21.6,Own 30.9,2:30,0.77,24,16,189,1023,33.3,11.6,5.4,24.0,Own 35.1,2:41,1.68
26,Washington Redskins,2006,27,16,179,1009,30.2,9.5,5.6,29.2,Own 29.1,2:42,1.62,5,16,179,1031,38.5,5.6,5.8,31.8,Own 29.7,2:42,2.03
27,Arizona Cardinals,2006,28,16,177,1036,32.2,15.3,5.9,28.1,Own 29.8,2:43,1.62,6,16,181,1052,37.6,18.2,5.8,30.6,Own 31.9,2:39,1.94
28,New York Jets,2006,29,16,176,1041,31.8,13.6,5.9,27.7,Own 30.8,2:49,1.68,8,16,182,1044,28.0,13.7,5.7,29.1,Own 29.8,2:33,1.57
29,Dallas Cowboys,2006,30,16,176,1043,38.1,15.3,5.9,32.6,Own 31.7,2:49,2.21,10,16,183,999,32.2,15.3,5.5,28.2,Own 30.4,2:32,1.78
30,Houston Texans,2006,31,16,169,980,27.2,13.6,5.8,26.4,Own 28.0,2:47,1.46,2,16,168,1008,37.5,13.1,6.0,32.1,Own 31.3,2:56,2.03
31,Indianapolis Colts,2006,32,16,156,1040,47.4,10.9,6.7,38.9,Own 28.8,3:02,2.65,1,16,156,994,38.5,16.7,6.4,34.1,Own 30.7,3:07,2.08
32,Chicago Bears,2007,1,16,205,1071,27.8,15.1,5.2,22.8,Own 34.5,2:13,1.34,32,16,214,1069,28.5,15.0,5.0,26.4,Own 29.5,2:22,1.53
33,San Francisco 49ers,2007,2,16,203,944,19.7,15.8,4.7,18.6,Own 32.3,2:08,1.04,30,16,197,1113,32.5,10.7,5.6,28.1,Own 30.2,2:43,1.64
34,Seattle Seahawks,2007,3,16,202,1090,33.2,11.4,5.4,27.5,Own 31.7,2:22,1.77,31,16,208,1063,25.5,15.9,5.1,24.7,Own 31.1,2:20,1.36
35,Arizona Cardinals,2007,4,16,197,1046,32.0,18.3,5.3,27.6,Own 32.5,2:29,1.81,23,16,192,1047,34.9,14.6,5.5,27.4,Own 32.0,2:32,1.86
36,Atlanta Falcons,2007,5,16,194,1021,26.3,12.4,5.3,24.7,Own 31.0,2:22,1.30,17,16,187,1072,35.8,13.4,5.7,30.3,Own 28.5,2:42,1.91
37,Kansas City Chiefs,2007,6,16,194,1028,21.6,15.5,5.3,22.8,Own 28.1,2:29,1.12,26,16,193,1019,32.1,10.9,5.3,26.4,Own 30.5,2:31,1.54
38,Washington Redskins,2007,7,16,193,1087,32.1,15.0,5.6,27.4,Own 32.0,2:35,1.65,28,16,193,1063,29.5,12.4,5.5,25.3,Own 31.8,2:27,1.51
39,St. Louis Rams,2007,8,16,193,1059,24.9,18.7,5.5,24.6,Own 28.4,2:30,1.24,21,16,191,1038,39.8,13.1,5.4,28.5,Own 33.2,2:30,2.07
40,Cleveland Browns,2007,9,16,192,1034,35.4,14.6,5.4,29.2,Own 33.2,2:27,1.94,18,16,187,1101,36.9,13.4,5.9,30.6,Own 32.1,2:40,1.90
41,San Diego Chargers,2007,10,16,191,1008,34.0,12.6,5.3,26.4,Own 31.8,2:31,1.88,16,16,185,1033,23.8,22.7,5.6,27.5,Own 29.6,2:38,1.38
42,Oakland Raiders,2007,11,16,191,1032,26.7,17.3,5.4,24.6,Own 29.6,2:38,1.39,20,16,191,987,34.6,12.6,5.2,28.5,Own 32.0,2:26,1.90
43,Minnesota Vikings,2007,12,16,190,988,28.4,15.3,5.2,28.2,Own 27.7,2:29,1.57,22,16,192,1095,29.7,16.1,5.7,28.0,Own 29.4,2:34,1.49
44,Green Bay Packers,2007,13,16,190,1024,38.9,12.1,5.4,31.0,Own 31.5,2:33,2.07,11,16,182,1021,29.1,13.2,5.6,27.5,Own 28.6,2:37,1.51
45,Carolina Panthers,2007,14,16,189,1017,26.5,13.8,5.4,23.9,Own 28.7,2:26,1.34,24,16,192,1065,32.3,14.6,5.5,27.0,Own 32.8,2:36,1.70
46,Detroit Lions,2007,15,16,189,1000,32.3,18.5,5.3,27.3,Own 29.7,2:21,1.65,27,16,193,1114,35.2,18.1,5.8,31.0,Own 32.2,2:42,2.11
47,New York Giants,2007,16,16,189,1068,32.3,17.5,5.7,28.1,Own 31.5,2:39,1.77,25,16,193,1013,29.5,12.4,5.2,25.2,Own 31.3,2:22,1.63
48,Tennessee Titans,2007,17,16,189,1076,32.3,16.9,5.7,26.3,Own 32.5,2:42,1.52,15,16,183,1003,27.3,15.8,5.5,25.4,Own 28.5,2:30,1.52
49,Baltimore Ravens,2007,18,16,186,1076,27.4,18.3,5.8,25.9,Own 29.5,2:41,1.34,29,16,196,1011,37.2,10.7,5.2,24.6,Own 34.9,2:25,1.85
50,Tampa Bay Buccaneers,2007,19,16,185,1008,33.0,9.7,5.4,28.2,Own 33.1,2:38,1.70,14,16,182,995,24.2,18.7,5.5,24.3,Own 27.5,2:36,1.36
51,Philadelphia Eagles,2007,20,16,182,1079,34.1,13.2,5.9,31.5,Own 29.2,2:43,1.86,19,16,187,1017,30.5,10.2,5.4,26.6,Own 32.0,2:29,1.47
52,Dallas Cowboys,2007,21,16,182,1006,41.8,12.6,5.5,32.1,Own 31.9,2:41,2.35,13,16,182,1039,30.8,14.8,5.7,27.0,Own 29.9,2:35,1.60
53,New Orleans Saints,2007,22,16,180,1082,31.7,16.1,6.0,32.1,Own 28.5,2:46,1.88,12,16,182,994,36.3,12.1,5.5,30.4,Own 31.6,2:32,1.97
54,Buffalo Bills,2007,23,16,177,946,24.9,11.9,5.3,24.8,Own 30.4,2:36,1.20,4,16,172,1077,36.0,16.3,6.3,33.6,Own 29.2,2:54,1.90
55,Cincinnati Bengals,2007,24,16,177,1042,37.9,15.3,5.9,31.4,Own 31.1,2:39,1.95,10,16,181,1038,35.9,18.8,5.7,30.7,Own 31.9,2:42,1.96
56,Denver Broncos,2007,25,16,177,1007,32.8,14.7,5.7,31.1,Own 28.0,2:40,1.68,9,16,176,1025,37.5,16.5,5.8,30.4,Own 30.2,2:51,2.01
57,Pittsburgh Steelers,2007,26,16,175,1025,37.7,11.4,5.9,29.8,Own 32.4,3:04,2.11,7,16,175,955,26.3,13.1,5.5,24.2,Own 29.7,2:27,1.43
58,Miami Dolphins,2007,27,16,175,1012,26.9,16.0,5.8,26.0,Own 27.7,2:42,1.40,5,16,174,1017,42.5,11.5,5.8,31.5,Own 34.8,2:53,2.33
59,Houston Texans,2007,28,16,172,998,35.5,20.9,5.8,30.8,Own 29.6,2:45,1.90,8,16,175,1028,38.9,12.0,5.9,31.3,Own 32.6,2:46,2.08
60,New York Jets,2007,29,16,171,1048,29.2,14.0,6.1,27.5,Own 30.3,2:43,1.37,2,16,169,1048,36.1,12.4,6.2,31.4,Own 29.5,3:02,1.84
61,Jacksonville Jaguars,2007,30,16,169,1047,39.6,10.1,6.2,33.8,Own 30.2,3:02,2.28,3,16,171,993,29.2,17.0,5.8,29.4,Own 29.6,2:36,1.63
62,New England Patriots,2007,31,16,167,1082,52.7,7.8,6.5,39.3,Own 32.3,3:07,3.19,6,16,175,947,24.0,16.6,5.4,26.3,Own 27.0,2:30,1.41
63,Indianapolis Colts,2007,32,16,166,1049,44.6,11.4,6.3,34.6,Own 31.8,2:52,2.57,1,16,162,1000,25.3,21.6,6.2,27.7,Own 29.1,2:59,1.40
64,Chicago Bears,2008,1,16,203,1021,30.5,11.3,5.0,23.3,Own 33.4,2:15,1.63,32,16,207,1120,30.4,14.0,5.4,25.9,Own 30.8,2:30,1.63
65,Philadelphia Eagles,2008,2,16,200,1096,35.5,11.5,5.5,28.0,Own 31.2,2:31,1.83,31,16,198,1023,25.3,13.6,5.2,22.1,Own 31.1,2:23,1.28
66,Baltimore Ravens,2008,3,16,194,1093,33.0,10.8,5.6,26.6,Own 32.3,2:45,1.73,30,16,195,950,21.5,17.4,4.9,21.5,Own 28.3,2:13,1.08
67,Carolina Panthers,2008,4,16,192,969,38.0,9.9,5.0,29.2,Own 31.8,2:27,2.08,20,16,185,1055,30.8,12.4,5.7,28.4,Own 27.6,2:40,1.64
68,Tennessee Titans,2008,5,16,191,1006,34.6,8.9,5.3,26.1,Own 32.4,2:27,1.81,29,16,194,1052,23.2,15.5,5.4,24.2,Own 29.2,2:34,1.21
69,Dallas Cowboys,2008,6,16,190,1001,32.1,16.3,5.3,28.9,Own 29.5,2:32,1.83,21,16,185,1013,36.8,10.8,5.5,25.4,Own 32.5,2:35,1.75
70,Minnesota Vikings,2008,7,16,190,1048,34.7,14.7,5.5,27.7,Own 29.3,2:38,1.82,25,16,191,982,27.7,12.6,5.1,24.5,Own 32.0,2:24,1.40
71,Pittsburgh Steelers,2008,8,16,190,1046,32.6,12.6,5.5,26.1,Own 31.1,2:40,1.72,24,16,188,1001,22.9,14.4,5.3,20.1,Own 30.6,2:27,1.09
72,St. Louis Rams,2008,9,16,190,1018,26.3,16.3,5.4,24.2,Own 27.2,2:29,1.19,22,16,185,1007,41.6,13.0,5.4,31.9,Own 32.0,2:38,2.24
73,Tampa Bay Buccaneers,2008,10,16,189,1083,33.3,12.7,5.7,28.8,Own 32.4,2:43,1.66,27,16,192,975,30.7,14.6,5.1,25.4,Own 29.3,2:27,1.57
74,Oakland Raiders,2008,11,16,187,949,24.6,11.8,5.1,23.0,Own 30.3,2:26,1.21,26,16,192,1076,34.4,11.5,5.6,30.0,Own 29.1,2:41,1.93
75,Detroit Lions,2008,12,16,187,936,26.2,15.0,5.0,22.9,Own 27.9,2:19,1.39,15,16,179,1037,45.3,8.4,5.8,36.1,Own 30.8,2:57,2.61
76,Cincinnati Bengals,2008,13,16,186,1010,21.0,13.4,5.4,21.0,Own 30.1,2:31,0.99,19,16,184,1036,32.6,12.0,5.6,28.2,Own 31.1,2:47,1.80
77,San Francisco 49ers,2008,14,16,185,994,33.0,18.4,5.4,26.7,Own 29.2,2:33,1.68,18,16,184,1070,38.6,9.8,5.8,28.3,Own 33.7,2:41,1.94
78,Green Bay Packers,2008,15,16,179,1045,36.9,11.2,5.8,31.2,Own 28.2,2:50,1.98,28,16,192,1034,34.9,14.1,5.4,27.9,Own 32.4,2:25,1.92
79,Washington Redskins,2008,16,16,178,1062,29.2,9.6,6.0,28.7,Own 31.8,2:50,1.46,11,16,176,961,29.5,10.2,5.5,26.2,Own 28.0,2:35,1.52
80,New York Giants,2008,17,16,178,1060,43.8,7.3,6.0,32.0,Own 32.3,3:00,2.26,8,16,173,956,28.9,12.1,5.5,26.8,Own 29.0,2:32,1.58
81,New Orleans Saints,2008,18,16,178,1074,42.7,14.0,6.0,36.7,Own 29.9,2:44,2.49,9,16,174,1038,39.7,11.5,6.0,31.2,Own 30.3,2:44,1.99
82,Kansas City Chiefs,2008,19,16,178,979,27.0,12.4,5.5,27.6,Own 27.8,2:31,1.53,17,16,181,1077,43.6,15.5,6.0,34.6,Own 33.6,2:51,2.33
83,Arizona Cardinals,2008,20,16,178,1025,39.3,15.7,5.8,32.9,Own 30.8,2:43,2.19,16,16,181,1020,38.7,15.5,5.6,29.2,Own 32.9,2:38,2.24
84,New York Jets,2008,21,16,177,1010,37.3,16.9,5.7,29.8,Own 31.4,2:49,2.07,12,16,177,1048,33.3,16.9,5.9,29.5,Own 30.2,2:44,1.77
85,Seattle Seahawks,2008,22,16,176,955,29.5,13.6,5.4,25.0,Own 30.9,2:25,1.52,23,16,187,1099,40.1,10.2,5.9,32.3,Own 29.3,2:53,2.02
86,Buffalo Bills,2008,23,16,176,994,34.1,16.5,5.6,27.7,Own 32.1,2:44,1.70,14,16,179,1012,36.9,11.2,5.7,29.1,Own 31.7,2:40,1.82
87,New England Patriots,2008,24,16,174,1135,44.8,11.5,6.5,33.5,Own 33.3,2:59,2.31,5,16,170,941,30.6,12.9,5.5,29.1,Own 27.8,2:38,1.74
88,Miami Dolphins,2008,25,16,174,990,33.9,6.9,5.7,31.6,Own 29.2,2:51,1.89,2,16,165,1011,35.2,16.4,6.1,31.8,Own 27.7,2:48,1.76
89,Atlanta Falcons,2008,26,16,174,1042,39.7,10.3,6.0,33.1,Own 30.6,2:52,2.11,13,16,178,1023,32.0,9.0,5.7,31.1,Own 27.3,2:39,1.79
90,Houston Texans,2008,27,16,173,1052,38.2,17.3,6.1,35.3,Own 29.8,2:58,2.00,10,16,175,964,38.3,12.0,5.5,30.7,Own 29.5,2:34,2.11
91,Jacksonville Jaguars,2008,28,16,172,1030,29.7,12.8,6.0,29.7,Own 27.3,2:56,1.63,6,16,170,952,38.8,9.4,5.6,31.1,Own 31.2,2:42,2.08
92,Cleveland Browns,2008,29,16,172,958,27.3,14.5,5.6,23.1,Own 29.8,2:34,1.22,7,16,171,1033,31.6,17.5,6.0,33.3,Own 31.8,3:02,1.77
93,San Diego Chargers,2008,30,16,170,956,43.5,10.6,5.6,32.8,Own 30.6,2:43,2.41,4,16,169,1072,35.5,13.0,6.3,33.1,Own 29.7,2:57,1.92
94,Denver Broncos,2008,31,16,167,1053,38.9,17.4,6.3,37.9,Own 26.0,2:45,2.13,3,16,168,1025,46.4,7.7,6.1,35.5,Own 30.2,2:59,2.49
95,Indianapolis Colts,2008,32,16,150,994,40.7,10.0,6.6,35.8,Own 28.2,3:03,2.31,1,16,153,1021,37.3,17.0,6.7,32.5,Own 27.6,3:17,1.75
96,Kansas City Chiefs,2009,1,16,202,1048,25.2,12.4,5.2,23.7,Own 28.5,2:13,1.27,31,16,201,1099,35.8,13.4,5.5,30.8,Own 30.7,2:37,1.93
97,Arizona Cardinals,2009,2,16,199,1004,30.7,17.1,5.0,27.6,Own 29.9,2:24,1.78,28,16,196,1064,27.6,13.8,5.4,28.3,Own 28.5,2:28,1.54
98,New York Jets,2009,3,16,198,1066,31.8,15.2,5.4,25.9,Own 32.4,2:36,1.62,19,16,187,976,20.3,14.4,5.2,21.6,Own 28.8,2:27,1.02
99,San Francisco 49ers,2009,4,16,196,963,27.6,10.2,4.9,23.8,Own 29.1,2:26,1.54,32,16,206,1084,26.7,15.5,5.3,25.2,Own 29.6,2:21,1.31
100,Tampa Bay Buccaneers,2009,5,16,194,987,20.1,17.5,5.1,23.6,Own 30.4,2:22,1.08,22,16,190,1071,36.8,14.2,5.6,30.7,Own 31.1,2:40,2.03
101,Seattle Seahawks,2009,6,16,194,1071,26.3,15.5,5.5,25.8,Own 28.4,2:16,1.35,29,16,196,1056,33.7,10.7,5.4,29.1,Own 29.4,2:39,1.91
102,Oakland Raiders,2009,7,16,194,973,22.2,16.5,5.0,21.9,Own 27.1,2:20,1.02,25,16,193,1063,36.3,7.8,5.5,30.1,Own 30.7,2:38,1.92
103,Detroit Lions,2009,8,16,194,1065,23.7,20.1,5.5,24.6,Own 27.7,2:23,1.23,23,16,192,1063,43.8,10.4,5.5,32.6,Own 35.8,2:35,2.42
104,Carolina Panthers,2009,9,16,193,1051,29.0,15.0,5.4,27.4,Own 28.2,2:30,1.58,8,16,181,1003,26.5,19.3,5.5,27.9,Own 31.0,2:38,1.44
105,Chicago Bears,2009,10,16,193,999,29.5,16.6,5.2,25.7,Own 32.4,2:22,1.57,26,16,193,1066,35.2,13.5,5.5,28.0,Own 32.1,2:38,1.95
106,Philadelphia Eagles,2009,11,16,192,1012,38.0,10.4,5.3,29.8,Own 30.6,2:21,1.99,30,16,197,1061,29.9,17.3,5.4,26.0,Own 31.7,2:35,1.67
107,Green Bay Packers,2009,12,16,191,1078,40.3,7.9,5.6,31.7,Own 32.3,2:46,2.26,15,16,186,965,25.3,21.0,5.2,24.5,Own 31.1,2:19,1.49
108,Cleveland Browns,2009,13,16,189,996,23.3,16.4,5.3,21.9,Own 30.5,2:27,1.14,18,16,186,1108,36.0,8.6,6.0,33.5,Own 28.6,2:45,1.88
109,Denver Broncos,2009,14,16,189,1067,31.7,11.6,5.6,28.9,Own 29.0,2:33,1.59,13,16,185,1038,31.4,15.7,5.6,27.0,Own 27.6,2:36,1.57
110,Buffalo Bills,2009,15,16,188,944,27.1,13.8,5.0,23.3,Own 30.3,2:24,1.30,24,16,192,1114,28.6,16.7,5.8,28.3,Own 29.7,2:43,1.55
111,Minnesota Vikings,2009,16,16,188,1082,42.0,9.0,5.8,32.2,Own 32.5,2:48,2.39,20,16,188,966,28.2,11.7,5.1,25.9,Own 27.7,2:20,1.51
112,Tennessee Titans,2009,17,16,187,1022,33.2,15.0,5.5,29.9,Own 27.1,2:27,1.74,21,16,190,1065,36.3,13.7,5.6,30.8,Own 32.3,2:41,2.08
113,Houston Texans,2009,18,16,187,1075,33.7,15.0,5.7,32.8,Own 30.2,2:44,1.91,11,16,182,997,30.8,13.2,5.5,28.5,Own 27.1,2:28,1.71
114,New Orleans Saints,2009,19,16,185,1060,41.6,13.5,5.7,34.9,Own 31.4,2:44,2.44,27,16,194,1076,31.4,18.0,5.5,29.5,Own 28.5,2:25,1.64
115,New York Giants,2009,20,16,183,1049,37.7,15.3,5.7,32.0,Own 30.5,2:46,2.05,10,16,182,974,38.5,11.5,5.4,28.5,Own 31.6,2:31,2.30
116,Pittsburgh Steelers,2009,21,16,183,1045,35.5,12.6,5.7,32.4,Own 29.5,2:52,1.90,5,16,178,996,28.7,12.4,5.6,27.4,Own 28.7,2:33,1.51
117,Baltimore Ravens,2009,22,16,183,1044,35.0,10.9,5.7,30.7,Own 31.8,2:35,1.99,16,16,186,1018,26.3,16.7,5.5,25.8,Own 26.9,2:40,1.33
118,Miami Dolphins,2009,23,16,181,1116,34.3,15.5,6.2,29.7,Own 28.4,2:50,1.85,17,16,186,1007,38.7,11.3,5.4,30.0,Own 30.7,2:26,2.00
119,St. Louis Rams,2009,24,16,181,1022,19.3,16.6,5.6,24.6,Own 28.1,2:35,0.93,12,16,184,1038,35.3,10.3,5.6,32.4,Own 28.0,2:43,2.06
120,Dallas Cowboys,2009,25,16,179,1051,33.5,9.5,5.9,35.7,Own 27.6,2:53,1.90,9,16,181,1005,24.3,11.6,5.6,27.9,Own 26.1,2:29,1.30
121,New England Patriots,2009,26,16,178,1107,41.0,12.4,6.2,35.7,Own 30.0,2:58,2.29,6,16,179,961,25.1,14.0,5.4,28.4,Own 27.4,2:26,1.45
122,Cincinnati Bengals,2009,27,16,177,1039,29.9,13.0,5.9,27.8,Own 29.7,2:56,1.58,14,16,185,1009,28.6,13.5,5.5,25.8,Own 31.4,2:28,1.51
123,Jacksonville Jaguars,2009,28,16,176,1038,29.5,12.5,5.9,30.6,Own 28.5,2:46,1.66,2,16,168,1010,38.1,14.3,6.0,33.6,Own 29.3,2:52,2.10
124,Indianapolis Colts,2009,29,16,174,1001,37.9,13.2,5.8,33.4,Own 28.0,2:33,2.29,7,16,179,1120,33.0,14.0,6.3,30.3,Own 28.9,2:53,1.64
125,Washington Redskins,2009,30,16,172,995,29.7,13.4,5.8,28.9,Own 28.7,2:42,1.56,4,16,178,1036,33.7,9.6,5.8,28.7,Own 31.8,2:49,1.66
126,San Diego Chargers,2009,31,16,170,1007,45.9,9.4,5.9,33.9,Own 30.8,2:49,2.46,1,16,168,1020,34.5,14.3,6.1,30.9,Own 29.0,2:52,1.82
127,Atlanta Falcons,2009,32,16,170,1077,35.3,13.5,6.3,32.1,Own 30.6,2:49,2.02,3,16,171,1025,32.2,15.2,6.0,32.6,Own 27.9,2:50,1.78
128,New York Giants,2010,1,16,207,1058,32.4,20.3,5.1,29.3,Own 31.0,2:31,1.90,29,16,202,1001,28.7,18.3,5.0,24.4,Own 32.8,2:10,1.55
129,Washington Redskins,2010,2,16,205,1037,26.3,14.6,5.1,26.0,Own 28.8,2:15,1.38,30,16,203,1089,32.5,12.3,5.4,30.7,Own 31.0,2:36,1.72
130,Oakland Raiders,2010,3,16,203,1080,34.5,11.8,5.3,27.9,Own 28.8,2:27,1.76,32,16,205,1019,31.2,9.3,5.0,25.2,Own 31.4,2:16,1.78
131,St. Louis Rams,2010,4,16,199,1092,30.2,9.5,5.5,24.3,Own 30.9,2:30,1.45,18,16,191,1055,33.0,12.6,5.5,28.1,Own 28.4,2:27,1.58
132,New York Jets,2010,5,16,199,1126,32.2,10.6,5.7,28.2,Own 32.8,2:37,1.65,28,16,201,1002,26.4,13.9,5.0,22.9,Own 28.1,2:16,1.49
133,Chicago Bears,2010,6,16,198,966,29.3,15.7,4.9,23.4,Own 33.7,2:23,1.55,25,16,196,1029,25.0,17.9,5.3,25.4,Own 30.9,2:29,1.32
134,Carolina Panthers,2010,7,16,197,991,20.8,17.8,5.0,20.7,Own 28.7,2:14,0.95,26,16,196,1093,35.2,14.3,5.6,27.4,Own 33.4,2:40,1.87
135,Seattle Seahawks,2010,8,16,196,994,26.5,14.8,5.1,24.2,Own 30.8,2:15,1.35,22,16,192,1104,35.9,9.9,5.8,30.6,Own 31.2,2:42,1.99
136,Denver Broncos,2010,9,16,196,1043,30.6,11.7,5.3,28.4,Own 27.5,2:18,1.69,27,16,199,1092,40.7,8.0,5.5,31.4,Own 32.1,2:34,2.27
137,Philadelphia Eagles,2010,10,16,196,1076,39.8,11.7,5.5,31.8,Own 31.6,2:33,2.13,23,16,194,1019,31.4,17.0,5.3,26.9,Own 27.7,2:22,1.83
138,Detroit Lions,2010,11,16,193,1094,32.1,12.4,5.7,28.1,Own 29.3,2:28,1.73,21,16,192,1025,31.3,13.5,5.3,28.5,Own 30.5,2:33,1.79
139,Kansas City Chiefs,2010,12,16,192,1089,31.3,6.8,5.7,29.1,Own 30.5,2:38,1.77,20,16,192,1052,28.1,10.9,5.5,27.4,Own 26.8,2:27,1.55
140,Cincinnati Bengals,2010,13,16,190,1077,30.5,16.3,5.7,27.9,Own 31.2,2:38,1.63,12,16,182,990,35.2,13.2,5.4,29.2,Own 29.7,2:32,1.85
141,San Francisco 49ers,2010,14,16,190,972,26.8,11.1,5.1,26.2,Own 28.5,2:25,1.42,24,16,195,1066,31.8,11.3,5.5,26.9,Own 30.0,2:35,1.65
142,Arizona Cardinals,2010,15,16,190,958,23.7,15.8,5.0,22.7,Own 29.7,2:13,1.15,31,16,204,1143,39.7,13.2,5.6,29.2,Own 32.3,2:40,2.00
143,Baltimore Ravens,2010,16,16,189,1047,32.8,9.5,5.5,27.2,Own 29.8,2:39,1.75,16,16,185,1039,29.2,13.5,5.6,27.3,Own 27.2,2:35,1.46
144,Minnesota Vikings,2010,17,16,189,1000,24.9,19.0,5.3,26.4,Own 30.2,2:34,1.38,14,16,184,1000,28.8,12.5,5.4,27.2,Own 29.8,2:36,1.63
145,San Diego Chargers,2010,18,16,186,1072,40.3,14.5,5.8,33.9,Own 28.6,2:51,2.24,15,16,184,955,26.1,12.5,5.2,23.7,Own 32.5,2:20,1.48
146,Miami Dolphins,2010,19,16,185,1081,29.7,15.7,5.8,27.7,Own 28.6,2:40,1.43,10,16,181,1019,31.5,9.9,5.6,27.3,Own 30.9,2:36,1.61
147,Tennessee Titans,2010,20,16,184,933,33.2,14.7,5.1,26.0,Own 31.5,2:16,1.80,13,16,183,1187,37.7,13.1,6.5,32.1,Own 29.0,3:00,1.79
148,Green Bay Packers,2010,21,16,183,1028,35.0,10.9,5.6,31.3,Own 29.8,2:48,1.97,11,16,182,998,25.3,16.5,5.5,27.0,Own 29.1,2:32,1.24
149,Dallas Cowboys,2010,22,16,182,1067,34.6,14.8,5.9,31.8,Own 28.8,2:46,1.90,17,16,188,1004,36.7,15.4,5.3,29.8,Own 29.7,2:28,2.04
150,Buffalo Bills,2010,23,16,182,975,25.3,19.2,5.4,26.8,Own 29.2,2:31,1.42,19,16,191,1110,39.3,10.5,5.8,30.3,Own 33.9,2:48,2.14
151,Pittsburgh Steelers,2010,24,16,179,1031,36.9,9.5,5.8,30.8,Own 31.5,2:54,1.93,7,16,179,1004,25.7,17.3,5.6,24.7,Own 30.2,2:33,1.22
152,Houston Texans,2010,25,16,179,1059,39.7,10.1,5.9,34.5,Own 25.6,2:38,2.17,3,16,174,1037,40.2,10.3,6.0,34.7,Own 29.7,2:53,2.33
153,Indianapolis Colts,2010,26,16,179,1116,40.2,13.4,6.2,34.0,Own 27.5,2:40,2.23,9,16,181,1046,37.0,10.5,5.8,30.0,Own 28.8,2:42,1.91
154,Atlanta Falcons,2010,27,16,178,1128,39.3,9.0,6.3,30.7,Own 31.1,2:57,2.12,8,16,180,980,26.1,16.1,5.4,29.6,Own 24.3,2:30,1.49
155,Jacksonville Jaguars,2010,28,16,177,1047,35.0,16.9,5.9,30.7,Own 30.2,2:53,1.95,2,16,174,973,40.2,9.8,5.6,34.1,Own 28.2,2:36,2.29
156,Cleveland Browns,2010,29,16,177,955,27.7,15.8,5.4,26.1,Own 29.8,2:34,1.42,5,16,176,1077,34.1,15.3,6.1,31.8,Own 28.7,2:58,1.77
157,New Orleans Saints,2010,30,16,174,1098,38.5,16.7,6.3,34.2,Own 29.2,2:57,2.12,1,16,173,982,31.8,12.7,5.7,28.2,Own 29.6,2:39,1.58
158,Tampa Bay Buccaneers,2010,31,16,172,983,33.7,9.3,5.7,31.2,Own 28.9,2:52,1.83,6,16,177,1012,29.4,14.7,5.7,30.0,Own 29.3,2:40,1.67
159,New England Patriots,2010,32,16,166,1011,47.0,5.4,6.1,35.0,Own 32.1,2:50,2.76,4,16,176,1082,30.7,21.0,6.1,33.2,Own 28.2,2:51,1.72
160,Denver Broncos,2011,1,16,204,1043,24.5,14.2,5.1,24.8,Own 26.7,2:20,1.34,31,16,206,1102,33.0,7.8,5.3,27.7,Own 28.3,2:29,1.69
161,New York Jets,2011,2,16,203,1055,29.6,13.8,5.2,24.4,Own 30.9,2:26,1.69,32,16,208,1023,29.3,13.9,4.9,24.0,Own 29.5,2:15,1.50
162,New York Giants,2011,3,16,200,1052,32.5,11.5,5.3,30.7,Own 26.4,2:22,1.90,25,16,196,1103,34.7,14.8,5.6,30.8,Own 28.7,2:29,1.92
163,Chicago Bears,2011,4,16,199,1010,28.6,14.6,5.1,25.2,Own 27.0,2:27,1.44,28,16,203,1084,30.5,14.3,5.3,27.6,Own 30.8,2:22,1.55
164,Arizona Cardinals,2011,5,16,199,1017,26.1,15.6,5.1,26.0,Own 25.6,2:18,1.45,30,16,204,1143,32.8,9.3,5.6,27.7,Own 31.0,2:33,1.61
165,Seattle Seahawks,2011,6,16,198,1033,27.8,11.6,5.2,24.4,Own 31.3,2:18,1.44,26,16,196,1086,28.6,14.8,5.5,27.1,Own 26.8,2:38,1.43
166,Cincinnati Bengals,2011,7,16,197,1053,32.5,9.6,5.3,26.0,Own 30.1,2:28,1.60,27,16,200,1036,28.5,11.0,5.2,25.0,Own 26.1,2:22,1.56
167,Detroit Lions,2011,8,16,197,1087,37.6,10.7,5.5,32.2,Own 28.7,2:27,2.14,29,16,204,1089,32.4,16.2,5.3,28.8,Own 27.0,2:21,1.68
168,St. Louis Rams,2011,9,16,196,1041,18.9,11.2,5.3,23.0,Own 26.4,2:18,0.89,20,16,192,1070,35.9,8.9,5.6,29.8,Own 29.7,2:40,1.87
169,Miami Dolphins,2011,10,16,195,1029,32.8,12.8,5.3,25.9,Own 29.5,2:31,1.62,22,16,195,1076,29.7,8.7,5.5,28.3,Own 28.1,2:27,1.55
170,Jacksonville Jaguars,2011,11,16,194,1027,22.7,11.3,5.3,20.8,Own 28.8,2:29,1.11,23,16,195,1008,29.2,13.3,5.2,25.6,Own 29.8,2:28,1.59
171,Oakland Raiders,2011,12,16,193,1050,34.7,15.5,5.4,31.4,Own 27.2,2:29,1.79,15,16,188,1100,35.6,12.8,5.9,32.9,Own 26.4,2:34,2.05
172,San Francisco 49ers,2011,13,16,192,1045,39.6,5.2,5.4,25.9,Own 33.5,2:41,1.85,21,16,193,1001,23.3,18.7,5.2,25.5,Own 24.3,2:20,1.18
173,Houston Texans,2011,14,16,191,1084,37.2,10.5,5.7,31.1,Own 30.3,2:44,1.93,16,16,188,996,29.8,13.8,5.3,24.3,Own 27.9,2:20,1.45
174,Philadelphia Eagles,2011,15,16,190,1063,34.7,17.9,5.6,33.7,Own 28.7,2:38,1.93,24,16,195,1006,27.7,12.3,5.2,26.6,Own 28.6,2:21,1.61
175,Buffalo Bills,2011,16,16,189,1023,31.2,15.9,5.4,29.8,Own 26.2,2:33,1.70,18,16,189,1028,37.0,15.3,5.4,31.4,Own 29.5,2:31,2.15
176,Minnesota Vikings,2011,17,16,189,1035,31.7,13.2,5.5,27.9,Own 29.1,2:26,1.76,11,16,185,1062,41.1,10.8,5.7,30.9,Own 30.0,2:43,2.18
177,Kansas City Chiefs,2011,18,16,189,1051,22.2,12.7,5.6,26.3,Own 24.6,2:30,1.05,17,16,188,1019,31.9,13.8,5.4,28.4,Own 31.5,2:39,1.74
178,Tennessee Titans,2011,19,16,188,1016,31.4,11.7,5.4,28.5,Own 27.4,2:22,1.58,13,16,187,1108,31.0,12.3,5.9,30.3,Own 25.7,2:45,1.59
179,Washington Redskins,2011,20,16,188,1073,30.9,18.6,5.7,28.6,Own 29.1,2:35,1.50,19,16,190,1029,37.4,10.5,5.4,28.6,Own 30.7,2:32,1.90
180,Atlanta Falcons,2011,21,16,187,1102,37.4,10.7,5.9,32.2,Own 28.5,2:46,2.04,5,16,180,993,32.2,15.0,5.5,29.6,Own 26.9,2:30,1.74
181,Indianapolis Colts,2011,22,16,186,978,24.2,15.6,5.3,24.6,Own 23.5,2:15,1.20,12,16,186,1096,39.2,9.1,5.9,31.9,Own 30.8,2:54,2.12
182,Baltimore Ravens,2011,23,16,186,1075,35.5,11.8,5.8,29.1,Own 28.9,2:38,1.84,14,16,188,1033,26.6,13.8,5.5,24.5,Own 29.3,2:30,1.27
183,Dallas Cowboys,2011,24,16,185,1054,37.8,11.4,5.7,32.4,Own 29.0,2:43,1.96,6,16,180,1005,33.3,13.3,5.6,30.4,Own 25.9,2:38,1.76
184,Tampa Bay Buccaneers,2011,25,16,181,994,28.7,20.4,5.5,28.0,Own 27.0,2:34,1.44,10,16,184,1031,42.9,13.0,5.6,34.3,Own 31.0,2:42,2.51
185,New England Patriots,2011,26,16,180,1115,47.2,8.3,6.2,37.9,Own 29.3,2:33,2.68,7,16,181,1087,32.6,17.1,6.0,36.2,Own 24.5,2:46,1.84
186,Green Bay Packers,2011,27,16,180,1016,48.3,6.1,5.6,36.0,Own 30.8,2:42,2.85,9,16,183,1076,33.9,20.2,5.9,35.9,Own 25.5,2:35,1.89
187,Cleveland Browns,2011,28,16,180,1053,24.4,10.0,5.9,25.6,Own 27.1,2:36,1.18,4,16,174,1069,33.3,11.5,6.1,30.5,Own 29.7,2:51,1.64
188,Carolina Panthers,2011,29,16,179,1027,38.5,12.8,5.7,34.8,Own 27.9,2:42,2.21,3,16,171,1003,42.7,12.9,5.9,35.1,Own 28.0,2:47,2.36
189,New Orleans Saints,2011,30,16,175,1151,51.4,10.9,6.6,42.6,Own 28.2,2:55,2.96,8,16,182,1042,34.1,8.8,5.7,32.4,Own 25.8,2:30,1.79
190,San Diego Chargers,2011,31,16,172,1083,41.3,16.3,6.3,36.6,Own 27.9,3:01,2.24,2,16,170,986,36.5,12.4,5.8,32.4,Own 26.7,2:44,1.96
191,Pittsburgh Steelers,2011,32,16,168,1046,33.9,16.7,6.2,35.4,Own 26.8,3:06,1.83,1,16,169,991,26.0,8.3,5.9,25.6,Own 27.6,2:36,1.30
192,Arizona Cardinals,2012,1,16,209,1046,22.0,14.8,5.0,20.1,Own 30.4,2:15,1.06,32,16,211,1076,27.0,14.2,5.1,25.6,Own 28.1,2:23,1.42
193,Houston Texans,2012,2,16,202,1128,35.6,8.4,5.6,29.5,Own 27.0,2:40,1.88,31,16,200,1039,28.0,14.5,5.2,26.0,Own 27.8,2:13,1.54
194,Detroit Lions,2012,3,16,197,1196,36.0,15.2,6.1,33.2,Own 25.1,2:36,1.87,19,16,190,1039,36.8,8.4,5.5,28.5,Own 29.5,2:29,1.93
195,Jacksonville Jaguars,2012,4,16,196,1022,25.5,12.8,5.2,24.4,Own 26.6,2:17,1.28,21,16,191,1143,39.8,11.0,6.0,31.9,Own 28.3,2:47,2.03
196,Chicago Bears,2012,5,16,195,1032,30.3,11.8,5.3,25.4,Own 31.1,2:37,1.56,28,16,195,1048,25.1,20.5,5.4,25.9,Own 26.2,2:21,1.29
197,Cincinnati Bengals,2012,6,16,195,1052,35.4,12.8,5.4,27.2,Own 31.2,2:30,1.86,22,16,191,1066,29.3,14.1,5.6,26.7,Own 25.6,2:29,1.49
198,New York Jets,2012,7,16,194,1061,24.2,17.5,5.5,24.6,Own 27.8,2:31,1.26,26,16,193,1050,30.6,11.4,5.4,26.8,Own 28.7,2:32,1.68
199,Tampa Bay Buccaneers,2012,8,16,193,1041,35.2,10.9,5.4,30.1,Own 29.0,2:31,1.89,25,16,192,1059,32.8,12.5,5.5,31.6,Own 26.7,2:30,1.90
200,Baltimore Ravens,2012,9,16,193,1075,35.8,7.8,5.6,29.2,Own 27.0,2:22,1.88,24,16,192,1125,34.9,12.0,5.9,29.0,Own 27.3,2:42,1.67
201,Cleveland Browns,2012,10,16,191,1029,29.8,12.0,5.4,26.2,Own 29.0,2:22,1.48,30,16,199,1119,30.7,14.6,5.6,29.3,Own 28.1,2:36,1.74
202,Buffalo Bills,2012,11,16,190,1007,30.0,17.4,5.3,28.8,Own 27.3,2:32,1.66,15,16,186,1070,37.1,10.8,5.8,31.2,Own 30.3,2:35,2.15
203,New Orleans Saints,2012,12,16,190,1089,37.4,12.1,5.7,34.7,Own 24.2,2:26,2.24,23,16,192,1122,39.6,13.0,5.8,36.6,Own 29.5,2:39,2.21
204,Tennessee Titans,2012,13,16,188,988,27.7,14.9,5.3,26.6,Own 25.4,2:21,1.40,20,16,191,1117,39.8,12.6,5.8,31.4,Own 30.3,2:47,2.18
205,Denver Broncos,2012,14,16,188,1122,39.9,12.2,6.0,33.9,Own 29.1,2:40,2.24,27,16,193,1040,26.9,11.9,5.4,24.1,Own 25.5,2:23,1.43
206,Oakland Raiders,2012,15,16,188,1066,31.4,12.8,5.7,29.0,Own 26.0,2:31,1.54,17,16,187,1033,41.2,9.1,5.5,30.3,Own 31.3,2:37,2.22
207,Green Bay Packers,2012,16,16,186,1075,37.6,8.1,5.8,30.9,Own 31.2,2:37,2.18,18,16,187,1063,33.2,11.8,5.7,28.8,Own 26.1,2:32,1.76
208,Kansas City Chiefs,2012,17,16,186,1049,24.2,18.8,5.6,27.4,Own 26.4,2:37,1.09,5,16,178,1011,40.4,6.2,5.7,31.9,Own 28.2,2:43,2.11
209,Miami Dolphins,2012,18,16,186,1011,27.4,12.9,5.4,26.8,Own 25.3,2:30,1.42,13,16,183,1113,32.2,8.2,6.1,31.2,Own 28.3,2:48,1.58
210,Pittsburgh Steelers,2012,19,16,186,1054,33.9,15.6,5.7,28.6,Own 26.8,2:46,1.77,10,16,182,984,30.8,10.4,5.4,24.2,Own 29.7,2:27,1.54
211,New England Patriots,2012,20,16,185,1226,48.1,8.1,6.6,37.0,Own 28.4,2:40,2.74,29,16,196,1071,30.1,20.4,5.5,30.3,Own 26.1,2:25,1.68
212,Philadelphia Eagles,2012,21,16,184,1110,29.9,17.9,6.0,30.4,Own 25.6,2:35,1.51,11,16,182,1023,39.0,6.6,5.6,30.0,Own 31.8,2:41,2.14
213,Washington Redskins,2012,22,16,183,1024,39.3,7.7,5.6,33.6,Own 27.5,2:44,2.23,12,16,183,1061,38.3,16.9,5.8,32.9,Own 28.0,2:32,2.07
214,Minnesota Vikings,2012,23,16,182,1039,37.9,12.6,5.7,29.5,Own 27.4,2:32,1.88,16,16,187,1113,33.7,11.8,6.0,30.0,Own 26.8,2:42,1.82
215,St. Louis Rams,2012,24,16,182,1033,27.5,11.0,5.7,28.9,Own 24.4,2:37,1.42,14,16,185,1078,34.6,10.8,5.8,29.6,Own 29.6,2:46,1.77
216,Dallas Cowboys,2012,25,16,180,1080,36.7,15.0,6.0,33.2,Own 27.2,2:45,1.92,2,16,175,1019,38.9,8.0,5.8,32.6,Own 26.8,2:44,2.06
217,Indianapolis Colts,2012,26,16,180,1142,33.3,13.9,6.3,32.2,Own 24.8,2:44,1.76,8,16,180,1036,38.3,8.3,5.8,33.3,Own 25.0,2:38,1.97
218,San Diego Chargers,2012,27,16,180,1015,30.6,13.9,5.6,26.4,Own 28.9,2:49,1.58,9,16,182,1033,31.3,13.7,5.7,28.3,Own 26.4,2:34,1.77
219,San Francisco 49ers,2012,28,16,178,1011,39.3,7.9,5.7,32.5,Own 31.8,2:51,2.10,7,16,180,1039,26.7,12.8,5.8,26.2,Own 24.9,2:40,1.38
220,New York Giants,2012,29,16,176,1007,43.8,11.9,5.7,32.3,Own 31.4,2:39,2.31,3,16,175,1046,35.4,17.1,6.0,35.1,Own 27.9,2:49,1.89
221,Carolina Panthers,2012,30,16,175,1009,32.6,10.3,5.8,32.9,Own 25.8,2:44,1.91,4,16,176,1047,38.6,11.9,5.9,30.3,Own 28.8,2:46,1.91
222,Atlanta Falcons,2012,31,16,175,1059,44.0,10.3,6.1,33.7,Own 29.0,2:49,2.33,6,16,180,1023,31.7,17.2,5.7,32.5,Own 25.5,2:35,1.62
223,Seattle Seahawks,2012,32,16,170,1001,39.4,10.0,5.9,32.9,Own 29.4,3:00,2.19,1,16,169,993,27.2,16.0,5.9,29.0,Own 24.4,2:43,1.36
224,Buffalo Bills,2013,1,16,214,1152,29.9,12.1,5.4,25.2,Own 26.8,2:09,1.48,32,16,214,1125,32.2,14.0,5.3,24.7,Own 31.2,2:23,1.68
225,Baltimore Ravens,2013,2,16,207,1131,30.9,13.5,5.5,23.7,Own 29.1,2:21,1.43,29,16,204,1067,31.4,10.3,5.2,26.3,Own 28.3,2:24,1.57
226,New York Giants,2013,3,16,204,1014,25.5,20.1,5.0,23.9,Own 27.1,2:18,1.33,26,16,200,1119,31.0,13.0,5.6,26.5,Own 31.2,2:30,1.59
227,Denver Broncos,2013,4,16,202,1182,47.5,10.4,5.9,36.2,Own 28.3,2:25,2.83,31,16,206,1100,32.5,12.6,5.3,27.5,Own 27.5,2:21,1.83
228,Philadelphia Eagles,2013,5,16,201,1082,36.8,9.0,5.4,33.1,Own 27.9,2:06,2.12,20,16,196,1182,32.7,15.3,6.0,31.8,Own 27.1,2:44,1.73
229,Cincinnati Bengals,2013,6,16,201,1119,32.3,14.9,5.6,29.2,Own 26.9,2:37,1.91,23,16,197,1073,27.4,15.2,5.4,24.8,Own 29.5,2:20,1.39
230,New England Patriots,2013,7,16,201,1179,40.8,10.0,5.9,30.6,Own 30.0,2:25,2.10,19,16,196,1145,29.6,13.3,5.8,30.3,Own 24.1,2:32,1.62
231,Houston Texans,2013,8,16,201,1124,25.9,14.9,5.6,27.6,Own 25.8,2:30,1.29,18,16,194,1005,36.1,5.7,5.2,26.1,Own 28.9,2:26,1.91
232,Arizona Cardinals,2013,9,16,200,1073,33.0,15.5,5.4,27.7,Own 28.9,2:29,1.71,30,16,204,1074,28.9,13.7,5.3,24.9,Own 28.0,2:18,1.53
233,Washington Redskins,2013,10,16,199,1133,27.6,16.6,5.7,29.5,Own 25.3,2:29,1.51,24,16,199,1018,36.7,13.1,5.1,28.4,Own 32.5,2:22,2.15
234,Kansas City Chiefs,2013,11,16,197,1057,32.0,9.1,5.4,27.3,Own 33.4,2:31,1.79,28,16,204,1095,27.5,15.7,5.4,28.8,Own 23.2,2:19,1.49
235,New York Jets,2013,12,16,196,1056,29.6,14.8,5.4,25.8,Own 26.0,2:28,1.40,16,16,192,1085,35.4,7.3,5.7,28.0,Own 30.6,2:32,1.79
236,Detroit Lions,2013,13,16,196,1126,32.1,17.3,5.7,31.8,Own 27.1,2:38,1.86,25,16,199,1022,35.7,11.1,5.1,27.7,Own 28.0,2:16,1.75
237,Jacksonville Jaguars,2013,14,16,195,1045,23.6,13.8,5.4,24.0,Own 28.2,2:15,1.18,21,16,197,1118,38.1,10.7,5.7,30.7,Own 28.0,2:39,2.14
238,Minnesota Vikings,2013,15,16,195,1043,34.4,14.9,5.3,28.3,Own 28.1,2:20,1.87,22,16,197,1161,39.6,9.1,5.9,32.2,Own 29.8,2:42,2.22
239,Cleveland Browns,2013,16,16,195,1104,26.2,13.8,5.7,27.8,Own 26.4,2:21,1.40,27,16,203,1139,34.0,9.9,5.6,26.1,Own 31.0,2:28,1.85
240,Miami Dolphins,2013,17,16,194,1035,29.9,13.4,5.3,25.6,Own 27.9,2:22,1.56,17,16,194,1146,33.5,11.9,5.9,29.6,Own 26.8,2:37,1.64
241,Oakland Raiders,2013,18,16,194,1030,27.8,14.9,5.3,27.4,Own 26.5,2:28,1.52,11,16,189,1057,38.6,9.5,5.6,30.8,Own 30.6,2:33,2.17
242,Pittsburgh Steelers,2013,19,16,189,1055,35.4,12.7,5.6,28.6,Own 29.8,2:37,1.85,13,16,190,1067,35.3,10.5,5.6,28.4,Own 30.5,2:27,1.88
243,Tampa Bay Buccaneers,2013,20,16,188,1010,27.1,9.6,5.4,23.4,Own 26.8,2:31,1.41,10,16,187,1052,38.0,15.0,5.6,29.8,Own 30.7,2:38,1.99
244,San Francisco 49ers,2013,21,16,188,997,37.8,9.0,5.3,27.5,Own 31.6,2:36,1.96,15,16,191,1045,26.2,13.1,5.5,26.5,Own 25.3,2:28,1.41
245,Indianapolis Colts,2013,22,16,188,1063,38.8,6.9,5.7,29.1,Own 28.0,2:32,1.97,7,16,183,1056,31.7,13.7,5.8,31.2,Own 25.9,2:39,1.72
246,Green Bay Packers,2013,23,16,186,1111,40.9,12.4,6.0,34.5,Own 28.2,2:39,2.15,5,16,180,1045,38.9,12.2,5.8,33.1,Own 28.7,2:40,2.19
247,Tennessee Titans,2013,24,16,184,1061,34.2,11.4,5.8,29.1,Own 27.9,2:38,1.85,14,16,190,1066,35.8,13.2,5.6,28.3,Own 28.7,2:33,1.83
248,St. Louis Rams,2013,25,16,184,996,31.5,11.4,5.4,26.5,Own 26.3,2:32,1.64,8,16,184,1039,31.0,14.7,5.6,30.0,Own 26.8,2:41,1.78
249,Dallas Cowboys,2013,26,16,183,987,39.9,9.8,5.4,29.7,Own 29.7,2:32,2.18,12,16,189,1123,39.7,13.8,5.9,35.1,Own 27.1,2:37,2.25
250,Chicago Bears,2013,27,16,182,1042,39.0,12.1,5.7,33.5,Own 28.5,2:44,2.16,4,16,178,1051,42.7,15.2,5.9,35.5,Own 27.2,2:43,2.36
251,Seattle Seahawks,2013,28,16,182,1008,40.7,9.3,5.5,29.7,Own 31.0,2:41,2.12,9,16,186,1018,24.7,19.4,5.5,23.4,Own 25.8,2:38,1.17
252,New Orleans Saints,2013,29,16,181,1111,40.3,8.3,6.1,35.3,Own 27.8,2:53,2.29,6,16,181,971,30.4,10.5,5.4,27.0,Own 26.5,2:25,1.60
253,Atlanta Falcons,2013,30,16,179,1051,34.1,14.5,5.9,30.7,Own 26.2,2:43,1.85,2,16,175,1038,45.1,11.4,5.9,34.7,Own 27.7,2:44,2.38
254,Carolina Panthers,2013,31,16,170,1026,36.5,9.4,6.0,29.8,Own 29.4,3:00,1.99,3,16,178,1009,28.7,16.3,5.7,26.9,Own 24.9,2:32,1.33
255,San Diego Chargers,2013,32,16,167,1097,44.9,11.4,6.6,37.7,Own 27.3,3:13,2.33,1,16,166,989,36.1,9.6,6.0,35.2,Own 23.8,2:39,1.98
256,Indianapolis Colts,2014,1,16,205,1136,39.5,14.6,5.5,31.6,Own 28.7,2:29,2.18,31,16,199,1026,28.1,12.6,5.2,27.5,Own 25.5,2:16,1.67
257,Philadelphia Eagles,2014,2,16,203,1163,36.9,17.2,5.7,31.1,Own 30.0,2:06,1.96,32,16,212,1140,31.1,12.7,5.4,28.2,Own 26.4,2:31,1.76
258,Oakland Raiders,2014,3,16,198,1016,22.7,13.6,5.1,22.6,Own 24.2,2:17,1.21,27,16,197,1079,39.6,6.6,5.5,29.1,Own 32.9,2:34,2.12
259,Denver Broncos,2014,4,16,198,1096,39.9,9.6,5.5,32.6,Own 28.9,2:29,2.31,26,16,195,1059,31.3,11.8,5.4,24.9,Own 28.3,2:26,1.72
260,Buffalo Bills,2014,5,16,197,1058,32.5,11.2,5.4,25.8,Own 30.2,2:25,1.58,29,16,198,1064,28.3,14.1,5.4,25.2,Own 26.9,2:28,1.37
261,Jacksonville Jaguars,2014,6,16,195,1014,22.6,12.8,5.2,23.7,Own 25.7,2:14,1.17,24,16,193,1120,36.3,9.8,5.8,30.7,Own 29.8,2:43,1.90
262,Houston Texans,2014,7,16,194,1097,33.0,11.3,5.7,28.2,Own 27.7,2:34,1.69,30,16,199,1099,26.6,16.1,5.5,27.8,Own 27.6,2:22,1.48
263,New York Giants,2014,8,16,193,1112,34.7,12.4,5.8,30.3,Own 28.2,2:33,1.93,25,16,195,1038,35.4,12.8,5.3,30.8,Own 28.5,2:24,1.88
264,Cleveland Browns,2014,9,16,193,1042,28.0,10.9,5.4,26.8,Own 26.8,2:20,1.44,28,16,198,1152,32.3,13.6,5.8,29.3,Own 27.5,2:34,1.68
265,Washington Redskins,2014,10,16,192,1033,29.7,15.6,5.4,29.9,Own 25.1,2:34,1.58,17,16,182,1002,37.4,8.8,5.5,31.2,Own 30.0,2:36,2.13
266,Tennessee Titans,2014,11,16,191,941,23.6,12.6,4.9,25.3,Own 25.8,2:18,1.25,23,16,191,1138,40.8,8.4,6.0,31.2,Own 29.9,2:43,2.17
267,Cincinnati Bengals,2014,12,16,191,1051,34.0,13.1,5.5,29.1,Own 30.3,2:33,1.84,20,16,184,1099,32.6,13.6,6.0,31.1,Own 26.2,2:39,1.72
268,St. Louis Rams,2014,13,16,186,987,29.6,14.0,5.3,26.9,Own 28.0,2:31,1.55,15,16,182,1034,30.2,13.2,5.7,30.8,Own 25.6,2:42,1.57
269,New York Jets,2014,14,16,186,1091,31.7,11.8,5.9,28.0,Own 27.8,2:40,1.53,19,16,183,1008,37.2,5.5,5.5,28.4,Own 28.5,2:34,2.03
270,Baltimore Ravens,2014,15,16,182,1055,39.6,9.9,5.8,32.0,Own 28.7,2:36,2.13,13,16,180,1070,33.3,11.7,5.9,29.8,Own 27.3,2:42,1.67
271,New England Patriots,2014,16,16,181,1110,45.3,7.2,6.1,32.3,Own 30.6,2:37,2.40,16,16,182,1070,32.4,13.2,5.9,30.2,Own 25.5,2:40,1.63
272,Miami Dolphins,2014,17,16,181,1077,37.6,10.5,6.0,30.9,Own 31.1,2:40,1.99,14,16,180,1063,36.7,13.3,5.9,30.3,Own 29.5,2:39,1.99
273,Arizona Cardinals,2014,18,16,181,1026,30.9,9.4,5.7,28.3,Own 26.9,2:38,1.52,22,16,188,1042,29.8,12.8,5.5,31.3,Own 26.0,2:34,1.55
274,Tampa Bay Buccaneers,2014,19,16,180,960,26.7,17.2,5.3,25.8,Own 26.6,2:26,1.42,21,16,185,1106,38.9,13.0,6.0,31.8,Own 31.2,2:52,2.10
275,Chicago Bears,2014,20,16,180,1021,27.8,16.1,5.7,29.0,Own 25.9,2:41,1.68,7,16,177,1047,44.6,12.4,5.9,34.0,Own 32.8,2:43,2.38
276,Dallas Cowboys,2014,21,16,179,1043,43.6,12.8,5.8,34.1,Own 28.9,2:56,2.49,10,16,179,996,31.3,16.8,5.6,31.7,Own 26.9,2:30,1.83
277,Detroit Lions,2014,22,16,179,1083,32.4,9.5,6.1,30.4,Own 29.9,2:50,1.71,18,16,182,1007,26.9,14.3,5.5,26.3,Own 26.1,2:29,1.49
278,San Francisco 49ers,2014,23,16,178,1040,30.9,11.8,5.8,29.4,Own 27.8,2:51,1.60,5,16,175,1009,32.0,16.6,5.8,29.3,Own 25.8,2:40,1.78
279,Carolina Panthers,2014,24,16,178,1095,34.8,11.8,6.2,31.0,Own 27.7,2:54,1.79,12,16,179,1027,34.1,14.0,5.7,30.3,Own 27.6,2:34,1.89
280,Minnesota Vikings,2014,25,16,176,1016,31.8,10.8,5.8,28.5,Own 27.3,2:37,1.64,9,16,179,1056,34.1,10.1,5.9,30.6,Own 28.2,2:49,1.83
281,Atlanta Falcons,2014,26,16,175,1067,38.9,13.1,6.1,34.6,Own 26.5,2:42,2.06,1,16,169,1076,42.6,14.2,6.4,37.6,Own 27.9,2:54,2.25
282,Seattle Seahawks,2014,27,16,175,1058,40.6,6.9,6.0,34.2,Own 30.5,2:58,2.13,2,16,171,948,26.9,12.3,5.5,25.0,Own 25.7,2:37,1.39
283,San Diego Chargers,2014,28,16,174,1035,33.9,12.6,5.9,31.3,Own 26.4,2:51,1.87,11,16,179,1022,35.8,9.5,5.7,30.2,Own 28.5,2:37,1.88
284,Pittsburgh Steelers,2014,29,16,174,1100,41.4,11.5,6.3,37.5,Own 25.7,2:59,2.23,4,16,174,976,39.7,11.5,5.6,32.4,Own 27.5,2:32,2.09
285,New Orleans Saints,2014,30,16,174,1117,39.1,16.7,6.4,37.7,Own 25.5,2:49,2.30,3,16,171,1054,43.3,9.9,6.2,35.8,Own 26.1,2:51,2.30
286,Kansas City Chiefs,2014,31,16,173,992,35.8,9.2,5.7,29.4,Own 29.3,2:46,1.93,8,16,178,1061,32.6,6.7,6.0,29.7,Own 27.7,2:42,1.56
287,Green Bay Packers,2014,32,16,169,1034,46.7,7.1,6.1,36.5,Own 28.5,2:53,2.63,6,16,175,1078,33.1,14.9,6.2,31.6,Own 27.5,2:42,1.84
288,Houston Texans,2015,1,16,204,1154,28.9,9.8,5.7,27.3,Own 25.5,2:25,1.57,30,16,198,1012,27.3,11.1,5.1,25.0,Own 29.3,2:22,1.51
289,Philadelphia Eagles,2015,2,16,203,1130,29.1,15.3,5.6,28.4,Own 26.4,2:03,1.62,32,16,203,1175,36.0,11.8,5.8,31.6,Own 27.3,2:42,1.99
290,New York Jets,2015,3,16,199,1107,35.7,11.6,5.6,29.6,Own 29.2,2:31,1.95,25,16,194,1043,28.4,14.4,5.4,26.2,Own 27.8,2:25,1.45
291,Denver Broncos,2015,4,16,199,1091,31.2,15.1,5.5,28.6,Own 25.9,2:27,1.58,31,16,201,1065,26.9,11.9,5.3,22.5,Own 29.5,2:26,1.38
292,Carolina Panthers,2015,5,16,198,1097,42.9,9.6,5.5,29.9,Own 30.7,2:35,2.40,28,16,196,1084,26.5,19.4,5.5,26.2,Own 27.1,2:20,1.45
293,St. Louis Rams,2015,6,16,196,951,24.5,10.2,4.9,24.3,Own 27.9,2:18,1.29,29,16,198,1128,31.8,12.1,5.7,29.6,Own 26.4,2:41,1.52
294,Oakland Raiders,2015,7,16,195,1034,31.8,10.3,5.3,27.3,Own 29.4,2:25,1.79,23,16,191,1127,38.2,11.5,5.9,30.5,Own 27.7,2:36,1.92
295,Indianapolis Colts,2015,8,16,194,1079,29.4,14.4,5.6,26.5,Own 26.8,2:29,1.54,26,16,194,1107,36.6,12.4,5.7,31.1,Own 27.4,2:34,1.98
296,Jacksonville Jaguars,2015,9,16,193,1042,34.2,14.0,5.4,28.6,Own 27.2,2:19,1.85,27,16,194,1140,38.1,8.8,5.9,30.9,Own 28.9,2:42,2.05
297,Green Bay Packers,2015,10,16,192,1085,33.3,8.9,5.7,27.8,Own 28.1,2:31,1.83,12,16,182,1042,31.3,11.5,5.7,30.4,Own 26.5,2:37,1.66
298,New England Patriots,2015,11,16,192,1086,43.2,5.7,5.7,31.2,Own 30.1,2:31,2.34,20,16,190,1071,28.9,10.5,5.6,28.6,Own 24.2,2:32,1.54
299,Tennessee Titans,2015,12,16,191,992,25.7,16.2,5.2,26.1,Own 27.0,2:29,1.50,17,16,186,1031,36.6,8.1,5.5,29.3,Own 28.8,2:39,2.06
300,Pittsburgh Steelers,2015,13,16,190,1053,40.5,13.7,5.5,33.3,Own 28.2,2:30,2.10,19,16,189,1086,32.3,14.3,5.7,30.5,Own 28.3,2:37,1.71
301,Miami Dolphins,2015,14,16,187,993,25.7,9.6,5.3,28.3,Own 26.0,2:21,1.52,24,16,191,1105,34.0,8.4,5.8,31.4,Own 27.3,2:44,1.94
302,Arizona Cardinals,2015,15,16,186,1073,42.5,11.8,5.8,35.1,Own 27.8,2:45,2.37,15,16,186,1010,31.7,16.7,5.4,27.6,Own 27.2,2:24,1.66
303,Baltimore Ravens,2015,16,16,186,1123,33.3,14.0,6.0,30.8,Own 27.1,2:38,1.62,18,16,187,1036,37.4,7.0,5.5,28.8,Own 28.0,2:37,1.98
304,New York Giants,2015,17,16,186,1085,38.2,11.3,5.8,32.0,Own 28.0,2:27,2.03,21,16,190,1140,40.5,14.2,6.0,35.2,Own 25.9,2:42,2.18
305,Buffalo Bills,2015,18,16,186,1043,34.9,8.6,5.6,31.0,Own 26.7,2:42,1.95,22,16,191,1044,32.5,11.0,5.5,29.7,Own 28.1,2:24,1.81
306,Kansas City Chiefs,2015,19,16,182,992,37.9,7.1,5.5,29.1,Own 31.3,2:43,1.99,14,16,183,1059,27.3,15.3,5.8,28.8,Own 24.6,2:33,1.52
307,New Orleans Saints,2015,20,16,182,1122,36.3,10.4,6.2,35.5,Own 26.4,2:45,2.14,10,16,180,1023,43.9,11.7,5.7,36.7,Own 27.0,2:35,2.58
308,Cincinnati Bengals,2015,21,16,182,1032,39.6,9.3,5.7,31.2,Own 30.1,2:45,2.26,8,16,180,1063,28.9,15.0,5.9,30.3,Own 24.7,2:39,1.44
309,San Francisco 49ers,2015,22,16,182,996,25.8,8.2,5.5,26.6,Own 23.7,2:21,1.28,13,16,182,1118,37.9,6.6,6.1,34.0,Own 28.9,3:00,2.04
310,Washington Redskins,2015,23,16,180,1041,36.1,11.1,5.8,31.5,Own 27.0,2:49,1.95,11,16,181,1038,35.4,14.9,5.7,33.6,Own 27.3,2:31,1.97
311,Detroit Lions,2015,24,16,179,1054,34.6,12.3,5.9,31.0,Own 25.6,2:49,1.93,16,16,186,1028,38.2,9.1,5.5,30.0,Own 29.2,2:31,2.13
312,Chicago Bears,2015,25,16,179,1064,37.4,11.2,5.9,30.7,Own 29.4,2:49,1.88,3,16,175,1008,36.6,8.0,5.8,31.4,Own 26.4,2:41,2.01
313,Cleveland Browns,2015,26,16,178,1074,29.8,15.2,6.0,29.8,Own 27.4,2:47,1.46,6,16,179,1033,41.9,11.7,5.8,33.8,Own 29.0,2:42,2.26
314,San Diego Chargers,2015,27,16,178,1132,33.7,12.4,6.4,33.4,Own 23.3,2:52,1.78,9,16,180,993,37.8,10.0,5.5,32.1,Own 31.2,2:33,2.00
315,Tampa Bay Buccaneers,2015,28,16,176,1057,35.8,14.8,6.0,34.1,Own 26.2,2:38,1.85,7,16,180,1078,41.7,12.8,6.0,30.5,Own 30.2,2:48,2.23
316,Seattle Seahawks,2015,29,16,174,1066,42.0,8.6,6.1,34.6,Own 29.2,2:58,2.27,2,16,174,976,29.3,13.2,5.6,26.9,Own 23.8,2:39,1.43
317,Atlanta Falcons,2015,30,16,174,1104,34.5,17.2,6.3,34.2,Own 27.0,2:58,1.84,1,16,172,1022,34.3,13.4,5.9,32.3,Own 27.1,2:39,1.94
318,Minnesota Vikings,2015,31,16,172,1012,38.4,9.3,5.9,29.9,Own 30.2,2:50,1.90,5,16,177,1046,33.3,11.9,5.9,31.1,Own 25.5,2:42,1.70
319,Dallas Cowboys,2015,32,16,172,1001,31.4,18.0,5.8,31.1,Own 24.5,2:54,1.50,4,16,177,1034,36.7,5.6,5.8,31.5,Own 28.6,2:38,1.89
320,Denver Broncos,2016,1,16,198,1055,30.3,11.6,5.3,26.1,Own 29.1,2:21,1.54,31,16,197,1114,29.4,12.2,5.7,25.6,Own 29.3,2:35,1.47
321,Arizona Cardinals,2016,2,16,197,1116,35.0,14.2,5.7,29.5,Own 29.7,2:31,2.03,27,16,194,1047,32.5,12.9,5.4,25.1,Own 30.3,2:29,1.76
322,San Francisco 49ers,2016,3,16,197,1021,27.4,10.7,5.2,25.0,Own 27.2,2:11,1.55,32,16,203,1135,41.4,9.4,5.6,31.9,Own 31.6,2:38,2.33
323,Oakland Raiders,2016,4,16,194,1083,38.7,7.2,5.6,30.7,Own 31.7,2:37,2.11,23,16,190,1012,35.3,14.2,5.3,31.7,Own 25.2,2:27,2.01
324,Carolina Panthers,2016,5,16,193,1089,34.7,14.0,5.6,28.5,Own 30.4,2:33,1.81,29,16,196,1074,36.2,13.8,5.5,29.4,Own 27.3,2:23,1.86
325,Los Angeles Rams,2016,6,16,193,987,21.8,14.5,5.1,21.7,Own 27.4,2:26,1.13,25,16,192,1057,31.3,9.4,5.5,28.0,Own 27.3,2:33,1.85
326,New York Giants,2016,7,16,193,1042,27.5,13.0,5.4,27.4,Own 27.6,2:21,1.49,30,16,197,1103,29.9,12.2,5.6,27.6,Own 27.8,2:34,1.41
327,Baltimore Ravens,2016,8,16,191,1118,35.6,10.5,5.9,29.1,Own 28.9,2:35,1.70,26,16,192,1016,28.1,14.1,5.3,26.6,Own 28.8,2:26,1.64
328,Jacksonville Jaguars,2016,9,16,191,1090,31.4,13.6,5.7,28.0,Own 26.6,2:27,1.63,24,16,191,1075,39.3,5.8,5.6,26.8,Own 31.6,2:35,1.95
329,Miami Dolphins,2016,10,16,189,938,30.7,11.1,5.0,28.0,Own 29.6,2:27,1.81,28,16,194,1133,35.1,12.9,5.8,31.4,Own 28.2,2:40,1.92
330,New York Jets,2016,11,16,185,1036,29.7,17.8,5.6,28.5,Own 27.5,2:39,1.50,17,16,183,1040,37.7,7.1,5.7,29.9,Own 30.2,2:36,2.05
331,Seattle Seahawks,2016,12,16,185,1044,37.3,9.7,5.6,30.8,Own 29.5,2:36,1.90,19,16,184,1049,28.3,10.3,5.7,27.9,Own 28.4,2:41,1.57
332,Houston Texans,2016,13,16,185,1113,31.4,11.4,6.0,27.2,Own 28.6,2:44,1.44,22,16,186,984,31.7,9.1,5.3,25.8,Own 30.3,2:29,1.68
333,Tennessee Titans,2016,14,16,184,1035,36.4,9.8,5.6,31.0,Own 28.2,2:39,2.07,12,16,177,1060,35.0,9.0,6.0,32.2,Own 26.7,2:40,1.84
334,Pittsburgh Steelers,2016,15,16,182,1058,38.5,9.9,5.8,32.7,Own 27.3,2:42,2.16,11,16,177,1029,34.5,11.9,5.8,30.9,Own 28.7,2:43,1.82
335,Tampa Bay Buccaneers,2016,16,16,182,1095,32.4,14.8,6.0,30.3,Own 28.4,2:43,1.79,18,16,184,1048,35.9,14.7,5.7,31.9,Own 28.4,2:36,1.92
336,New England Patriots,2016,17,16,182,1095,42.9,4.9,6.0,33.9,Own 30.9,2:45,2.41,13,16,179,1026,26.8,11.2,5.7,29.0,Own 25.0,2:34,1.41
337,New Orleans Saints,2016,18,16,181,1137,45.9,12.7,6.3,37.8,Own 27.4,2:44,2.59,4,16,172,1043,45.3,12.2,6.1,34.9,Own 29.6,2:42,2.43
338,San Diego Chargers,2016,19,16,181,1050,38.1,18.2,5.8,31.4,Own 28.1,2:42,2.09,21,16,186,1062,39.8,14.5,5.7,29.9,Own 31.8,2:36,2.08
339,Indianapolis Colts,2016,20,16,180,1070,40.6,12.2,5.9,32.3,Own 28.3,2:45,2.24,8,16,176,1063,41.5,9.7,6.0,34.7,Own 26.6,2:41,2.13
340,Cleveland Browns,2016,21,16,180,1014,27.2,13.3,5.6,27.4,Own 23.4,2:31,1.44,14,16,179,1093,40.8,6.1,6.1,35.0,Own 30.2,2:56,2.43
341,Kansas City Chiefs,2016,22,16,178,1030,37.1,9.0,5.8,30.7,Own 30.5,2:45,1.90,15,16,182,1098,31.9,16.5,6.0,32.3,Own 26.9,2:42,1.68
342,Philadelphia Eagles,2016,23,16,178,1123,37.6,11.2,6.3,30.1,Own 30.3,2:55,1.85,20,16,186,1010,33.9,13.4,5.4,29.4,Own 27.7,2:24,1.77
343,Buffalo Bills,2016,24,16,177,1046,36.7,6.8,5.9,31.8,Own 28.9,2:42,2.14,16,16,183,1059,38.8,9.3,5.8,31.0,Own 29.5,2:43,2.06
344,Green Bay Packers,2016,25,16,176,1061,43.8,9.1,6.0,33.6,Own 29.6,2:50,2.47,5,16,173,1024,41.0,13.9,5.9,33.7,Own 28.7,2:40,2.25
345,Cincinnati Bengals,2016,26,16,176,1083,35.8,8.5,6.2,32.4,Own 26.8,2:45,1.87,7,16,176,1073,34.7,11.4,6.1,31.8,Own 27.2,2:47,1.81
346,Washington Redskins,2016,27,16,175,1052,43.4,11.4,6.0,36.9,Own 27.4,2:45,2.26,3,16,169,1080,38.5,11.8,6.4,35.7,Own 27.8,2:55,2.12
347,Atlanta Falcons,2016,28,16,175,1031,52.6,6.3,5.9,38.0,Own 29.3,2:47,2.90,9,16,176,1086,39.2,11.4,6.2,33.6,Own 26.7,2:44,2.22
348,Minnesota Vikings,2016,29,16,174,1037,32.8,7.5,6.0,28.9,Own 31.2,2:49,1.67,10,16,177,1026,33.3,14.1,5.8,28.4,Own 27.1,2:42,1.70
349,Dallas Cowboys,2016,30,16,173,1045,43.9,8.7,6.0,34.8,Own 28.8,2:57,2.45,2,16,168,1040,35.1,11.3,6.2,32.7,Own 28.6,2:43,1.86
350,Chicago Bears,2016,31,16,172,991,27.3,17.4,5.8,33.0,Own 25.5,2:37,1.49,6,16,174,1048,42.0,6.3,6.0,31.9,Own 29.2,2:56,2.18
351,Detroit Lions,2016,32,16,156,1015,41.0,9.0,6.5,34.8,Own 25.7,3:05,2.08,1,16,160,993,39.4,8.8,6.2,35.5,Own 27.2,3:02,2.21
352,Arizona Cardinals,2017,1,16,202,1091,29.2,12.4,5.4,24.9,Own 29.7,2:28,1.41,31,16,200,1040,31.5,10.5,5.2,24.9,Own 28.9,2:22,1.69
353,New York Jets,2017,2,16,199,1019,28.6,11.1,5.1,24.5,Own 27.6,2:26,1.50,23,16,192,1090,33.3,10.4,5.7,29.2,Own 28.4,2:32,1.90
354,Jacksonville Jaguars,2017,3,16,199,1115,34.7,11.1,5.6,29.4,Own 29.2,2:36,1.82,32,16,205,1021,23.9,15.6,5.0,22.2,Own 28.7,2:14,1.24
355,Seattle Seahawks,2017,4,16,197,1039,30.5,8.6,5.3,26.8,Own 28.5,2:23,1.71,25,16,193,1081,33.2,11.9,5.6,26.8,Own 29.5,2:33,1.68
356,New York Giants,2017,5,16,194,1064,22.7,11.3,5.5,25.9,Own 26.7,2:22,1.22,30,16,197,1086,35.5,9.6,5.5,30.3,Own 30.1,2:35,1.92
357,Denver Broncos,2017,6,16,193,1106,26.4,16.6,5.7,26.9,Own 27.0,2:37,1.35,27,16,194,988,32.5,8.8,5.1,23.8,Own 33.2,2:21,1.78
358,Baltimore Ravens,2017,7,16,192,1095,36.5,8.9,5.7,25.4,Own 32.8,2:34,1.84,29,16,195,1081,29.7,17.4,5.5,26.6,Own 26.5,2:26,1.51
359,Houston Texans,2017,8,16,192,1054,29.2,14.6,5.5,26.7,Own 25.3,2:30,1.63,26,16,194,1007,39.7,7.7,5.2,28.6,Own 29.7,2:28,2.10
360,Washington Redskins,2017,9,16,191,1012,31.9,12.6,5.3,27.0,Own 29.4,2:30,1.73,28,16,195,1090,35.9,11.8,5.6,28.4,Own 30.3,2:30,1.82
361,Philadelphia Eagles,2017,10,16,191,1109,40.3,9.4,5.8,30.5,Own 30.0,2:44,2.21,19,16,188,1003,27.1,15.4,5.3,26.1,Own 28.2,2:19,1.47
362,Tennessee Titans,2017,11,16,191,1017,35.1,12.6,5.3,26.3,Own 28.7,2:32,1.72,17,16,185,1084,37.3,10.8,5.9,28.3,Own 28.7,2:38,1.81
363,Los Angeles Rams,2017,12,16,190,1047,45.3,9.5,5.5,30.4,Own 32.9,2:32,2.33,24,16,193,1058,30.6,14.0,5.5,28.2,Own 27.7,2:29,1.66
364,Miami Dolphins,2017,13,16,190,1024,25.8,15.3,5.4,25.9,Own 28.1,2:29,1.36,18,16,186,1024,36.6,8.1,5.5,28.5,Own 28.9,2:38,1.98
365,Cleveland Browns,2017,14,16,186,1028,22.0,21.0,5.5,26.5,Own 26.5,2:26,1.22,21,16,188,1060,36.2,6.9,5.6,27.8,Own 30.5,2:47,2.00
366,Minnesota Vikings,2017,15,16,185,1094,38.9,7.6,5.9,30.9,Own 29.4,2:48,2.03,12,16,179,989,27.9,10.1,5.5,24.6,Own 27.7,2:28,1.35
367,Cincinnati Bengals,2017,16,16,185,946,26.5,11.4,5.1,24.2,Own 27.9,2:22,1.46,16,16,184,1134,37.0,7.6,6.2,29.4,Own 29.3,2:52,1.83
368,Detroit Lions,2017,17,16,185,1017,37.3,11.9,5.5,29.1,Own 29.9,2:35,1.96,22,16,192,1075,32.3,16.1,5.6,29.7,Own 27.7,2:31,1.78
369,San Francisco 49ers,2017,18,16,184,1102,37.5,12.0,6.0,30.3,Own 27.6,2:33,1.78,20,16,188,1100,37.8,10.1,5.9,29.8,Own 29.5,2:43,1.98
370,Buffalo Bills,2017,19,16,180,1066,31.7,8.9,5.9,26.9,Own 28.2,2:31,1.57,15,16,183,1113,37.2,13.1,6.1,31.1,Own 30.3,2:49,1.90
371,Indianapolis Colts,2017,20,16,180,1030,29.4,8.3,5.7,25.2,Own 27.3,2:38,1.42,5,16,174,1064,39.7,10.3,6.1,33.7,Own 27.2,2:54,2.06
372,Pittsburgh Steelers,2017,21,16,179,1091,43.0,10.6,6.1,33.7,Own 29.3,2:52,2.23,10,16,178,966,30.3,12.4,5.4,27.6,Own 25.9,2:32,1.67
373,Carolina Panthers,2017,22,16,179,1059,37.4,11.7,5.9,28.8,Own 30.0,2:53,1.97,14,16,180,993,33.9,11.7,5.5,28.2,Own 28.1,2:28,1.73
374,Oakland Raiders,2017,23,16,178,978,29.2,15.2,5.5,29.1,Own 28.3,2:36,1.69,2,16,171,1038,40.9,7.0,6.1,32.9,Own 27.8,2:55,2.07
375,Los Angeles Chargers,2017,24,16,177,1052,33.3,8.5,5.9,34.1,Own 26.1,2:45,1.88,11,16,179,1019,28.5,15.1,5.7,29.3,Own 27.1,2:41,1.48
376,Kansas City Chiefs,2017,25,16,176,1032,44.9,6.3,5.9,34.0,Own 29.1,2:49,2.21,13,16,179,1077,33.5,13.4,6.0,32.6,Own 26.0,2:39,1.85
377,New Orleans Saints,2017,26,16,175,1044,44.6,9.1,6.0,35.6,Own 29.6,2:51,2.41,8,16,177,1042,33.3,13.6,5.9,30.4,Own 25.8,2:37,1.75
378,Tampa Bay Buccaneers,2017,27,16,175,1073,33.7,15.4,6.1,33.1,Own 27.6,2:43,1.79,7,16,175,1047,38.9,13.1,6.0,34.6,Own 29.3,2:47,2.13
379,Green Bay Packers,2017,28,16,174,1024,30.5,13.2,5.9,28.1,Own 26.5,2:41,1.79,6,16,174,1052,40.2,11.5,6.0,31.9,Own 30.4,2:55,2.13
380,Chicago Bears,2017,29,16,174,961,24.1,12.1,5.5,26.3,Own 27.1,2:41,1.32,9,16,178,1034,33.1,11.2,5.8,28.7,Own 29.4,2:51,1.67
381,New England Patriots,2017,30,16,174,1110,49.4,6.9,6.4,36.1,Own 28.5,2:49,2.61,4,16,172,1057,30.2,9.9,6.1,34.0,Own 24.8,2:44,1.60
382,Dallas Cowboys,2017,31,16,171,1041,36.3,11.1,6.1,31.1,Own 29.9,2:50,2.02,3,16,171,1026,31.6,10.5,6.0,29.6,Own 25.8,2:47,1.77
383,Atlanta Falcons,2017,32,16,165,1027,41.2,10.3,6.2,35.3,Own 25.9,2:54,2.06,1,16,164,1028,36.0,9.1,6.3,31.0,Own 28.9,2:57,1.84
384,Cleveland Browns,2018,1,16,202,1053,31.2,11.4,5.2,29.2,Own 28.5,2:20,1.81,31,16,201,1157,35.3,15.4,5.8,31.0,Own 28.9,2:37,1.88
385,New York Jets,2018,2,16,197,1015,32.0,14.7,5.2,24.2,Own 30.7,2:22,1.57,32,16,202,1110,39.1,9.9,5.5,30.1,Own 30.7,2:28,2.08
386,Buffalo Bills,2018,3,16,193,1056,26.4,15.5,5.5,24.6,Own 29.7,2:32,1.39,30,16,189,1011,33.3,14.3,5.3,24.8,Own 32.6,2:30,1.83
387,Minnesota Vikings,2018,4,16,188,1037,32.4,10.6,5.5,29.2,Own 30.3,2:31,1.80,17,16,181,1033,33.7,10.5,5.7,27.3,Own 28.6,2:45,1.63
388,Arizona Cardinals,2018,5,16,187,923,19.3,15.0,4.9,20.6,Own 28.0,2:16,1.09,29,16,187,1099,38.0,8.6,5.9,30.6,Own 29.5,2:52,2.12
389,Denver Broncos,2018,6,16,186,1048,30.6,11.3,5.6,30.1,Own 27.8,2:30,1.72,25,16,185,1053,34.1,14.1,5.7,31.4,Own 28.1,2:41,1.82
390,Houston Texans,2018,7,16,186,1086,40.3,8.1,5.8,31.1,Own 31.3,2:39,2.03,28,16,187,1051,31.6,13.9,5.6,29.4,Own 25.5,2:36,1.72
391,Tampa Bay Buccaneers,2018,8,16,184,1083,37.0,19.0,5.9,36.0,Own 26.2,2:39,2.15,22,16,182,1018,40.7,8.2,5.6,33.7,Own 29.0,2:38,2.38
392,New England Patriots,2018,9,16,184,1114,40.8,9.2,6.1,34.2,Own 29.9,2:42,2.27,27,16,187,1036,32.6,15.0,5.5,30.7,Own 29.1,2:28,1.75
393,Miami Dolphins,2018,10,16,184,905,28.3,12.5,4.9,25.0,Own 29.4,2:27,1.59,23,16,183,1070,39.9,14.2,5.8,34.2,Own 28.9,2:51,2.27
394,Los Angeles Rams,2018,11,16,183,1105,48.6,9.8,6.0,36.7,Own 30.4,2:41,2.66,15,16,178,992,38.2,16.9,5.6,32.2,Own 27.8,2:38,2.11
395,Chicago Bears,2018,12,16,182,1049,36.8,13.2,5.8,30.1,Own 30.4,2:51,2.07,26,16,185,1041,28.6,19.5,5.6,25.9,Own 28.6,2:29,1.46
396,Pittsburgh Steelers,2018,13,16,182,1079,36.8,14.3,5.9,35.5,Own 26.0,2:44,2.23,24,16,184,1015,33.7,8.2,5.5,28.4,Own 28.6,2:35,1.88
397,Indianapolis Colts,2018,14,16,182,1100,41.2,13.2,6.0,33.9,Own 29.8,2:39,2.38,8,16,172,1029,35.5,14.5,6.0,31.6,Own 27.6,2:51,1.83
398,San Francisco 49ers,2018,15,16,181,1036,37.0,17.1,5.7,31.8,Own 26.2,2:39,1.86,18,16,181,1058,39.8,3.9,5.8,30.5,Own 30.9,2:42,2.25
399,Seattle Seahawks,2018,16,16,181,1044,39.8,6.1,5.8,31.1,Own 27.8,2:47,2.30,12,16,176,989,35.2,14.2,5.6,32.1,Own 28.0,2:38,1.88
400,Jacksonville Jaguars,2018,17,16,180,1037,25.0,15.6,5.8,26.9,Own 27.0,2:41,1.24,20,16,181,1007,33.1,8.3,5.6,27.5,Own 29.5,2:38,1.72
401,Green Bay Packers,2018,18,16,178,1073,38.8,6.7,6.0,33.2,Own 27.5,2:42,2.04,21,16,182,1059,37.9,8.2,5.8,31.0,Own 31.3,2:42,2.15
402,New York Giants,2018,19,16,177,1024,38.4,9.6,5.8,32.2,Own 27.2,2:37,1.97,19,16,181,1076,40.9,11.6,5.9,32.7,Own 28.1,2:47,2.18
403,Baltimore Ravens,2018,20,16,177,1167,40.7,10.7,6.6,33.7,Own 29.5,2:58,2.06,16,16,179,1005,29.1,9.5,5.6,26.0,Own 28.4,2:31,1.59
404,Philadelphia Eagles,2018,21,16,176,1071,38.1,12.5,6.1,33.2,Own 28.4,2:58,2.07,13,16,176,1040,38.6,9.1,5.9,33.1,Own 27.6,2:35,1.98
405,Oakland Raiders,2018,22,16,176,1029,31.3,13.6,5.8,30.5,Own 26.8,2:49,1.57,10,16,174,1005,44.3,9.8,5.8,35.1,Own 29.9,2:43,2.52
406,Detroit Lions,2018,23,16,173,1061,35.3,11.0,6.1,30.3,Own 27.7,2:54,1.82,7,16,171,973,34.5,7.0,5.7,31.3,Own 27.5,2:41,1.97
407,Carolina Panthers,2018,24,16,173,1033,37.0,12.1,6.0,34.5,Own 28.2,2:51,2.15,5,16,171,976,38.0,12.9,5.7,33.0,Own 27.6,2:44,2.19
408,Kansas City Chiefs,2018,25,16,171,1030,52.6,10.5,6.0,39.8,Own 30.9,2:44,3.12,11,16,174,1140,40.8,14.9,6.6,37.2,Own 25.7,2:53,2.35
409,Los Angeles Chargers,2018,26,16,170,981,42.4,10.0,5.8,34.9,Own 28.7,2:53,2.40,3,16,169,1020,33.7,11.8,6.0,31.5,Own 29.1,2:46,1.82
410,Washington Redskins,2018,27,16,170,998,31.8,11.2,5.9,28.3,Own 28.6,2:47,1.61,4,16,171,1024,35.1,14.6,6.0,33.0,Own 26.8,2:51,1.96
411,Dallas Cowboys,2018,28,16,169,1059,37.9,10.1,6.3,32.5,Own 27.9,2:59,1.96,2,16,167,1008,36.5,12.0,6.0,31.3,Own 30.0,2:50,1.91
412,New Orleans Saints,2018,29,16,168,1034,51.8,9.5,6.2,36.1,Own 31.5,3:02,2.96,1,16,164,1001,36.0,14.6,6.1,34.1,Own 26.3,2:47,2.10
413,Atlanta Falcons,2018,30,16,168,1038,42.9,10.7,6.2,37.0,Own 26.3,2:49,2.40,6,16,171,1055,41.5,10.5,6.2,36.0,Own 27.3,2:53,2.39
414,Tennessee Titans,2018,31,16,166,972,34.9,10.2,5.9,30.0,Own 27.8,2:52,1.82,9,16,172,1032,33.1,9.9,6.0,30.9,Own 28.9,2:52,1.72
415,Cincinnati Bengals,2018,32,16,166,960,35.5,9.6,5.8,29.7,Own 29.0,2:39,2.03,14,16,177,1117,46.3,10.2,6.3,37.4,Own 28.8,2:57,2.50
416,Tampa Bay Buccaneers,2019,1,16,198,1121,37.9,20.2,5.7,32.1,Own 28.1,2:30,2.11,32,16,198,1115,39.4,13.6,5.6,27.8,Own 31.4,2:22,2.01
417,Carolina Panthers,2019,2,16,192,1108,32.3,16.7,5.8,28.5,Own 29.0,2:25,1.74,31,16,197,1077,40.1,10.2,5.5,30.4,Own 30.0,2:32,2.26
418,New England Patriots,2019,3,16,190,1129,36.3,7.4,5.9,29.8,Own 32.7,2:40,1.97,30,16,194,967,19.1,17.0,5.0,22.7,Own 24.9,2:20,0.98
419,New York Jets,2019,4,16,189,984,23.3,11.6,5.2,22.9,Own 27.0,2:27,1.23,29,16,193,1071,33.7,9.8,5.5,26.7,Own 31.4,2:35,1.78
420,Seattle Seahawks,2019,5,16,189,1074,36.5,10.6,5.7,31.6,Own 30.2,2:40,2.07,16,16,179,1049,36.9,16.2,5.9,34.0,Own 26.6,2:38,2.02
421,Philadelphia Eagles,2019,6,16,187,1130,34.8,10.7,6.0,30.7,Own 28.5,2:50,1.96,27,16,188,994,33.5,10.1,5.3,28.1,Own 28.9,2:19,1.86
422,Pittsburgh Steelers,2019,7,16,187,968,28.9,16.0,5.2,23.5,Own 29.5,2:28,1.40,26,16,187,1061,29.4,19.8,5.7,25.7,Own 30.4,2:41,1.52
423,Buffalo Bills,2019,8,16,186,1046,30.1,10.2,5.6,28.5,Own 28.9,2:35,1.63,20,16,182,1011,23.6,12.1,5.6,26.1,Own 28.2,2:38,1.30
424,New York Giants,2019,9,16,185,1029,28.6,17.8,5.6,29.2,Own 26.9,2:29,1.75,25,16,186,1090,39.8,8.6,5.9,32.4,Own 29.9,2:44,2.25
425,Tennessee Titans,2019,10,16,185,967,31.4,8.6,5.2,31.4,Own 27.5,2:28,2.02,28,16,189,1083,31.7,11.6,5.7,30.4,Own 28.0,2:40,1.78
426,Los Angeles Rams,2019,11,16,185,1088,35.7,13.0,5.9,32.3,Own 28.3,2:31,1.98,23,16,185,1086,33.5,12.4,5.9,29.2,Own 29.3,2:41,1.83
427,Detroit Lions,2019,12,16,183,1052,33.3,12.0,5.7,30.3,Own 28.6,2:33,1.77,18,16,181,1128,40.3,8.8,6.2,35.4,Own 26.1,2:47,2.23
428,San Francisco 49ers,2019,13,16,183,1051,44.3,12.0,5.7,33.1,Own 32.1,2:46,2.44,14,16,177,988,28.8,14.1,5.6,25.4,Own 28.5,2:37,1.63
429,Cleveland Browns,2019,14,16,183,1002,33.9,14.8,5.5,29.7,Own 29.3,2:36,1.83,21,16,182,1046,36.8,11.0,5.7,31.7,Own 28.0,2:40,2.07
430,Miami Dolphins,2019,15,16,182,1052,30.2,13.7,5.8,27.1,Own 27.7,2:32,1.61,24,16,185,1091,45.9,8.6,5.9,34.2,Own 30.5,2:44,2.55
431,Cincinnati Bengals,2019,16,16,181,1080,29.8,15.5,6.0,28.5,Own 28.0,2:37,1.49,22,16,183,1068,39.3,8.7,5.8,34.4,Own 27.8,2:43,2.10
432,Arizona Cardinals,2019,17,16,178,1035,38.8,10.1,5.8,30.6,Own 27.7,2:29,2.02,9,16,172,1112,43.0,9.3,6.5,37.4,Own 27.5,3:04,2.38
433,Green Bay Packers,2019,18,16,177,1044,37.3,6.8,5.9,31.2,Own 34.1,2:51,2.11,15,16,178,1030,34.3,14.0,5.8,31.7,Own 28.0,2:34,1.79
434,Jacksonville Jaguars,2019,19,16,177,1054,33.9,10.2,6.0,30.9,Own 25.9,2:45,1.63,17,16,180,1026,37.2,9.4,5.7,33.2,Own 29.5,2:37,2.12
435,Washington Redskins,2019,20,16,176,912,29.5,11.9,5.2,25.0,Own 28.3,2:28,1.50,13,16,176,1109,42.0,11.9,6.3,34.9,Own 31.9,3:01,2.38
436,Dallas Cowboys,2019,21,16,175,1109,44.6,10.3,6.3,39.4,Own 26.3,2:42,2.43,10,16,173,1047,35.3,9.8,6.1,30.2,Own 30.2,2:49,1.87
437,Chicago Bears,2019,22,16,175,1048,29.1,10.3,6.0,27.2,Own 28.5,2:46,1.51,19,16,181,1047,30.9,10.5,5.8,28.5,Own 36.0,2:38,1.66
438,Atlanta Falcons,2019,23,16,174,1136,40.8,13.2,6.5,34.9,Own 28.7,2:51,2.12,5,16,167,1019,42.5,9.0,6.1,34.1,Own 28.8,2:47,2.26
439,New Orleans Saints,2019,24,16,173,1047,46.2,4.0,6.1,34.6,Own 33.7,2:59,2.50,12,16,174,1023,35.1,12.6,5.9,30.6,Own 26.5,2:33,1.95
440,Minnesota Vikings,2019,25,16,173,999,41.6,10.4,5.8,32.6,Own 29.6,2:40,2.29,11,16,173,1086,34.7,17.3,6.3,31.6,Own 28.3,2:53,1.76
441,Denver Broncos,2019,26,16,173,988,32.4,9.2,5.7,27.6,Own 27.6,2:43,1.60,8,16,171,1042,36.3,8.8,6.1,31.5,Own 28.7,2:52,1.74
442,Houston Texans,2019,27,16,169,1042,37.9,12.4,6.2,34.2,Own 28.8,2:51,2.18,7,16,170,1046,38.8,12.9,6.2,36.5,Own 26.0,2:49,2.22
443,Indianapolis Colts,2019,28,16,168,1047,36.3,11.3,6.2,31.1,Own 27.8,2:52,2.02,6,16,170,1017,38.8,12.9,6.0,32.7,Own 29.0,2:50,2.04
444,Baltimore Ravens,2019,29,16,166,1093,51.8,8.4,6.6,39.3,Own 29.1,3:21,2.95,3,16,166,952,32.5,14.5,5.7,28.8,Own 27.3,2:27,1.63
445,Oakland Raiders,2019,30,16,165,1015,32.7,9.7,6.2,35.1,Own 27.2,3:00,1.83,4,16,166,989,41.0,8.4,6.0,34.2,Own 25.7,2:48,2.39
446,Kansas City Chiefs,2019,31,16,164,1014,48.8,7.9,6.2,37.0,Own 28.8,2:52,2.59,2,16,164,1069,34.1,13.4,6.5,34.0,Own 27.0,2:59,1.88
447,Los Angeles Chargers,2019,32,16,160,1031,38.8,18.1,6.4,36.6,Own 26.3,3:05,2.06,1,16,161,956,36.6,8.7,5.9,31.1,Own 29.5,2:56,1.99
448,Philadelphia Eagles,2020,1,16,190,1085,27.9,15.3,5.7,28.1,Own 27.2,2:28,1.66,32,16,196,1092,37.8,9.2,5.6,29.5,Own 30.6,2:34,2.09
449,Denver Broncos,2020,2,16,188,1065,33.0,17.0,5.7,28.4,Own 26.9,2:28,1.71,29,16,184,1085,44.6,8.2,5.9,31.9,Own 31.9,2:42,2.27
450,Pittsburgh Steelers,2020,3,16,188,1067,37.2,8.5,5.7,28.4,Own 30.8,2:37,2.12,31,16,188,1020,29.3,13.8,5.4,26.0,Own 28.3,2:29,1.62
451,Los Angeles Rams,2020,4,16,184,1118,34.2,12.5,6.1,32.7,Own 27.9,2:47,1.88,26,16,183,1015,27.9,12.0,5.5,24.6,Own 29.3,2:27,1.47
452,Washington Football Team,2020,5,16,183,1085,33.3,13.1,5.9,27.7,Own 28.4,2:37,1.74,30,16,188,1031,31.4,12.2,5.5,25.8,Own 29.5,2:34,1.69
453,San Francisco 49ers,2020,6,16,182,1072,36.3,14.8,5.9,32.6,Own 27.4,2:46,2.05,27,16,183,1034,38.3,10.4,5.7,27.3,Own 30.5,2:30,1.96
454,Miami Dolphins,2020,7,16,181,1060,41.4,11.0,5.9,30.0,Own 29.7,2:46,2.10,22,16,179,1021,30.7,15.6,5.7,32.8,Own 26.4,2:34,1.77
455,Tampa Bay Buccaneers,2020,8,16,180,1048,47.8,8.9,5.8,34.1,Own 31.0,2:34,2.72,21,16,178,1049,33.7,14.0,5.9,29.4,Own 28.1,2:48,1.89
456,Dallas Cowboys,2020,9,16,180,1154,40.6,14.4,6.4,32.9,Own 28.5,2:31,2.08,25,16,181,1081,43.1,12.2,6.0,34.1,Own 30.8,2:48,2.49
457,Cincinnati Bengals,2020,10,16,179,1074,33.0,12.8,6.0,28.4,Own 28.0,2:47,1.70,24,16,180,1059,43.3,9.4,5.9,34.6,Own 29.0,2:37,2.30
458,Arizona Cardinals,2020,11,16,179,1113,40.2,11.7,6.2,34.4,Own 29.1,2:36,2.30,16,16,172,1084,37.2,10.5,6.3,32.7,Own 28.0,2:56,2.02
459,Seattle Seahawks,2020,12,16,178,1046,44.4,10.1,5.9,33.1,Own 31.1,2:42,2.57,18,16,175,1147,40.0,12.0,6.6,34.8,Own 25.5,2:47,2.14
460,New Orleans Saints,2020,13,16,178,1073,45.5,9.0,6.0,33.9,Own 32.0,2:54,2.67,19,16,176,1018,34.7,13.1,5.8,28.1,Own 27.5,2:37,1.93
461,Minnesota Vikings,2020,14,16,176,1045,39.8,12.5,5.9,35.7,Own 26.2,2:44,2.44,10,16,168,1070,50.0,10.7,6.4,37.2,Own 32.9,2:53,2.67
462,Chicago Bears,2020,15,16,175,1075,38.9,12.0,6.1,30.3,Own 30.5,2:47,2.03,23,16,179,1055,38.0,8.9,5.9,30.8,Own 29.3,2:41,2.01
463,Los Angeles Chargers,2020,16,16,175,1160,38.3,8.6,6.6,34.8,Own 26.6,2:55,2.13,14,16,170,1029,43.5,10.0,6.1,32.2,Own 32.1,2:46,2.39
464,New York Jets,2020,17,16,175,976,26.3,10.9,5.6,25.6,Own 26.4,2:33,1.36,20,16,177,1116,44.6,10.7,6.3,34.9,Own 30.6,2:54,2.47
465,Atlanta Falcons,2020,18,16,174,1118,44.8,10.3,6.4,33.8,Own 28.1,2:49,2.26,17,16,174,1062,42.0,12.1,6.1,36.6,Own 28.6,2:42,2.39
466,Jacksonville Jaguars,2020,19,16,171,1022,30.4,14.0,6.0,30.5,Own 26.5,2:36,1.71,28,16,184,1107,47.8,9.2,6.0,36.4,Own 31.2,2:50,2.67
467,Indianapolis Colts,2020,20,16,171,1069,44.4,8.8,6.3,35.4,Own 30.2,2:55,2.36,8,16,168,1015,35.1,14.3,6.0,31.6,Own 25.8,2:46,2.01
468,Buffalo Bills,2020,21,16,170,1068,49.4,11.8,6.3,37.3,Own 30.7,2:59,2.80,13,16,170,1050,39.4,15.3,6.2,33.1,Own 26.6,2:39,2.22
469,Baltimore Ravens,2020,22,16,170,1022,45.3,10.6,6.0,34.1,Own 31.9,2:58,2.56,15,16,170,1041,30.0,12.4,6.1,30.8,Own 25.6,2:43,1.72
470,Detroit Lions,2020,23,16,169,1014,38.5,11.2,6.0,33.0,Own 28.3,2:38,2.20,11,16,169,1088,47.9,7.1,6.4,39.8,Own 27.9,3:02,2.98
471,Las Vegas Raiders,2020,24,16,169,1071,47.9,14.8,6.3,36.2,Own 29.5,2:56,2.57,7,16,167,1078,50.3,8.4,6.5,37.3,Own 28.9,2:49,2.75
472,Tennessee Titans,2020,25,16,167,1059,47.9,7.2,6.3,37.7,Own 28.7,2:45,2.87,6,16,166,1099,45.2,13.3,6.6,38.2,Own 27.7,3:04,2.66
473,New York Giants,2020,26,16,167,998,33.5,12.6,6.0,28.7,Own 29.2,2:45,1.60,4,16,164,1082,41.5,12.2,6.6,34.0,Own 29.2,3:03,2.12
474,Cleveland Browns,2020,27,16,165,1046,40.6,9.7,6.3,35.6,Own 28.1,3:00,2.38,5,16,165,1062,43.0,12.7,6.4,34.6,Own 30.3,2:49,2.45
475,Houston Texans,2020,28,16,163,971,42.9,9.8,6.0,36.8,Own 26.7,2:41,2.34,9,16,168,1099,47.0,5.4,6.5,39.7,Own 27.1,3:08,2.70
476,Kansas City Chiefs,2020,29,16,163,1084,47.9,9.2,6.7,40.7,Own 28.2,3:00,2.74,12,16,169,1048,36.1,13.0,6.2,33.8,Own 25.8,2:50,2.10
477,Green Bay Packers,2020,30,16,161,1006,49.7,5.6,6.2,38.6,Own 28.8,3:14,3.08,2,16,158,1001,39.9,11.4,6.3,33.8,Own 28.6,2:48,2.18
478,Carolina Panthers,2020,31,16,159,1029,40.3,13.2,6.5,35.1,Own 28.5,3:07,2.09,3,16,161,1053,46.0,12.4,6.5,35.6,Own 29.8,2:53,2.50
479,New England Patriots,2020,32,16,157,1007,36.9,12.1,6.4,33.1,Own 28.5,2:57,1.92,1,16,157,1009,38.9,14.0,6.4,35.9,Own 24.6,3:10,2.16
480,Carolina Panthers,2021,1,6,73,424,34.2,13.7,5.8,29.0,Own 29.6,2:45,1.85,32,6,75,362,29.3,8.0,4.8,24.3,Own 31.0,2:11,1.68
481,Minnesota Vikings,2021,2,6,72,436,38.9,6.9,6.1,34.4,Own 25.3,2:41,2.00,31,6,70,398,35.7,10.0,5.7,30.7,Own 27.8,2:35,1.81
482,Seattle Seahawks,2021,3,6,71,342,32.4,5.6,4.8,29.1,Own 28.6,2:12,1.99,30,6,69,452,42.0,7.2,6.6,37.7,Own 25.0,3:08,2.19
483,Las Vegas Raiders,2021,4,6,71,407,39.4,5.6,5.7,32.3,Own 27.4,2:37,2.08,29,6,69,422,34.8,10.1,6.1,30.6,Own 26.6,2:46,1.97
484,Buffalo Bills,2021,5,6,68,434,52.9,7.4,6.4,36.2,Own 33.4,2:53,2.88,27,6,68,354,25.0,20.6,5.2,23.7,Own 29.4,2:25,1.34
485,Baltimore Ravens,2021,6,6,68,414,47.1,11.8,6.1,37.2,Own 26.8,2:57,2.53,23,6,66,371,30.3,9.1,5.6,32.4,Own 26.9,2:35,1.82
486,Cincinnati Bengals,2021,7,6,68,363,36.8,11.8,5.3,30.4,Own 28.6,2:47,2.16,20,6,65,405,30.8,9.2,6.2,30.6,Own 28.7,2:54,1.60
487,Tampa Bay Buccaneers,2021,8,6,67,423,44.8,9.0,6.3,38.1,Own 29.9,2:53,2.72,25,6,67,373,37.3,13.4,5.6,29.9,Own 27.7,2:30,2.13
488,Tennessee Titans,2021,9,6,67,431,43.3,11.9,6.4,34.2,Own 27.1,3:01,2.37,24,6,67,388,43.3,7.5,5.8,34.4,Own 30.3,2:34,2.43
489,Dallas Cowboys,2021,10,6,66,435,51.5,10.6,6.6,41.8,Own 30.1,2:59,2.88,28,6,68,370,33.8,20.6,5.4,33.5,Own 26.4,2:30,2.01
490,New York Giants,2021,11,6,65,398,35.4,13.8,6.1,33.0,Own 24.7,2:38,1.74,10,6,62,410,48.4,12.9,6.6,38.8,Own 29.4,3:07,2.74
491,Washington Football Team,2021,12,6,65,378,40.0,13.8,5.8,31.0,Own 25.5,2:35,2.06,22,6,66,435,51.5,10.6,6.6,38.5,Own 32.5,2:54,2.88
492,Pittsburgh Steelers,2021,13,6,65,390,33.8,10.8,6.0,29.9,Own 25.1,2:49,1.69,26,6,67,393,40.3,7.5,5.9,31.5,Own 31.6,2:44,1.99
493,Philadelphia Eagles,2021,14,6,65,362,33.8,7.7,5.6,31.5,Own 27.8,2:23,1.94,16,6,65,404,36.9,9.2,6.2,31.0,Own 26.7,3:03,2.22
494,Arizona Cardinals,2021,15,6,65,409,50.8,7.7,6.3,37.0,Own 30.9,3:01,2.88,13,6,64,376,26.6,20.3,5.9,32.1,Own 25.8,2:34,1.55
495,Jacksonville Jaguars,2021,16,6,65,374,26.2,18.5,5.8,32.9,Own 24.7,2:25,1.65,17,6,65,404,44.6,3.1,6.2,38.0,Own 27.4,3:07,2.45
496,Denver Broncos,2021,17,6,64,403,39.1,12.5,6.3,34.5,Own 29.2,3:06,1.98,14,6,64,355,29.7,9.4,5.5,29.5,Own 24.9,2:31,1.64
497,New England Patriots,2021,18,6,64,377,40.6,17.2,5.9,30.2,Own 31.5,2:44,1.97,15,6,64,411,35.9,12.5,6.4,33.7,Own 27.5,2:59,1.83
498,Los Angeles Rams,2021,19,6,64,382,50.0,10.9,6.0,37.4,Own 31.0,2:43,2.81,11,6,62,424,35.5,16.1,6.8,35.5,Own 24.9,3:00,1.90
499,Houston Texans,2021,20,6,64,362,26.6,15.6,5.7,27.5,Own 28.0,2:39,1.48,21,6,66,388,47.0,12.1,5.9,35.4,Own 29.6,2:53,2.62
500,Cleveland Browns,2021,21,6,63,397,42.9,11.1,6.3,37.6,Own 29.3,3:10,2.43,12,6,63,369,41.3,4.8,5.9,29.0,Own 28.5,2:33,2.44
501,Green Bay Packers,2021,22,6,62,378,43.5,8.1,6.1,33.2,Own 29.4,3:04,2.34,5,6,58,366,36.2,15.5,6.3,32.5,Own 28.3,3:04,2.33
502,Detroit Lions,2021,23,6,62,399,30.6,12.9,6.4,31.0,Own 28.1,2:50,1.69,19,6,65,378,47.7,10.8,5.8,35.5,Own 27.1,2:50,2.54
503,Miami Dolphins,2021,24,6,62,377,27.4,11.3,6.1,28.1,Own 28.0,2:39,1.47,18,6,65,429,49.2,9.2,6.6,38.6,Own 29.2,3:10,2.71
504,Indianapolis Colts,2021,25,6,61,386,42.6,6.6,6.3,36.1,Own 27.2,3:04,2.20,7,6,60,377,36.7,18.3,6.3,36.5,Own 26.6,2:58,2.17
505,Los Angeles Chargers,2021,26,6,61,404,41.0,9.8,6.6,37.1,Own 29.3,2:52,2.48,9,6,62,389,43.5,14.5,6.3,35.3,Own 27.9,2:59,2.40
506,Kansas City Chiefs,2021,27,6,57,412,50.9,22.8,7.2,45.5,Own 28.6,3:16,3.14,8,6,60,376,48.3,10.0,6.3,40.7,Own 26.3,2:53,2.85
507,New York Jets,2021,28,5,57,300,22.8,15.8,5.3,23.4,Own 25.6,2:25,1.18,4,5,57,368,45.6,7.0,6.5,32.3,Own 34.5,3:01,2.14
508,Chicago Bears,2021,29,6,57,353,29.8,8.8,6.2,25.7,Own 27.7,3:05,1.60,6,6,59,376,39.0,11.9,6.4,33.6,Own 28.4,3:08,2.12
509,New Orleans Saints,2021,30,5,56,289,32.1,8.9,5.2,26.4,Own 32.4,2:41,2.18,3,5,56,343,33.9,17.9,6.1,31.6,Own 26.7,2:46,1.66
510,Atlanta Falcons,2021,31,5,55,345,34.5,10.9,6.3,31.2,Own 26.2,2:51,1.91,1,5,51,311,43.1,5.9,6.1,34.4,Own 31.2,2:48,2.55
511,San Francisco 49ers,2021,32,5,51,314,35.3,11.8,6.2,35.0,Own 24.9,2:54,2.16,2,5,56,321,35.7,3.6,5.7,29.5,Own 28.4,2:35,2.07
