Tm,Year,opp_Rk,opp_G,opp_3DAtt,opp_3DConv,opp_3D_perc,opp_4DAtt,opp_4DConv,opp_4D_perc,opp_RZAtt,opp_RZTD,opp_RZPct
Baltimore Ravens,2006,1,16,208,60,28.8,23,9,39.1,33,11,33.3
New Orleans Saints,2006,2,16,199,69,34.7,13,6,46.2,41,22,53.7
Carolina Panthers,2006,3,16,222,70,31.5,14,11,78.6,43,24,55.8
Green Bay Packers,2006,4,16,215,70,32.6,21,13,61.9,45,23,51.1
Chicago Bears,2006,5,16,239,74,31.0,16,10,62.5,40,19,47.5
Minnesota Vikings,2006,6,16,215,74,34.4,13,7,53.8,46,17,37.0
New England Patriots,2006,7,16,209,75,35.9,11,3,27.3,35,12,34.3
New York Jets,2006,8,16,208,76,36.5,23,12,52.2,46,24,52.2
San Diego Chargers,2006,9,16,213,78,36.6,17,6,35.3,47,27,57.4
Buffalo Bills,2006,10,16,216,79,36.6,17,11,64.7,45,24,53.3
Oakland Raiders,2006,11,16,221,79,35.7,19,10,52.6,62,27,43.5
Seattle Seahawks,2006,12,16,219,80,36.5,12,6,50.0,44,25,56.8
Denver Broncos,2006,13,16,221,81,36.7,14,5,35.7,54,24,44.4
Tampa Bay Buccaneers,2006,14,16,217,82,37.8,12,5,41.7,48,27,56.3
Jacksonville Jaguars,2006,15,16,227,83,36.6,14,4,28.6,32,14,43.8
Kansas City Chiefs,2006,16,16,212,83,39.2,13,8,61.5,44,24,54.5
Arizona Cardinals,2006,17,16,201,83,41.3,15,7,46.7,58,28,48.3
Philadelphia Eagles,2006,18,16,222,83,37.4,21,10,47.6,43,21,48.8
Pittsburgh Steelers,2006,19,16,219,86,39.3,12,6,50.0,45,21,46.7
Atlanta Falcons,2006,20,16,207,87,42.0,10,4,40.0,50,25,50.0
Houston Texans,2006,21,16,198,88,44.4,11,5,45.5,49,25,51.0
Cincinnati Bengals,2006,22,16,211,88,41.7,21,11,52.4,52,29,55.8
Miami Dolphins,2006,23,16,234,89,38.0,16,9,56.3,36,15,41.7
Tennessee Titans,2006,24,16,221,90,40.7,17,10,58.8,62,36,58.1
Detroit Lions,2006,25,16,207,90,43.5,5,4,80.0,60,32,53.3
Indianapolis Colts,2006,26,16,191,90,47.1,14,11,78.6,51,30,58.8
St. Louis Rams,2006,27,16,205,93,45.4,6,2,33.3,55,31,56.4
Dallas Cowboys,2006,28,16,212,93,43.9,16,8,50.0,48,25,52.1
San Francisco 49ers,2006,29,16,216,96,44.4,14,7,50.0,62,32,51.6
New York Giants,2006,30,16,226,97,42.9,24,9,37.5,46,30,65.2
Washington Redskins,2006,31,16,222,97,43.7,9,6,66.7,48,23,47.9
Cleveland Browns,2006,32,16,228,100,43.9,10,4,40.0,51,26,51.0
New England Patriots,2007,1,16,187,63,33.7,20,11,55.0,41,24,58.5
Kansas City Chiefs,2007,2,16,208,65,31.3,11,2,18.2,43,16,37.2
Green Bay Packers,2007,3,16,209,69,33.0,24,9,37.5,43,21,48.8
Chicago Bears,2007,4,16,223,73,32.7,13,8,61.5,52,27,51.9
New York Giants,2007,5,16,211,73,34.6,16,10,62.5,42,25,59.5
Washington Redskins,2007,6,16,218,78,35.8,17,10,58.8,49,24,49.0
St. Louis Rams,2007,7,16,201,78,38.8,10,6,60.0,57,33,57.9
Atlanta Falcons,2007,8,16,210,78,37.1,21,11,52.4,47,25,53.2
Cleveland Browns,2007,9,16,215,79,36.7,25,11,44.0,56,28,50.0
Jacksonville Jaguars,2007,10,16,201,80,39.8,23,11,47.8,45,25,55.6
Philadelphia Eagles,2007,11,16,218,81,37.2,13,3,23.1,55,20,36.4
Oakland Raiders,2007,12,16,210,82,39.0,11,6,54.5,55,28,50.9
Baltimore Ravens,2007,13,16,224,82,36.6,13,7,53.8,52,22,42.3
Houston Texans,2007,14,16,198,83,41.9,16,8,50.0,62,33,53.2
San Diego Chargers,2007,15,16,211,83,39.3,26,9,34.6,37,20,54.1
Dallas Cowboys,2007,16,16,216,85,39.4,18,10,55.6,44,22,50.0
New Orleans Saints,2007,17,16,206,86,41.7,19,7,36.8,47,25,53.2
Cincinnati Bengals,2007,18,16,201,86,42.8,17,9,52.9,56,27,48.2
Arizona Cardinals,2007,19,16,218,87,39.9,15,7,46.7,53,27,50.9
Pittsburgh Steelers,2007,20,16,215,87,40.5,19,6,31.6,38,21,55.3
Seattle Seahawks,2007,21,16,232,88,37.9,17,5,29.4,41,21,51.2
New York Jets,2007,22,16,211,89,42.2,10,8,80.0,40,23,57.5
Denver Broncos,2007,23,16,213,91,42.7,13,10,76.9,54,31,57.4
Tampa Bay Buccaneers,2007,24,16,224,92,41.1,16,9,56.3,35,21,60.0
Minnesota Vikings,2007,25,16,234,94,40.2,18,7,38.9,47,22,46.8
Indianapolis Colts,2007,26,16,208,94,45.2,25,14,56.0,46,25,54.3
Carolina Panthers,2007,27,16,226,96,42.5,14,7,50.0,46,24,52.2
Tennessee Titans,2007,28,16,230,97,42.2,16,8,50.0,40,24,60.0
Detroit Lions,2007,29,16,213,97,45.5,12,9,75.0,64,41,64.1
San Francisco 49ers,2007,30,16,241,97,40.2,13,7,53.8,53,25,47.2
Miami Dolphins,2007,31,16,208,98,47.1,10,6,60.0,52,34,65.4
Buffalo Bills,2007,32,16,224,101,45.1,22,10,45.5,56,25,44.6
Minnesota Vikings,2008,1,16,203,68,33.5,13,5,38.5,47,20,42.6
Baltimore Ravens,2008,2,16,212,71,33.5,16,3,18.8,39,14,35.9
Pittsburgh Steelers,2008,3,16,226,71,31.4,21,10,47.6,42,14,33.3
Buffalo Bills,2008,4,16,202,73,36.1,16,8,50.0,55,23,41.8
Philadelphia Eagles,2008,5,16,227,73,32.2,14,5,35.7,36,19,52.8
Washington Redskins,2008,6,16,208,74,35.6,12,8,66.7,42,23,54.8
St. Louis Rams,2008,7,16,187,74,39.6,6,4,66.7,53,34,64.2
Houston Texans,2008,8,16,188,74,39.4,13,10,76.9,47,30,63.8
Dallas Cowboys,2008,9,16,216,77,35.6,14,8,57.1,56,26,46.4
Miami Dolphins,2008,10,16,209,79,37.8,19,11,57.9,47,23,48.9
Atlanta Falcons,2008,11,16,208,79,38.0,20,10,50.0,52,27,51.9
Tennessee Titans,2008,12,16,226,79,35.0,18,8,44.4,43,20,46.5
Green Bay Packers,2008,13,16,210,80,38.1,23,17,73.9,51,29,56.9
Tampa Bay Buccaneers,2008,14,16,214,81,37.9,13,5,38.5,36,20,55.6
New York Jets,2008,15,16,210,81,38.6,18,13,72.2,57,29,50.9
Chicago Bears,2008,16,16,232,81,34.9,21,10,47.6,55,30,54.5
Jacksonville Jaguars,2008,17,16,200,82,41.0,11,5,45.5,53,31,58.5
New Orleans Saints,2008,18,16,206,82,39.8,14,8,57.1,60,29,48.3
San Francisco 49ers,2008,19,16,219,83,37.9,19,12,63.2,52,25,48.1
New York Giants,2008,20,16,204,83,40.7,16,5,31.3,35,17,48.6
San Diego Chargers,2008,21,16,207,84,40.6,24,13,54.2,53,28,52.8
Carolina Panthers,2008,22,16,219,87,39.7,20,9,45.0,49,26,53.1
Denver Broncos,2008,23,16,202,89,44.1,18,10,55.6,60,36,60.0
Detroit Lions,2008,24,16,196,89,45.4,10,6,60.0,64,43,67.2
New England Patriots,2008,25,16,205,91,44.4,10,2,20.0,45,30,66.7
Arizona Cardinals,2008,26,16,207,92,44.4,17,13,76.5,55,35,63.6
Cincinnati Bengals,2008,27,16,218,93,42.7,11,5,45.5,49,29,59.2
Seattle Seahawks,2008,28,16,222,94,42.3,13,8,61.5,51,27,52.9
Cleveland Browns,2008,29,16,207,95,45.9,17,11,64.7,54,27,50.0
Kansas City Chiefs,2008,30,16,211,100,47.4,14,6,42.9,67,36,53.7
Indianapolis Colts,2008,31,16,211,100,47.4,7,3,42.9,47,19,40.4
Oakland Raiders,2008,32,16,232,103,44.4,13,9,69.2,54,31,57.4
New York Jets,2009,1,16,219,69,31.5,19,7,36.8,33,14,42.4
Minnesota Vikings,2009,2,16,200,69,34.5,12,5,41.7,40,18,45.0
Miami Dolphins,2009,3,16,198,69,34.8,15,8,53.3,51,24,47.1
Carolina Panthers,2009,4,16,197,70,35.5,17,9,52.9,50,25,50.0
Dallas Cowboys,2009,5,16,200,70,35.0,12,6,50.0,32,18,56.3
New England Patriots,2009,6,16,194,72,37.1,21,10,47.6,40,22,55.0
Philadelphia Eagles,2009,7,16,221,73,33.0,30,17,56.7,51,29,56.9
Green Bay Packers,2009,8,16,211,76,36.0,25,10,40.0,46,28,60.9
New York Giants,2009,9,16,199,77,38.7,19,12,63.2,62,42,67.7
Oakland Raiders,2009,10,16,216,77,35.6,14,9,64.3,65,31,47.7
Houston Texans,2009,11,16,201,79,39.3,21,9,42.9,37,24,64.9
Baltimore Ravens,2009,12,16,218,80,36.7,17,7,41.2,43,18,41.9
Denver Broncos,2009,13,16,218,81,37.2,16,8,50.0,48,24,50.0
Cincinnati Bengals,2009,14,16,210,81,38.6,15,7,46.7,40,19,47.5
Arizona Cardinals,2009,15,16,232,82,35.3,24,12,50.0,47,22,46.8
San Diego Chargers,2009,16,16,203,82,40.4,20,10,50.0,55,29,52.7
New Orleans Saints,2009,17,16,216,82,38.0,24,11,45.8,56,22,39.3
Detroit Lions,2009,18,16,210,85,40.5,15,10,66.7,71,37,52.1
Kansas City Chiefs,2009,19,16,223,85,38.1,11,6,54.5,53,30,56.6
Cleveland Browns,2009,20,16,221,86,38.9,20,10,50.0,57,25,43.9
Tampa Bay Buccaneers,2009,21,16,214,86,40.2,15,9,60.0,50,25,50.0
Washington Redskins,2009,22,16,219,87,39.7,17,4,23.5,41,16,39.0
Seattle Seahawks,2009,23,16,223,87,39.0,12,6,50.0,55,31,56.4
San Francisco 49ers,2009,24,16,240,88,36.7,15,6,40.0,47,19,40.4
Tennessee Titans,2009,25,16,218,89,40.8,17,12,70.6,56,33,58.9
St. Louis Rams,2009,26,16,209,91,43.5,12,6,50.0,59,36,61.0
Chicago Bears,2009,27,16,226,93,41.2,13,6,46.2,56,37,66.1
Jacksonville Jaguars,2009,28,16,209,94,45.0,17,12,70.6,52,29,55.8
Pittsburgh Steelers,2009,29,16,227,96,42.3,10,7,70.0,42,19,45.2
Buffalo Bills,2009,30,16,240,97,40.4,26,14,53.8,50,27,54.0
Atlanta Falcons,2009,31,16,214,97,45.3,17,8,47.1,51,26,51.0
Indianapolis Colts,2009,32,16,231,104,45.0,19,6,31.6,51,25,49.0
New York Giants,2010,1,16,208,66,31.7,17,9,52.9,47,25,53.2
Pittsburgh Steelers,2010,2,16,209,70,33.5,16,10,62.5,40,16,40.0
San Diego Chargers,2010,3,16,208,70,33.7,28,12,42.9,43,27,62.8
New Orleans Saints,2010,4,16,203,70,34.5,23,15,65.2,45,20,44.4
St. Louis Rams,2010,5,16,221,74,33.5,12,6,50.0,45,22,48.9
Washington Redskins,2010,6,16,214,75,35.0,10,7,70.0,57,28,49.1
Chicago Bears,2010,7,16,216,75,34.7,13,6,46.2,42,20,47.6
Cincinnati Bengals,2010,8,16,198,75,37.9,7,2,28.6,45,21,46.7
Oakland Raiders,2010,9,16,218,76,34.9,11,3,27.3,49,26,53.1
Detroit Lions,2010,10,16,198,77,38.9,12,5,41.7,46,27,58.7
Green Bay Packers,2010,11,16,213,77,36.2,20,6,30.0,31,15,48.4
Houston Texans,2010,12,16,195,77,39.5,13,11,84.6,59,40,67.8
Jacksonville Jaguars,2010,13,16,189,78,41.3,18,8,44.4,57,31,54.4
Indianapolis Colts,2010,14,16,200,78,39.0,18,8,44.4,48,25,52.1
Atlanta Falcons,2010,15,16,201,79,39.3,17,9,52.9,42,23,54.8
Denver Broncos,2010,16,16,209,80,38.3,16,10,62.5,52,32,61.5
Philadelphia Eagles,2010,17,16,209,80,38.3,12,5,41.7,43,33,76.7
Dallas Cowboys,2010,18,16,204,81,39.7,9,4,44.4,53,35,66.0
New York Jets,2010,19,16,219,81,37.0,6,4,66.7,43,26,60.5
Carolina Panthers,2010,20,16,213,81,38.0,9,4,44.4,66,32,48.5
Kansas City Chiefs,2010,21,16,223,84,37.7,20,7,35.0,37,26,70.3
Miami Dolphins,2010,22,16,226,84,37.2,22,8,36.4,45,18,40.0
San Francisco 49ers,2010,23,16,217,84,38.7,13,3,23.1,55,26,47.3
Baltimore Ravens,2010,24,16,229,87,38.0,12,6,50.0,40,17,42.5
Minnesota Vikings,2010,25,16,213,87,40.8,10,5,50.0,46,26,56.5
Arizona Cardinals,2010,26,16,233,87,37.3,17,9,52.9,69,27,39.1
Tampa Bay Buccaneers,2010,27,16,213,92,43.2,17,9,52.9,48,26,54.2
Seattle Seahawks,2010,28,16,238,94,39.5,19,8,42.1,65,30,46.2
Cleveland Browns,2010,29,16,224,96,42.9,15,11,73.3,48,23,47.9
Buffalo Bills,2010,30,16,227,98,43.2,10,7,70.0,54,33,61.1
New England Patriots,2010,31,16,210,99,47.1,20,12,60.0,50,27,54.0
Tennessee Titans,2010,32,16,242,104,43.0,22,9,40.9,63,26,41.3
Detroit Lions,2011,1,16,205,67,32.7,19,8,42.1,53,26,49.1
New Orleans Saints,2011,2,16,202,67,33.2,22,6,27.3,39,23,59.0
New York Jets,2011,3,16,211,69,32.7,10,1,10.0,44,23,52.3
Baltimore Ravens,2011,4,16,221,71,32.1,21,10,47.6,42,16,38.1
Arizona Cardinals,2011,5,16,226,71,31.4,8,4,50.0,58,23,39.7
Kansas City Chiefs,2011,6,16,210,72,34.3,16,7,43.8,51,28,54.9
Tampa Bay Buccaneers,2011,7,16,185,73,39.5,13,9,69.2,70,40,57.1
Denver Broncos,2011,8,16,218,73,33.5,9,3,33.3,52,27,51.9
Miami Dolphins,2011,9,16,219,74,33.8,14,7,50.0,52,23,44.2
Buffalo Bills,2011,10,16,189,75,39.7,13,9,69.2,59,38,64.4
Philadelphia Eagles,2011,11,16,211,75,35.5,17,7,41.2,47,28,59.6
San Francisco 49ers,2011,12,16,216,76,35.2,17,7,41.2,34,14,41.2
Houston Texans,2011,13,16,212,76,35.8,13,6,46.2,44,21,47.7
Washington Redskins,2011,14,16,206,77,37.4,10,4,40.0,57,25,43.9
Seattle Seahawks,2011,15,16,221,77,34.8,11,7,63.6,39,19,48.7
Cincinnati Bengals,2011,16,16,220,78,35.5,11,4,36.4,41,24,58.5
Jacksonville Jaguars,2011,17,16,218,79,36.2,9,4,44.4,43,24,55.8
Chicago Bears,2011,18,16,229,80,34.9,17,7,41.2,56,25,44.6
Dallas Cowboys,2011,19,16,204,81,39.7,11,4,36.4,49,27,55.1
Green Bay Packers,2011,20,16,195,83,42.6,16,4,25.0,56,31,55.4
Carolina Panthers,2011,21,16,194,83,42.8,12,4,33.3,56,33,58.9
St. Louis Rams,2011,22,16,216,83,38.4,8,5,62.5,52,26,50.0
New York Giants,2011,23,16,220,84,38.2,18,10,55.6,61,34,55.7
Pittsburgh Steelers,2011,24,16,221,86,38.9,13,8,61.5,31,17,54.8
New England Patriots,2011,25,16,202,87,43.1,19,8,42.1,61,34,55.7
Minnesota Vikings,2011,26,16,208,92,44.2,9,5,55.6,56,29,51.8
Oakland Raiders,2011,27,16,219,92,42.0,14,4,28.6,51,30,58.8
Atlanta Falcons,2011,28,16,211,93,44.1,11,6,54.5,47,22,46.8
Cleveland Browns,2011,29,16,230,95,41.3,14,6,42.9,49,20,40.8
San Diego Chargers,2011,30,16,195,96,49.2,9,1,11.1,49,29,59.2
Tennessee Titans,2011,31,16,236,96,40.7,20,8,40.0,48,23,47.9
Indianapolis Colts,2011,32,16,216,98,45.4,6,3,50.0,57,35,61.4
Denver Broncos,2012,1,16,216,66,30.6,18,7,38.9,41,24,58.5
San Francisco 49ers,2012,2,16,215,71,33.0,25,14,56.0,36,22,61.1
Houston Texans,2012,3,16,215,71,33.0,16,5,31.3,40,20,50.0
Carolina Panthers,2012,4,16,202,73,36.1,19,10,52.6,50,27,54.0
Pittsburgh Steelers,2012,5,16,206,73,35.4,11,8,72.7,42,22,52.4
Arizona Cardinals,2012,6,16,222,73,32.9,9,4,44.4,45,20,44.4
Indianapolis Colts,2012,7,16,197,75,38.1,7,3,42.9,53,27,50.9
Seattle Seahawks,2012,8,16,198,76,38.4,10,3,30.0,38,17,44.7
Detroit Lions,2012,9,16,208,76,36.5,6,5,83.3,39,20,51.3
Chicago Bears,2012,10,16,220,78,35.5,16,10,62.5,41,21,51.2
Cincinnati Bengals,2012,11,16,219,79,36.1,12,5,41.7,41,21,51.2
Kansas City Chiefs,2012,12,16,202,79,39.1,4,3,75.0,64,34,53.1
St. Louis Rams,2012,13,16,213,80,37.6,16,6,37.5,53,27,50.9
New Orleans Saints,2012,14,16,208,80,38.5,19,10,52.6,70,39,55.7
Dallas Cowboys,2012,15,16,202,81,40.1,11,6,54.5,55,30,54.5
Atlanta Falcons,2012,16,16,200,81,40.5,13,6,46.2,42,19,45.2
New England Patriots,2012,17,16,205,82,40.0,23,9,39.1,46,24,52.2
Baltimore Ravens,2012,18,16,232,83,35.8,12,6,50.0,53,23,43.4
Oakland Raiders,2012,19,16,212,83,39.2,14,8,57.1,54,30,55.6
Philadelphia Eagles,2012,20,16,203,83,40.9,10,2,20.0,55,30,54.5
Green Bay Packers,2012,21,16,218,83,38.1,23,9,39.1,47,29,61.7
New York Jets,2012,22,16,226,84,37.2,15,12,80.0,41,24,58.5
New York Giants,2012,23,16,198,84,42.4,21,10,47.6,50,23,46.0
Tennessee Titans,2012,24,16,214,85,39.7,14,6,42.9,58,37,63.8
Cleveland Browns,2012,25,16,223,85,38.1,11,7,63.6,53,30,56.6
Miami Dolphins,2012,26,16,238,87,36.6,17,12,70.6,54,23,42.6
Tampa Bay Buccaneers,2012,27,16,219,88,40.2,14,6,42.9,54,30,55.6
Jacksonville Jaguars,2012,28,16,215,89,41.4,9,4,44.4,66,35,53.0
San Diego Chargers,2012,29,16,214,90,42.1,10,4,40.0,40,28,70.0
Buffalo Bills,2012,30,16,209,92,44.0,12,6,50.0,55,38,69.1
Washington Redskins,2012,31,16,215,95,44.2,14,8,57.1,52,30,57.7
Minnesota Vikings,2012,32,16,230,95,41.3,20,11,55.0,51,31,60.8
Detroit Lions,2013,1,16,211,64,30.3,12,9,75.0,42,16,38.1
Washington Redskins,2013,2,16,194,66,34.0,17,12,70.6,60,38,63.3
Tennessee Titans,2013,3,16,201,69,34.3,11,7,63.6,50,32,64.0
New Orleans Saints,2013,4,16,199,69,34.7,12,4,33.3,46,26,56.5
San Diego Chargers,2013,5,16,180,70,38.9,13,6,46.2,45,28,62.2
Cincinnati Bengals,2013,6,16,225,74,32.9,16,5,31.3,36,18,50.0
Houston Texans,2013,7,16,217,75,34.6,8,3,37.5,48,32,66.7
Carolina Panthers,2013,8,16,212,76,35.8,11,3,27.3,41,17,41.5
San Francisco 49ers,2013,9,16,223,76,34.1,23,10,43.5,41,22,53.7
Seattle Seahawks,2013,10,16,216,76,35.2,11,4,36.4,36,13,36.1
Green Bay Packers,2013,11,16,204,78,38.2,17,10,58.8,57,35,61.4
St. Louis Rams,2013,12,16,201,78,38.8,16,9,56.3,60,31,51.7
Baltimore Ravens,2013,13,16,233,78,33.5,14,8,57.1,41,20,48.8
Kansas City Chiefs,2013,14,16,229,78,34.1,18,9,50.0,37,19,51.4
Arizona Cardinals,2013,15,16,221,78,35.3,16,6,37.5,48,26,54.2
Indianapolis Colts,2013,16,16,210,79,37.6,19,10,52.6,41,24,58.5
Tampa Bay Buccaneers,2013,17,16,204,80,39.2,14,8,57.1,56,28,50.0
Denver Broncos,2013,18,16,218,83,38.1,15,4,26.7,60,37,61.7
Chicago Bears,2013,19,16,200,83,41.5,16,12,75.0,59,34,57.6
New York Jets,2013,20,16,231,85,36.8,18,7,38.9,49,22,44.9
Buffalo Bills,2013,21,16,245,91,37.1,10,4,40.0,51,24,47.1
Oakland Raiders,2013,22,16,211,91,43.1,6,2,33.3,62,37,59.7
Pittsburgh Steelers,2013,23,16,230,91,39.6,20,9,45.0,55,31,56.4
Miami Dolphins,2013,24,16,238,91,38.2,15,8,53.3,56,26,46.4
Dallas Cowboys,2013,25,16,210,91,43.3,18,9,50.0,62,40,64.5
Philadelphia Eagles,2013,26,16,231,93,40.3,20,8,40.0,49,26,53.1
New York Giants,2013,27,16,232,93,40.1,15,4,26.7,46,25,54.3
Jacksonville Jaguars,2013,28,16,226,96,42.5,12,9,75.0,65,39,60.0
Atlanta Falcons,2013,29,16,209,96,45.9,11,7,63.6,57,34,59.6
New England Patriots,2013,30,16,232,98,42.2,21,4,19.0,50,28,56.0
Minnesota Vikings,2013,31,16,231,102,44.2,18,11,61.1,63,39,61.9
Cleveland Browns,2013,32,16,244,109,44.7,9,4,44.4,50,32,64.0
Indianapolis Colts,2014,1,16,201,67,33.3,17,4,23.5,50,33,66.0
Pittsburgh Steelers,2014,2,16,189,71,37.6,14,10,71.4,50,27,54.0
New York Giants,2014,3,16,200,72,36.0,10,4,40.0,51,25,49.0
Buffalo Bills,2014,4,16,220,73,33.2,11,5,45.5,44,22,50.0
Houston Texans,2014,5,16,218,74,33.9,17,6,35.3,46,22,47.8
Seattle Seahawks,2014,6,16,202,75,37.1,14,8,57.1,37,22,59.5
Detroit Lions,2014,7,16,207,77,37.2,15,6,40.0,49,26,53.1
Cincinnati Bengals,2014,8,16,215,79,36.7,19,10,52.6,55,27,49.1
Kansas City Chiefs,2014,9,16,216,79,36.6,21,8,38.1,54,21,38.9
Arizona Cardinals,2014,10,16,215,81,37.7,13,5,38.5,41,18,43.9
Denver Broncos,2014,11,16,222,81,36.5,17,10,58.8,52,30,57.7
St. Louis Rams,2014,12,16,213,82,38.5,10,0,0.0,39,18,46.2
Green Bay Packers,2014,13,16,206,83,40.3,28,15,53.6,48,27,56.3
New England Patriots,2014,14,16,209,84,40.2,23,8,34.8,46,22,47.8
Oakland Raiders,2014,15,16,221,85,38.5,9,4,44.4,57,30,52.6
Chicago Bears,2014,16,16,201,85,42.3,19,12,63.2,71,37,52.1
San Francisco 49ers,2014,17,16,203,88,43.3,14,7,50.0,44,27,61.4
Philadelphia Eagles,2014,18,16,232,88,37.9,12,3,25.0,43,25,58.1
San Diego Chargers,2014,19,16,207,89,43.0,10,2,20.0,52,27,51.9
Washington Redskins,2014,20,16,207,89,43.0,9,5,55.6,48,25,52.1
Baltimore Ravens,2014,21,16,221,89,40.3,14,5,35.7,54,23,42.6
Dallas Cowboys,2014,22,16,204,89,43.6,20,10,50.0,49,30,61.2
Carolina Panthers,2014,23,16,210,89,42.4,11,5,45.5,46,29,63.0
Minnesota Vikings,2014,24,16,217,90,41.5,14,9,64.3,48,26,54.2
Cleveland Browns,2014,25,16,239,90,37.7,18,11,61.1,54,25,46.3
Tampa Bay Buccaneers,2014,26,16,213,93,43.7,9,5,55.6,52,32,61.5
Tennessee Titans,2014,27,16,227,94,41.4,11,5,45.5,63,37,58.7
Atlanta Falcons,2014,28,16,203,95,46.8,8,4,50.0,58,33,56.9
Miami Dolphins,2014,29,16,223,98,43.9,22,13,59.1,55,29,52.7
New York Jets,2014,30,16,219,99,45.2,4,0,0.0,49,29,59.2
New Orleans Saints,2014,31,16,215,99,46.0,8,4,50.0,51,32,62.7
Jacksonville Jaguars,2014,32,16,236,101,42.8,10,4,40.0,56,27,48.2
Houston Texans,2015,1,16,214,61,28.5,12,7,58.3,39,22,56.4
Seattle Seahawks,2015,2,16,195,67,34.4,7,1,14.3,38,16,42.1
New Orleans Saints,2015,3,16,176,71,40.3,13,10,76.9,65,44,67.7
Minnesota Vikings,2015,4,16,206,71,34.5,22,11,50.0,43,19,44.2
Kansas City Chiefs,2015,5,16,217,72,33.2,27,13,48.1,40,24,60.0
San Diego Chargers,2015,6,16,195,74,37.9,8,7,87.5,46,23,50.0
Arizona Cardinals,2015,7,16,210,75,35.7,17,8,47.1,47,26,55.3
New York Jets,2015,8,16,232,77,33.2,23,13,56.5,40,14,35.0
Washington Redskins,2015,9,16,207,78,37.7,20,11,55.0,49,27,55.1
St. Louis Rams,2015,10,16,225,78,34.7,15,4,26.7,48,20,41.7
Green Bay Packers,2015,11,16,220,79,35.9,21,10,47.6,49,28,57.1
Denver Broncos,2015,12,16,227,80,35.2,14,5,35.7,37,22,59.5
Dallas Cowboys,2015,13,16,208,81,38.9,10,5,50.0,49,25,51.0
Cleveland Browns,2015,14,16,203,81,39.9,15,10,66.7,62,36,58.1
Atlanta Falcons,2015,15,16,191,82,42.9,15,5,33.3,53,33,62.3
Detroit Lions,2015,16,16,200,82,41.0,8,5,62.5,59,37,62.7
San Francisco 49ers,2015,17,16,210,82,39.0,11,6,54.5,54,32,59.3
New England Patriots,2015,18,16,225,84,37.3,18,8,44.4,42,24,57.1
Oakland Raiders,2015,19,16,224,84,37.5,17,9,52.9,58,30,51.7
Buffalo Bills,2015,20,16,210,85,40.5,13,3,23.1,45,27,60.0
Cincinnati Bengals,2015,21,16,218,86,39.4,20,9,45.0,38,18,47.4
Baltimore Ravens,2015,22,16,216,86,39.8,9,4,44.4,47,25,53.2
Carolina Panthers,2015,23,16,227,86,37.9,26,15,57.7,40,21,52.5
Indianapolis Colts,2015,24,16,227,89,39.2,14,10,71.4,53,33,62.3
Chicago Bears,2015,25,16,201,89,44.3,12,5,41.7,45,27,60.0
Pittsburgh Steelers,2015,26,16,225,90,40.0,24,7,29.2,57,28,49.1
Tennessee Titans,2015,27,16,216,92,42.6,12,4,33.3,53,33,62.3
Miami Dolphins,2015,28,16,221,96,43.4,12,4,33.3,50,30,60.0
Tampa Bay Buccaneers,2015,29,16,211,97,46.0,6,4,66.7,56,36,64.3
Philadelphia Eagles,2015,30,16,231,99,42.9,9,6,66.7,61,40,65.6
Jacksonville Jaguars,2015,31,16,227,105,46.3,12,6,50.0,57,35,61.4
New York Giants,2015,32,16,230,108,47.0,14,8,57.1,52,28,53.8
Tampa Bay Buccaneers,2016,1,16,195,67,34.4,10,8,80.0,50,29,58.0
Baltimore Ravens,2016,2,16,214,75,35.0,16,11,68.8,47,26,55.3
New England Patriots,2016,3,16,206,76,36.9,18,7,38.9,44,23,52.3
Dallas Cowboys,2016,4,16,197,77,39.1,14,9,64.3,54,29,53.7
Tennessee Titans,2016,5,16,210,77,36.7,22,12,54.5,55,29,52.7
Miami Dolphins,2016,6,16,213,77,36.2,16,9,56.3,51,29,56.9
Oakland Raiders,2016,7,16,198,78,39.4,15,4,26.7,57,33,57.9
Carolina Panthers,2016,8,16,211,80,37.9,13,9,69.2,55,24,43.6
Indianapolis Colts,2016,9,16,193,80,41.5,8,3,37.5,50,25,50.0
Minnesota Vikings,2016,10,16,206,80,38.8,14,3,21.4,44,24,54.5
Buffalo Bills,2016,11,16,205,82,40.0,14,4,28.6,57,30,52.6
Seattle Seahawks,2016,12,16,212,82,38.7,20,6,30.0,46,26,56.5
Los Angeles Rams,2016,13,16,220,82,37.3,14,12,85.7,52,37,71.2
Philadelphia Eagles,2016,14,16,205,82,40.0,18,8,44.4,51,23,45.1
Houston Texans,2016,15,16,213,82,38.5,13,3,23.1,44,23,52.3
Green Bay Packers,2016,16,16,199,82,41.2,18,12,66.7,45,28,62.2
Jacksonville Jaguars,2016,17,16,224,83,37.1,13,6,46.2,55,30,54.5
San Diego Chargers,2016,18,16,208,83,39.9,16,11,68.8,66,36,54.5
New Orleans Saints,2016,19,16,194,84,43.3,10,4,40.0,56,32,57.1
New York Giants,2016,20,16,238,84,35.3,14,7,50.0,43,17,39.5
New York Jets,2016,21,16,210,84,40.0,10,2,20.0,51,29,56.9
Chicago Bears,2016,22,16,210,85,40.5,14,10,71.4,59,31,52.5
Arizona Cardinals,2016,23,16,219,85,38.8,15,7,46.7,45,25,55.6
Denver Broncos,2016,24,16,236,86,36.4,16,6,37.5,42,22,52.4
Cincinnati Bengals,2016,25,16,217,86,39.6,19,9,47.4,49,25,51.0
Pittsburgh Steelers,2016,26,16,214,88,41.1,21,11,52.4,57,26,45.6
Atlanta Falcons,2016,27,16,213,89,41.8,25,18,72.0,55,40,72.7
Detroit Lions,2016,28,16,198,90,45.5,8,3,37.5,53,36,67.9
Cleveland Browns,2016,29,16,206,93,45.1,12,9,75.0,60,40,66.7
Kansas City Chiefs,2016,30,16,222,96,43.2,20,10,50.0,53,26,49.1
Washington Redskins,2016,31,16,208,97,46.6,16,9,56.3,54,32,59.3
San Francisco 49ers,2016,32,16,226,102,45.1,7,4,57.1,66,41,62.1
Minnesota Vikings,2017,1,16,202,51,25.2,23,9,39.1,40,16,40.0
Philadelphia Eagles,2017,2,16,205,66,32.2,18,4,22.2,38,21,55.3
Denver Broncos,2017,3,16,209,66,31.6,21,7,33.3,41,24,58.5
Houston Texans,2017,4,16,201,71,35.3,8,5,62.5,54,33,61.1
Pittsburgh Steelers,2017,5,16,199,72,36.2,19,6,31.6,39,24,61.5
Detroit Lions,2017,6,16,194,74,38.1,15,8,53.3,55,34,61.8
Jacksonville Jaguars,2017,7,16,220,74,33.6,13,6,46.2,28,11,39.3
Atlanta Falcons,2017,8,16,196,75,38.3,19,13,68.4,48,22,45.8
Miami Dolphins,2017,9,16,203,75,36.9,8,2,25.0,51,32,62.7
Carolina Panthers,2017,10,16,206,78,37.9,20,7,35.0,44,21,47.7
Tennessee Titans,2017,11,16,214,78,36.4,16,10,62.5,56,27,48.2
Arizona Cardinals,2017,12,16,224,80,35.7,16,7,43.8,46,27,58.7
Buffalo Bills,2017,13,16,214,82,38.3,20,11,55.0,57,30,52.6
Baltimore Ravens,2017,14,16,222,82,36.9,16,6,37.5,45,22,48.9
New York Jets,2017,15,16,221,82,37.1,11,5,45.5,52,29,55.8
New England Patriots,2017,16,16,208,82,39.4,23,10,43.5,48,21,43.8
Kansas City Chiefs,2017,17,16,207,83,40.1,17,9,52.9,51,28,54.9
Washington Redskins,2017,18,16,226,83,36.7,15,9,60.0,57,29,50.9
Seattle Seahawks,2017,19,16,223,85,38.1,15,7,46.7,42,20,47.6
Los Angeles Rams,2017,20,16,227,86,37.9,15,9,60.0,46,27,58.7
Chicago Bears,2017,21,16,219,86,39.3,11,6,54.5,49,24,49.0
Los Angeles Chargers,2017,22,16,221,86,38.9,20,6,30.0,36,13,36.1
New Orleans Saints,2017,23,16,212,87,41.0,12,4,33.3,48,25,52.1
New York Giants,2017,24,16,222,88,39.6,17,5,29.4,53,29,54.7
Oakland Raiders,2017,25,16,215,88,40.9,10,7,70.0,48,23,47.9
Green Bay Packers,2017,26,16,208,89,42.8,10,8,80.0,46,30,65.2
Dallas Cowboys,2017,27,16,210,90,42.9,13,4,30.8,49,28,57.1
Cleveland Browns,2017,28,16,224,91,40.6,10,5,50.0,46,31,67.4
San Francisco 49ers,2017,29,16,221,95,43.0,12,10,83.3,57,34,59.6
Indianapolis Colts,2017,30,16,217,97,44.7,14,7,50.0,51,27,52.9
Cincinnati Bengals,2017,31,16,241,98,40.7,19,9,47.4,56,26,46.4
Tampa Bay Buccaneers,2017,32,16,216,104,48.1,9,2,22.2,53,29,54.7
Minnesota Vikings,2018,1,16,190,58,30.5,19,9,47.4,49,22,44.9
Seattle Seahawks,2018,2,16,183,64,35.0,13,6,46.2,51,25,49.0
Detroit Lions,2018,3,16,186,69,37.1,17,9,52.9,47,27,57.4
Los Angeles Rams,2018,4,16,188,70,37.2,15,9,60.0,52,30,57.7
Philadelphia Eagles,2018,5,16,201,71,35.3,19,11,57.9,56,25,44.6
Baltimore Ravens,2018,6,16,211,72,34.1,20,10,50.0,41,26,63.4
Pittsburgh Steelers,2018,7,16,197,72,36.5,13,7,53.8,49,29,59.2
New York Jets,2018,8,16,213,72,33.8,14,9,64.3,59,31,52.5
Tampa Bay Buccaneers,2018,9,16,181,73,40.3,14,7,50.0,58,45,77.6
Carolina Panthers,2018,10,16,183,73,39.9,17,10,58.8,47,33,70.2
Buffalo Bills,2018,11,16,203,74,36.5,11,6,54.5,48,34,70.8
Chicago Bears,2018,12,16,219,75,34.2,28,16,57.1,40,20,50.0
Tennessee Titans,2018,13,16,205,75,36.6,20,11,55.0,47,21,44.7
Cleveland Browns,2018,14,16,210,75,35.7,20,13,65.0,54,33,61.1
New England Patriots,2018,15,16,197,76,38.6,16,6,37.5,46,27,58.7
New Orleans Saints,2018,16,16,189,78,41.3,29,14,48.3,49,31,63.3
Arizona Cardinals,2018,17,16,205,78,38.0,13,8,61.5,53,33,62.3
Green Bay Packers,2018,18,16,212,79,37.3,18,12,66.7,56,34,60.7
Los Angeles Chargers,2018,19,16,202,79,39.1,20,11,55.0,50,25,50.0
Jacksonville Jaguars,2018,20,16,212,80,37.7,12,3,25.0,47,24,51.1
Kansas City Chiefs,2018,21,16,193,80,41.5,27,18,66.7,58,42,72.4
Denver Broncos,2018,22,16,211,82,38.9,11,6,54.5,43,25,58.1
Indianapolis Colts,2018,23,16,200,82,41.0,15,7,46.7,43,23,53.5
Miami Dolphins,2018,24,16,196,84,42.9,15,6,40.0,61,37,60.7
Dallas Cowboys,2018,25,16,201,85,42.3,14,6,42.9,49,25,51.0
Washington Redskins,2018,26,16,196,86,43.9,13,5,38.5,52,27,51.9
New York Giants,2018,27,16,206,87,42.2,17,14,82.4,58,33,56.9
San Francisco 49ers,2018,28,16,216,87,40.3,17,10,58.8,58,38,65.5
Houston Texans,2018,29,16,227,91,40.1,20,12,60.0,41,29,70.7
Oakland Raiders,2018,30,16,201,93,46.3,12,8,66.7,62,37,59.7
Atlanta Falcons,2018,31,16,195,95,48.7,13,10,76.9,54,38,70.4
Cincinnati Bengals,2018,32,16,223,109,48.9,17,11,64.7,61,39,63.9
New England Patriots,2019,1,16,195,47,24.1,22,8,36.4,29,14,48.3
San Francisco 49ers,2019,2,16,192,64,33.3,25,8,32.0,40,24,60.0
Dallas Cowboys,2019,3,16,201,67,33.3,22,10,45.5,57,29,50.9
Philadelphia Eagles,2019,4,16,205,70,34.1,18,11,61.1,43,24,55.8
Seattle Seahawks,2019,5,16,185,71,38.4,12,7,58.3,52,32,61.5
Baltimore Ravens,2019,6,16,194,72,37.1,18,6,33.3,44,21,47.7
New Orleans Saints,2019,7,16,210,73,34.8,25,11,44.0,47,28,59.6
Tennessee Titans,2019,8,16,204,74,36.3,25,10,40.0,47,32,68.1
Cleveland Browns,2019,9,16,195,74,37.9,17,6,35.3,57,35,61.4
Green Bay Packers,2019,10,16,197,75,38.1,18,8,44.4,48,24,50.0
Kansas City Chiefs,2019,11,16,202,75,37.1,31,16,51.6,57,29,50.9
Tampa Bay Buccaneers,2019,12,16,218,75,34.4,27,13,48.1,60,30,50.0
Chicago Bears,2019,13,16,209,76,36.4,23,13,56.5,53,29,54.7
Pittsburgh Steelers,2019,14,16,209,76,36.4,21,10,47.6,46,23,50.0
Buffalo Bills,2019,15,16,212,76,35.8,21,8,38.1,43,24,55.8
Atlanta Falcons,2019,16,16,193,77,39.9,20,12,60.0,53,31,58.5
Carolina Panthers,2019,17,16,193,77,39.9,9,6,66.7,64,41,64.1
Jacksonville Jaguars,2019,18,16,190,79,41.6,11,5,45.5,56,32,57.1
Denver Broncos,2019,19,16,211,79,37.4,19,9,47.4,46,18,39.1
Oakland Raiders,2019,20,16,190,81,42.6,13,9,69.2,55,37,67.3
Miami Dolphins,2019,21,16,194,81,41.8,13,8,61.5,59,37,62.7
Minnesota Vikings,2019,22,16,214,85,39.7,29,16,55.2,48,21,43.8
Indianapolis Colts,2019,23,16,199,85,42.7,19,8,42.1,50,26,52.0
New York Giants,2019,24,16,216,86,39.8,14,8,57.1,54,31,57.4
Los Angeles Rams,2019,25,16,218,86,39.4,24,14,58.3,52,33,63.5
New York Jets,2019,26,16,225,88,39.1,12,3,25.0,48,26,54.2
Los Angeles Chargers,2019,27,16,195,88,45.1,13,8,61.5,40,24,60.0
Cincinnati Bengals,2019,28,16,209,89,42.6,10,5,50.0,51,25,49.0
Detroit Lions,2019,29,16,214,94,43.9,15,7,46.7,57,33,57.9
Houston Texans,2019,30,16,202,98,48.5,16,7,43.8,49,35,71.4
Arizona Cardinals,2019,31,16,214,100,46.7,14,3,21.4,62,37,59.7
Washington Redskins,2019,32,16,227,111,48.9,19,12,63.2,59,36,61.0
Miami Dolphins,2020,1,16,186,58,31.2,26,12,46.2,47,27,57.4
Baltimore Ravens,2020,2,16,191,65,34.0,35,16,45.7,45,28,62.2
San Francisco 49ers,2020,3,16,200,71,35.5,20,13,65.0,45,26,57.8
Minnesota Vikings,2020,4,16,185,73,39.5,24,17,70.8,58,34,58.6
Green Bay Packers,2020,5,16,185,73,39.5,24,14,58.3,52,30,57.7
Los Angeles Rams,2020,6,16,209,74,35.4,21,9,42.9,46,27,58.7
Buffalo Bills,2020,7,16,191,76,39.8,19,11,57.9,58,38,65.5
New England Patriots,2020,8,16,186,76,40.9,16,9,56.3,49,32,65.3
Kansas City Chiefs,2020,9,16,188,77,41.0,20,13,65.0,47,36,76.6
New Orleans Saints,2020,10,16,207,79,38.2,30,16,53.3,50,34,68.0
Arizona Cardinals,2020,11,16,202,80,39.6,21,14,66.7,56,29,51.8
Atlanta Falcons,2020,12,16,195,80,41.0,23,10,43.5,56,36,64.3
Chicago Bears,2020,13,16,210,80,38.1,22,13,59.1,53,29,54.7
Philadelphia Eagles,2020,14,16,211,80,37.9,18,7,38.9,51,33,64.7
Washington Football Team,2020,15,16,216,81,37.5,24,9,37.5,43,23,53.5
Tampa Bay Buccaneers,2020,16,16,205,82,40.0,25,14,56.0,51,32,62.7
Pittsburgh Steelers,2020,17,16,222,83,37.4,20,5,25.0,45,25,55.6
Jacksonville Jaguars,2020,18,16,198,86,43.4,18,12,66.7,63,40,63.5
Indianapolis Colts,2020,19,16,203,86,42.4,14,6,42.9,52,32,61.5
Denver Broncos,2020,20,16,219,88,40.2,14,7,50.0,61,29,47.5
Los Angeles Chargers,2020,21,16,204,89,43.6,15,10,66.7,55,32,58.2
New York Jets,2020,22,16,202,90,44.6,12,5,41.7,60,36,60.0
Cleveland Browns,2020,23,16,205,90,43.9,27,22,81.5,61,37,60.7
New York Giants,2020,24,16,204,91,44.6,18,11,61.1,59,30,50.8
Cincinnati Bengals,2020,25,16,210,91,43.3,16,10,62.5,58,37,63.8
Detroit Lions,2020,26,16,193,91,47.2,18,11,61.1,65,47,72.3
Houston Texans,2020,27,16,202,96,47.5,21,11,52.4,63,40,63.5
Carolina Panthers,2020,28,16,199,98,49.2,10,6,60.0,57,36,63.2
Dallas Cowboys,2020,29,16,209,98,46.9,21,10,47.6,55,34,61.8
Las Vegas Raiders,2020,30,16,205,100,48.8,17,14,82.4,68,42,61.8
Seattle Seahawks,2020,31,16,223,105,47.1,23,10,43.5,56,35,62.5
Tennessee Titans,2020,32,16,214,111,51.9,26,15,57.7,65,45,69.2
Detroit Lions,2021,1,1,9,3,33.3,0,0,,2,2,100.0
Green Bay Packers,2021,2,1,10,5,50.0,2,2,100.0,4,4,100.0
Carolina Panthers,2021,3,2,24,6,25.0,4,1,25.0,2,2,100.0
Minnesota Vikings,2021,4,2,23,6,26.1,4,3,75.0,7,5,71.4
New York Jets,2021,5,2,26,7,26.9,1,0,0.0,7,2,28.6
Indianapolis Colts,2021,6,2,18,7,38.9,1,0,0.0,7,5,71.4
Arizona Cardinals,2021,7,2,24,7,29.2,3,1,33.3,5,4,80.0
Houston Texans,2021,8,2,20,7,35.0,1,1,100.0,4,3,75.0
Las Vegas Raiders,2021,9,2,24,8,33.3,3,1,33.3,3,3,100.0
Kansas City Chiefs,2021,10,2,18,8,44.4,5,4,80.0,8,8,100.0
Baltimore Ravens,2021,11,2,21,8,38.1,1,0,0.0,7,4,57.1
Los Angeles Chargers,2021,12,2,20,9,45.0,2,1,50.0,5,3,60.0
San Francisco 49ers,2021,13,2,27,9,33.3,6,2,33.3,5,4,80.0
New Orleans Saints,2021,14,2,25,9,36.0,3,2,66.7,5,2,40.0
New England Patriots,2021,15,2,24,9,37.5,3,1,33.3,4,2,50.0
Philadelphia Eagles,2021,16,2,28,9,32.1,4,2,50.0,4,2,50.0
Denver Broncos,2021,17,2,23,10,43.5,4,2,50.0,3,1,33.3
Dallas Cowboys,2021,18,2,23,10,43.5,1,1,100.0,9,4,44.4
Los Angeles Rams,2021,19,2,22,10,45.5,5,0,0.0,7,3,42.9
Atlanta Falcons,2021,20,2,25,10,40.0,4,1,25.0,8,7,87.5
Seattle Seahawks,2021,21,2,27,11,40.7,4,0,0.0,10,4,40.0
New York Giants,2021,22,2,28,11,39.3,5,5,100.0,9,5,55.6
Tennessee Titans,2021,23,2,25,11,44.0,0,0,,8,6,75.0
Buffalo Bills,2021,24,2,30,12,40.0,4,0,0.0,6,1,16.7
Cincinnati Bengals,2021,25,2,31,12,38.7,3,2,66.7,5,3,60.0
Chicago Bears,2021,26,2,23,12,52.2,2,1,50.0,5,3,60.0
Pittsburgh Steelers,2021,27,2,31,13,41.9,4,2,50.0,7,2,28.6
Jacksonville Jaguars,2021,28,2,32,14,43.8,2,2,100.0,10,6,60.0
Tampa Bay Buccaneers,2021,29,2,32,15,46.9,4,1,25.0,8,4,50.0
Cleveland Browns,2021,30,2,26,16,61.5,0,0,,7,5,71.4
Miami Dolphins,2021,31,2,29,18,62.1,1,1,100.0,8,5,62.5
Washington Football Team,2021,32,2,31,18,58.1,0,0,,9,3,33.3
