Tm,Year,opp_Rk,opp_G,opp_Ret,opp_Yds,opp_TD,opp_Y/R,opp_Rt,opp_Yds,opp_TD,opp_Y/Rt
Chicago Bears,2006,1,16,38,367,0,9.7,83,1730,0,20.8
Carolina Panthers,2006,2,16,61,390,1,6.4,59,1302,0,22.1
Baltimore Ravens,2006,3,16,44,404,0,9.2,75,1636,0,21.8
San Diego Chargers,2006,4,16,27,216,0,8.0,90,1960,0,21.8
Green Bay Packers,2006,5,16,55,503,1,9.1,60,1348,0,22.5
Washington Redskins,2006,6,16,45,319,0,7.1,67,1396,0,20.8
Cincinnati Bengals,2006,7,16,42,236,0,5.6,70,1472,0,21.0
Philadelphia Eagles,2006,8,16,41,380,1,9.3,71,1647,0,23.2
New Orleans Saints,2006,9,16,40,270,0,6.8,72,1598,0,22.2
Dallas Cowboys,2006,10,16,31,334,0,10.8,80,1571,1,19.6
Minnesota Vikings,2006,11,16,50,485,1,9.7,59,1369,1,23.2
Pittsburgh Steelers,2006,12,16,38,219,0,5.8,70,1570,1,22.4
Kansas City Chiefs,2006,13,16,32,254,0,7.9,71,1646,0,23.2
Indianapolis Colts,2006,14,16,25,327,1,13.1,78,2029,2,26.0
Arizona Cardinals,2006,15,16,44,547,1,12.4,58,1481,0,25.5
Detroit Lions,2006,16,16,38,267,1,7.0,63,1444,0,22.9
San Francisco 49ers,2006,17,16,35,462,1,13.2,65,1373,0,21.1
Seattle Seahawks,2006,18,16,39,343,0,8.8,61,1499,0,24.6
New York Giants,2006,19,16,33,191,0,5.8,65,1455,0,22.4
New England Patriots,2006,20,16,29,322,2,11.1,68,1547,0,22.8
New York Jets,2006,21,16,28,205,0,7.3,69,1462,0,21.2
Buffalo Bills,2006,22,16,36,265,0,7.4,60,1279,0,21.3
Tampa Bay Buccaneers,2006,23,16,50,487,1,9.7,46,846,0,18.4
St. Louis Rams,2006,24,16,27,247,1,9.1,69,1701,2,24.7
Denver Broncos,2006,25,16,39,268,0,6.9,55,1480,0,26.9
Tennessee Titans,2006,26,16,33,278,0,8.4,58,1263,0,21.8
Cleveland Browns,2006,27,16,43,312,0,7.3,48,1053,1,21.9
Miami Dolphins,2006,28,16,49,367,0,7.5,40,981,0,24.5
Jacksonville Jaguars,2006,29,16,29,343,2,11.8,60,1262,0,21.0
Houston Texans,2006,30,16,36,275,1,7.6,52,1215,1,23.4
Atlanta Falcons,2006,31,16,25,279,0,11.2,53,1093,0,20.6
Oakland Raiders,2006,32,16,34,437,0,12.9,42,1200,0,28.6
Dallas Cowboys,2007,1,16,35,406,1,11.6,86,1979,1,23.0
Carolina Panthers,2007,2,16,55,579,1,10.5,56,1333,0,23.8
Chicago Bears,2007,3,16,40,236,0,5.9,71,1370,1,19.3
Cleveland Browns,2007,4,16,34,308,1,9.1,76,1590,0,20.9
Cincinnati Bengals,2007,5,16,33,299,1,9.1,76,1732,0,22.8
Seattle Seahawks,2007,6,16,37,362,0,9.8,72,1790,0,24.9
Minnesota Vikings,2007,7,16,43,440,1,10.2,65,1441,0,22.2
New England Patriots,2007,8,16,14,75,0,5.4,92,2030,1,22.1
St. Louis Rams,2007,9,16,48,396,0,8.3,58,1578,2,27.2
Tampa Bay Buccaneers,2007,10,16,38,280,0,7.4,68,1328,1,19.5
Philadelphia Eagles,2007,11,16,36,409,1,11.4,69,1536,0,22.3
San Diego Chargers,2007,12,16,29,311,0,10.7,75,1566,0,20.9
Pittsburgh Steelers,2007,13,16,31,266,1,8.6,73,1647,1,22.6
Indianapolis Colts,2007,14,16,22,305,1,13.9,81,2029,3,25.0
Detroit Lions,2007,15,16,36,434,0,12.1,65,1750,2,26.9
Kansas City Chiefs,2007,16,16,50,387,1,7.7,51,1105,0,21.7
Baltimore Ravens,2007,17,16,38,375,0,9.9,61,1444,0,23.7
San Francisco 49ers,2007,18,16,53,402,1,7.6,45,982,1,21.8
Washington Redskins,2007,19,16,32,202,0,6.3,66,1289,1,19.5
Arizona Cardinals,2007,20,16,38,496,1,13.1,60,1389,0,23.2
New York Giants,2007,21,16,28,173,0,6.2,69,1596,1,23.1
Green Bay Packers,2007,22,16,19,113,0,5.9,77,1610,0,20.9
Jacksonville Jaguars,2007,23,16,28,218,0,7.8,67,1323,2,19.7
Denver Broncos,2007,24,16,31,334,2,10.8,62,1424,1,23.0
Buffalo Bills,2007,25,16,37,196,0,5.3,56,1150,1,20.5
New Orleans Saints,2007,26,16,35,335,1,9.6,56,1256,1,22.4
Atlanta Falcons,2007,27,16,41,307,0,7.5,50,1148,1,23.0
Tennessee Titans,2007,28,16,31,274,1,8.8,58,1404,0,24.2
Miami Dolphins,2007,29,16,39,387,0,9.9,50,1292,2,25.8
Houston Texans,2007,30,16,19,151,0,7.9,69,1593,0,23.1
New York Jets,2007,31,16,32,268,0,8.4,51,1270,1,24.9
Oakland Raiders,2007,32,16,40,389,2,9.7,43,963,1,22.4
Minnesota Vikings,2008,1,16,42,624,4,14.9,78,1830,0,23.5
Philadelphia Eagles,2008,2,16,41,296,0,7.2,75,1698,1,22.6
Baltimore Ravens,2008,3,16,38,245,0,6.4,76,1720,2,22.6
St. Louis Rams,2008,4,16,57,590,0,10.4,56,1469,0,26.2
Tampa Bay Buccaneers,2008,5,16,39,392,0,10.1,74,1542,0,20.8
Pittsburgh Steelers,2008,6,16,40,247,0,6.2,71,1357,0,19.1
New Orleans Saints,2008,7,16,34,363,0,10.7,76,1827,1,24.0
San Diego Chargers,2008,8,16,23,146,0,6.3,86,1943,1,22.6
New York Giants,2008,9,16,24,140,0,5.8,85,1912,0,22.5
Dallas Cowboys,2008,10,16,37,390,0,10.5,71,1510,1,21.3
Detroit Lions,2008,11,16,51,414,2,8.1,57,1332,0,23.4
Green Bay Packers,2008,12,16,33,249,0,7.5,72,1687,0,23.4
Miami Dolphins,2008,13,16,37,485,2,13.1,68,1655,0,24.3
San Francisco 49ers,2008,14,16,39,364,0,9.3,65,1515,0,23.3
Chicago Bears,2008,15,16,36,203,0,5.6,68,1656,0,24.4
New York Jets,2008,16,16,29,288,0,9.9,73,1568,0,21.5
Carolina Panthers,2008,17,16,41,276,1,6.7,59,1292,0,21.9
Arizona Cardinals,2008,18,16,29,381,1,13.1,69,1724,1,25.0
Indianapolis Colts,2008,19,16,27,249,0,9.2,70,1700,0,24.3
Kansas City Chiefs,2008,20,16,33,307,0,9.3,62,1465,1,23.6
Cincinnati Bengals,2008,21,16,48,436,1,9.1,47,1059,0,22.5
Houston Texans,2008,22,16,21,235,1,11.2,73,1630,0,22.3
Tennessee Titans,2008,23,16,32,290,0,9.1,61,1524,0,25.0
Denver Broncos,2008,24,16,28,330,1,11.8,63,1554,1,24.7
Seattle Seahawks,2008,25,16,44,444,1,10.1,47,1205,0,25.6
Atlanta Falcons,2008,26,16,20,49,0,2.5,71,1536,0,21.6
Washington Redskins,2008,27,16,33,385,2,11.7,55,1103,0,20.1
Oakland Raiders,2008,28,16,43,425,0,9.9,44,1074,1,24.4
New England Patriots,2008,29,16,11,158,0,14.4,75,1672,2,22.3
Cleveland Browns,2008,30,16,32,235,0,7.3,53,1228,1,23.2
Jacksonville Jaguars,2008,31,16,31,269,0,8.7,51,1015,0,19.9
Buffalo Bills,2008,32,16,18,187,0,10.4,63,1247,0,19.8
Minnesota Vikings,2009,1,16,33,260,1,7.9,91,2060,0,22.6
San Francisco 49ers,2009,2,16,57,495,0,8.7,65,1415,1,21.8
Philadelphia Eagles,2009,3,16,39,229,0,5.9,81,1907,0,23.5
Green Bay Packers,2009,4,16,40,403,0,10.1,80,1824,0,22.8
Baltimore Ravens,2009,5,16,38,287,1,7.6,77,1565,0,20.3
Miami Dolphins,2009,6,16,43,369,0,8.6,71,1557,0,21.9
San Diego Chargers,2009,7,16,23,265,1,11.5,87,1909,1,21.9
Buffalo Bills,2009,8,16,49,377,0,7.7,59,1271,0,21.5
Arizona Cardinals,2009,9,16,47,493,0,10.5,61,1248,0,20.5
Pittsburgh Steelers,2009,10,16,33,325,0,9.8,74,1795,4,24.3
Oakland Raiders,2009,11,16,63,459,0,7.3,42,1078,1,25.7
New York Giants,2009,12,16,28,258,1,9.2,77,1619,0,21.0
Tennessee Titans,2009,13,16,29,208,0,7.2,71,1714,1,24.1
Kansas City Chiefs,2009,14,16,40,285,0,7.1,60,1446,2,24.1
Detroit Lions,2009,15,16,41,354,0,8.6,58,1353,1,23.3
New Orleans Saints,2009,16,16,25,358,1,14.3,74,1813,0,24.5
Chicago Bears,2009,17,16,34,272,0,8.0,64,1552,0,24.3
New York Jets,2009,18,16,27,238,0,8.8,70,1685,2,24.1
Cincinnati Bengals,2009,19,16,39,393,0,10.1,58,1289,0,22.2
Indianapolis Colts,2009,20,16,36,301,0,8.4,60,1519,1,25.3
Houston Texans,2009,21,16,24,104,0,4.3,71,1597,0,22.5
Cleveland Browns,2009,22,16,40,262,0,6.6,52,984,0,18.9
Carolina Panthers,2009,23,16,41,452,1,11.0,51,1267,1,24.8
New England Patriots,2009,24,16,20,180,0,9.0,70,1705,0,24.4
Seattle Seahawks,2009,25,16,43,479,1,11.1,46,1059,0,23.0
Washington Redskins,2009,26,16,32,220,0,6.9,56,1104,0,19.7
Jacksonville Jaguars,2009,27,16,38,159,0,4.2,47,1069,1,22.7
Denver Broncos,2009,28,16,36,363,1,10.1,49,1115,1,22.8
Dallas Cowboys,2009,29,16,38,314,1,8.3,47,967,0,20.6
St. Louis Rams,2009,30,16,41,260,0,6.3,43,1032,1,24.0
Tampa Bay Buccaneers,2009,31,16,38,311,0,8.2,46,878,0,19.1
Atlanta Falcons,2009,32,16,27,289,1,10.7,46,945,0,20.5
Detroit Lions,2010,1,16,54,633,1,11.7,72,1487,1,20.7
San Francisco 49ers,2010,2,16,54,483,0,8.9,67,1485,1,22.2
New York Giants,2010,3,16,36,535,2,14.9,77,1515,0,19.7
San Diego Chargers,2010,4,16,28,528,1,18.9,84,1880,3,22.4
St. Louis Rams,2010,5,16,45,435,1,9.7,65,1538,1,23.7
Pittsburgh Steelers,2010,6,16,32,294,0,9.2,77,1540,1,20.0
Kansas City Chiefs,2010,7,16,42,361,0,8.6,66,1336,1,20.2
Tampa Bay Buccaneers,2010,8,16,32,232,0,7.3,75,1554,1,20.7
Oakland Raiders,2010,9,16,46,400,0,8.7,61,1412,1,23.1
Green Bay Packers,2010,10,16,31,341,1,11.0,76,1658,0,21.8
Washington Redskins,2010,11,16,45,568,1,12.6,61,1160,0,19.0
New England Patriots,2010,12,16,25,179,0,7.2,81,1826,1,22.5
Philadelphia Eagles,2010,13,16,34,309,0,9.1,69,1502,0,21.8
Houston Texans,2010,14,16,29,233,0,8.0,72,1741,1,24.2
Denver Broncos,2010,15,16,50,550,0,11.0,51,1259,1,24.7
Indianapolis Colts,2010,16,16,28,299,1,10.7,73,1880,1,25.8
New York Jets,2010,17,16,27,299,0,11.1,73,1428,0,19.6
Carolina Panthers,2010,18,16,54,488,1,9.0,45,1064,0,23.6
Chicago Bears,2010,19,16,39,303,1,7.8,59,1404,0,23.8
Miami Dolphins,2010,20,16,43,454,1,10.6,53,1303,2,24.6
Cleveland Browns,2010,21,16,40,285,0,7.1,54,959,0,17.8
Minnesota Vikings,2010,22,16,32,241,1,7.5,61,1455,1,23.9
New Orleans Saints,2010,23,16,26,310,0,11.9,66,1592,0,24.1
Atlanta Falcons,2010,24,16,28,241,0,8.6,64,1362,1,21.3
Tennessee Titans,2010,25,16,35,214,0,6.1,56,1389,1,24.8
Cincinnati Bengals,2010,26,16,26,124,0,4.8,64,1504,2,23.5
Dallas Cowboys,2010,27,16,33,205,0,6.2,56,1363,1,24.3
Buffalo Bills,2010,28,16,32,299,0,9.3,57,1238,0,21.7
Arizona Cardinals,2010,29,16,35,458,0,13.1,51,1234,0,24.2
Seattle Seahawks,2010,30,16,35,327,1,9.3,50,1099,0,22.0
Jacksonville Jaguars,2010,31,16,19,123,0,6.5,59,1266,1,21.5
Baltimore Ravens,2010,32,16,34,275,0,8.1,38,987,0,26.0
Arizona Cardinals,2011,1,16,50,610,1,12.2,52,1300,0,25.0
Minnesota Vikings,2011,2,16,43,532,1,12.4,57,1403,1,24.6
Buffalo Bills,2011,3,16,43,494,0,11.5,56,1144,0,20.4
Seattle Seahawks,2011,4,16,47,541,2,11.5,48,1249,1,26.0
New York Jets,2011,5,16,32,241,0,7.5,61,1291,0,21.2
Oakland Raiders,2011,6,16,44,593,2,13.5,47,1210,1,25.7
Atlanta Falcons,2011,7,16,31,150,0,4.8,60,1487,0,24.8
Miami Dolphins,2011,8,16,46,442,0,9.6,41,937,0,22.9
New York Giants,2011,9,16,41,407,0,9.9,46,1053,0,22.9
New England Patriots,2011,10,16,26,220,0,8.5,60,1294,0,21.6
Detroit Lions,2011,11,16,36,484,1,13.4,49,1255,1,25.6
San Francisco 49ers,2011,12,16,39,315,0,8.1,46,1061,0,23.1
Green Bay Packers,2011,13,16,24,305,1,12.7,59,1378,0,23.4
Dallas Cowboys,2011,14,16,30,278,0,9.3,52,1114,0,21.4
San Diego Chargers,2011,15,16,25,329,0,13.2,57,1451,1,25.5
Cincinnati Bengals,2011,16,16,38,273,1,7.2,44,916,0,20.8
Philadelphia Eagles,2011,17,16,31,176,0,5.7,51,1178,0,23.1
St. Louis Rams,2011,18,16,45,552,2,12.3,36,902,0,25.1
Houston Texans,2011,19,16,32,307,0,9.6,46,1030,0,22.4
Chicago Bears,2011,20,16,41,223,0,5.4,35,855,0,24.4
Jacksonville Jaguars,2011,21,16,48,333,0,6.9,26,632,0,24.3
Cleveland Browns,2011,22,16,26,303,1,11.7,46,1055,1,22.9
Pittsburgh Steelers,2011,23,16,29,245,0,8.4,43,1018,0,23.7
Denver Broncos,2011,24,16,51,585,1,11.5,20,491,0,24.6
Washington Redskins,2011,25,16,34,255,0,7.5,36,749,0,20.8
Baltimore Ravens,2011,26,16,33,392,2,11.9,36,1050,1,29.2
Indianapolis Colts,2011,27,16,48,554,1,11.5,19,584,0,30.7
Tennessee Titans,2011,28,16,36,221,0,6.1,30,680,0,22.7
Carolina Panthers,2011,29,16,35,466,3,13.3,30,811,0,27.0
Kansas City Chiefs,2011,30,16,36,411,1,11.4,25,605,0,24.2
Tampa Bay Buccaneers,2011,31,16,36,266,0,7.4,25,570,1,22.8
New Orleans Saints,2011,32,16,19,118,0,6.2,36,927,1,25.8
Houston Texans,2012,1,16,48,483,1,10.1,62,1595,2,25.7
New York Giants,2012,2,16,38,353,0,9.3,70,1662,0,23.7
Washington Redskins,2012,3,16,39,320,0,8.2,55,1264,0,23.0
Cincinnati Bengals,2012,4,16,27,210,0,7.8,60,1468,1,24.5
Buffalo Bills,2012,5,16,35,517,2,14.8,51,1144,1,22.4
Baltimore Ravens,2012,6,16,49,383,0,7.8,37,859,0,23.2
New York Jets,2012,7,16,31,375,1,12.1,54,1184,1,21.9
Detroit Lions,2012,8,16,33,328,2,9.9,52,1213,2,23.3
San Diego Chargers,2012,9,16,40,362,0,9.1,45,1017,0,22.6
San Francisco 49ers,2012,10,16,36,249,1,6.9,48,1289,0,26.9
New England Patriots,2012,11,16,23,154,0,6.7,60,1229,0,20.5
Philadelphia Eagles,2012,12,16,40,542,1,13.6,41,1012,0,24.7
Arizona Cardinals,2012,13,16,48,415,0,8.6,32,846,0,26.4
Jacksonville Jaguars,2012,14,16,40,495,2,12.4,39,1009,0,25.9
Seattle Seahawks,2012,15,16,29,252,0,8.7,50,1147,0,22.9
Dallas Cowboys,2012,16,16,29,279,1,9.6,50,1102,1,22.0
Miami Dolphins,2012,17,16,43,484,1,11.3,35,868,1,24.8
Cleveland Browns,2012,18,16,34,343,1,10.1,43,853,0,19.8
Carolina Panthers,2012,19,16,37,318,1,8.6,39,739,0,18.9
Pittsburgh Steelers,2012,20,16,30,306,1,10.2,46,1103,0,24.0
Green Bay Packers,2012,21,16,24,179,0,7.5,51,1193,0,23.4
Oakland Raiders,2012,22,16,45,450,0,10.0,30,868,2,28.9
Atlanta Falcons,2012,23,16,26,241,0,9.3,48,1065,0,22.2
Minnesota Vikings,2012,24,16,41,341,0,8.3,33,795,0,24.1
New Orleans Saints,2012,25,16,31,391,0,12.6,42,1049,1,25.0
Tennessee Titans,2012,26,16,39,405,0,10.4,33,860,1,26.1
St. Louis Rams,2012,27,16,41,402,0,9.8,30,730,0,24.3
Denver Broncos,2012,28,16,33,197,0,6.0,34,751,0,22.1
Tampa Bay Buccaneers,2012,29,16,40,440,0,11.0,27,680,0,25.2
Indianapolis Colts,2012,30,16,32,375,1,11.7,34,841,0,24.7
Chicago Bears,2012,31,16,25,84,0,3.4,37,767,0,20.7
Kansas City Chiefs,2012,32,16,27,362,2,13.4,27,690,0,25.6
Buffalo Bills,2013,1,16,45,477,1,10.6,48,1122,0,23.4
San Francisco 49ers,2013,2,16,38,330,0,8.7,54,1104,1,20.4
San Diego Chargers,2013,3,16,19,158,0,8.3,73,1797,0,24.6
Pittsburgh Steelers,2013,4,16,35,313,0,8.9,55,1233,0,22.4
Arizona Cardinals,2013,5,16,36,321,0,8.9,54,1298,0,24.0
Washington Redskins,2013,6,16,39,655,3,16.8,47,1048,1,22.3
New York Jets,2013,7,16,43,488,0,11.3,42,938,0,22.3
Baltimore Ravens,2013,8,16,46,419,0,9.1,38,873,0,23.0
Houston Texans,2013,9,16,43,530,1,12.3,39,1004,0,25.7
Green Bay Packers,2013,10,16,20,261,0,13.1,61,1583,1,26.0
New York Giants,2013,11,16,48,655,3,13.6,33,721,0,21.8
Kansas City Chiefs,2013,12,16,38,246,0,6.5,43,1048,0,24.4
Philadelphia Eagles,2013,13,16,28,223,1,8.0,52,1229,2,23.6
Tennessee Titans,2013,14,16,35,210,0,6.0,45,1099,0,24.4
Cincinnati Bengals,2013,15,16,27,254,1,9.4,52,1219,0,23.4
Miami Dolphins,2013,16,16,42,407,0,9.7,36,826,0,22.9
Minnesota Vikings,2013,17,16,36,318,1,8.8,41,1113,1,27.1
Dallas Cowboys,2013,18,16,37,339,0,9.2,38,791,0,20.8
Oakland Raiders,2013,19,16,42,438,1,10.4,30,613,1,20.4
Jacksonville Jaguars,2013,20,16,47,330,0,7.0,25,509,0,20.4
Indianapolis Colts,2013,21,16,29,396,1,13.7,43,1085,0,25.2
Detroit Lions,2013,22,16,32,250,0,7.8,35,924,0,26.4
Cleveland Browns,2013,23,16,38,357,0,9.4,27,612,0,22.7
Seattle Seahawks,2013,24,16,21,82,0,3.9,44,1056,0,24.0
Chicago Bears,2013,25,16,15,111,0,7.4,47,883,1,18.8
New England Patriots,2013,26,16,29,221,0,7.6,32,664,0,20.8
Denver Broncos,2013,27,16,28,274,0,9.8,32,936,1,29.3
Tampa Bay Buccaneers,2013,28,16,35,393,0,11.2,24,452,0,18.8
New Orleans Saints,2013,29,16,24,180,0,7.5,33,830,0,25.2
Atlanta Falcons,2013,30,16,33,251,0,7.6,23,571,0,24.8
St. Louis Rams,2013,31,16,30,79,0,2.6,25,544,0,21.8
Carolina Panthers,2013,32,16,36,335,0,9.3,18,407,0,22.6
San Diego Chargers,2014,1,16,35,366,0,10.5,67,1488,0,22.2
Washington Redskins,2014,2,16,42,397,1,9.5,43,1111,1,25.8
Kansas City Chiefs,2014,3,16,29,190,0,6.6,54,1293,0,23.9
Miami Dolphins,2014,4,16,36,349,0,9.7,46,1237,1,26.9
Pittsburgh Steelers,2014,5,16,27,220,0,8.1,54,1249,1,23.1
Philadelphia Eagles,2014,6,16,29,238,1,8.2,52,1183,0,22.8
Green Bay Packers,2014,7,16,22,191,1,8.7,58,1421,1,24.5
Houston Texans,2014,8,16,32,396,0,12.4,45,1169,0,26.0
San Francisco 49ers,2014,9,16,36,336,1,9.3,40,907,0,22.7
New York Jets,2014,10,16,25,250,0,10.0,51,1110,0,21.8
Cincinnati Bengals,2014,11,16,30,226,1,7.5,44,1123,0,25.5
Tennessee Titans,2014,12,16,43,350,0,8.1,31,855,1,27.6
New England Patriots,2014,13,16,29,267,0,9.2,45,955,0,21.2
Jacksonville Jaguars,2014,14,16,52,464,0,8.9,22,516,0,23.5
Cleveland Browns,2014,15,16,42,295,0,7.0,31,695,0,22.4
Buffalo Bills,2014,16,16,38,246,0,6.5,32,639,0,20.0
New York Giants,2014,17,16,37,391,1,10.6,32,587,0,18.3
Arizona Cardinals,2014,18,16,32,284,0,8.9,37,967,0,26.1
Tampa Bay Buccaneers,2014,19,16,32,185,1,5.8,37,868,0,23.5
Denver Broncos,2014,20,16,33,371,1,11.2,35,905,0,25.9
Dallas Cowboys,2014,21,16,25,240,0,9.6,43,921,0,21.4
Oakland Raiders,2014,22,16,47,513,1,10.9,21,683,0,32.5
Chicago Bears,2014,23,16,33,335,1,10.2,35,614,0,17.5
Minnesota Vikings,2014,24,16,39,255,0,6.5,28,579,0,20.7
New Orleans Saints,2014,25,16,24,99,0,4.1,39,1029,0,26.4
St. Louis Rams,2014,26,16,28,192,0,6.9,35,849,1,24.3
Atlanta Falcons,2014,27,16,26,250,0,9.6,36,820,0,22.8
Indianapolis Colts,2014,28,16,35,205,0,5.9,26,587,0,22.6
Seattle Seahawks,2014,29,16,17,195,1,11.5,43,1035,0,24.1
Detroit Lions,2014,30,16,30,311,1,10.4,20,544,0,27.2
Baltimore Ravens,2014,31,16,23,166,0,7.2,26,601,0,23.1
Carolina Panthers,2014,32,16,28,435,1,15.5,18,584,0,32.4
Houston Texans,2015,1,16,60,612,0,10.2,40,977,0,24.4
New York Jets,2015,2,16,37,470,2,12.7,49,1168,0,23.8
New York Giants,2015,3,16,30,300,0,10.0,54,1095,1,20.3
Buffalo Bills,2015,4,16,40,353,0,8.8,40,688,0,17.2
Cleveland Browns,2015,5,16,37,381,1,10.3,42,894,0,21.3
Cincinnati Bengals,2015,6,16,32,203,0,6.3,46,1041,0,22.6
Green Bay Packers,2015,7,16,41,174,0,4.2,37,988,0,26.7
San Diego Chargers,2015,8,16,44,432,0,9.8,32,880,0,27.5
Philadelphia Eagles,2015,9,16,42,215,0,5.1,34,705,0,20.7
Detroit Lions,2015,10,16,43,263,0,6.1,33,814,0,24.7
Arizona Cardinals,2015,11,16,25,295,0,11.8,49,1191,0,24.3
Pittsburgh Steelers,2015,12,16,19,165,0,8.7,54,1201,0,22.2
Miami Dolphins,2015,13,16,50,526,0,10.5,23,508,0,22.1
Kansas City Chiefs,2015,14,16,26,170,0,6.5,46,1137,0,24.7
Seattle Seahawks,2015,15,16,29,382,1,13.2,42,1073,1,25.5
Carolina Panthers,2015,16,16,37,288,1,7.8,34,905,1,26.6
Tennessee Titans,2015,17,16,47,605,1,12.9,22,599,0,27.2
Minnesota Vikings,2015,18,16,29,152,0,5.2,40,1043,0,26.1
Chicago Bears,2015,19,16,30,229,1,7.6,39,983,2,25.2
New England Patriots,2015,20,16,39,347,1,8.9,29,533,0,18.4
Jacksonville Jaguars,2015,21,16,45,462,0,10.3,23,553,0,24.0
St. Louis Rams,2015,22,16,40,289,1,7.2,27,605,0,22.4
San Francisco 49ers,2015,23,16,44,283,0,6.4,23,591,0,25.7
Oakland Raiders,2015,24,16,30,201,0,6.7,35,795,1,22.7
New Orleans Saints,2015,25,16,26,215,0,8.3,37,981,0,26.5
Tampa Bay Buccaneers,2015,26,16,27,140,0,5.2,35,882,0,25.2
Denver Broncos,2015,27,16,36,247,0,6.9,25,508,0,20.3
Washington Redskins,2015,28,16,30,258,1,8.6,29,582,0,20.1
Atlanta Falcons,2015,29,16,28,272,0,9.7,22,599,0,27.2
Dallas Cowboys,2015,30,16,24,162,0,6.8,23,549,1,23.9
Baltimore Ravens,2015,31,16,35,176,0,5.0,9,229,0,25.4
Indianapolis Colts,2015,32,16,36,386,3,10.7,8,156,0,19.5
Houston Texans,2016,1,16,48,477,1,9.9,48,1135,1,23.6
Buffalo Bills,2016,2,16,39,262,0,6.7,46,999,0,21.7
San Francisco 49ers,2016,3,16,40,345,0,8.6,45,869,0,19.3
Oakland Raiders,2016,4,16,33,405,1,12.3,45,896,0,19.9
Cincinnati Bengals,2016,5,16,38,369,0,9.7,40,891,0,22.3
Cleveland Browns,2016,6,16,45,376,0,8.4,24,510,0,21.3
New York Giants,2016,7,16,37,302,0,8.2,32,730,0,22.8
New Orleans Saints,2016,8,16,29,237,0,8.2,40,898,0,22.5
Miami Dolphins,2016,9,16,37,300,0,8.1,31,632,0,20.4
New England Patriots,2016,10,16,27,134,0,5.0,40,771,0,19.3
Denver Broncos,2016,11,16,40,271,0,6.8,26,526,1,20.2
Kansas City Chiefs,2016,12,16,30,157,0,5.2,35,843,0,24.1
Minnesota Vikings,2016,13,16,26,209,0,8.0,38,980,1,25.8
New York Jets,2016,14,16,35,319,0,9.1,29,665,1,22.9
Carolina Panthers,2016,15,16,40,383,1,9.6,23,417,0,18.1
Atlanta Falcons,2016,16,16,23,221,0,9.6,40,905,0,22.6
Philadelphia Eagles,2016,17,16,25,202,1,8.1,38,712,0,18.7
Arizona Cardinals,2016,18,16,33,310,0,9.4,29,671,1,23.1
Seattle Seahawks,2016,19,16,28,236,0,8.4,32,654,0,20.4
Baltimore Ravens,2016,20,16,33,375,1,11.4,27,559,0,20.7
Detroit Lions,2016,21,16,35,210,0,6.0,23,494,0,21.5
Chicago Bears,2016,22,16,22,282,1,12.8,36,777,0,21.6
Green Bay Packers,2016,23,16,16,151,0,9.4,41,1080,1,26.3
Los Angeles Rams,2016,24,16,35,152,0,4.3,22,430,0,19.5
Pittsburgh Steelers,2016,25,16,28,269,0,9.6,29,717,0,24.7
Tennessee Titans,2016,26,16,36,347,2,9.6,21,462,0,22.0
Indianapolis Colts,2016,27,16,17,139,0,8.2,39,825,0,21.2
Dallas Cowboys,2016,28,16,22,192,0,8.7,33,746,0,22.6
San Diego Chargers,2016,29,16,33,282,1,8.5,21,504,0,24.0
Washington Redskins,2016,30,16,27,222,0,8.2,25,534,1,21.4
Tampa Bay Buccaneers,2016,31,16,24,128,0,5.3,25,583,0,23.3
Jacksonville Jaguars,2016,32,16,31,389,1,12.5,13,273,0,21.0
Los Angeles Chargers,2017,1,16,48,319,0,6.6,46,1150,0,25.0
Arizona Cardinals,2017,2,16,48,506,0,10.5,40,880,1,22.0
Seattle Seahawks,2017,3,16,45,452,0,10.0,39,790,0,20.3
Chicago Bears,2017,4,16,49,512,1,10.4,32,699,1,21.8
New England Patriots,2017,5,16,23,105,0,4.6,58,1095,0,18.9
Cincinnati Bengals,2017,6,16,43,410,1,9.5,35,811,0,23.2
Houston Texans,2017,7,16,49,604,1,12.3,27,547,0,20.3
New York Giants,2017,8,16,43,448,1,10.4,32,656,0,20.5
Tampa Bay Buccaneers,2017,9,16,27,153,0,5.7,47,1160,2,24.7
Philadelphia Eagles,2017,10,16,25,171,0,6.8,47,1015,0,21.6
Tennessee Titans,2017,11,16,40,286,0,7.2,32,750,0,23.4
New York Jets,2017,12,16,49,491,1,10.0,23,459,0,20.0
Jacksonville Jaguars,2017,13,16,30,228,0,7.6,40,817,1,20.4
Buffalo Bills,2017,14,16,38,210,0,5.5,31,681,0,22.0
Minnesota Vikings,2017,15,16,24,213,1,8.9,45,1023,0,22.7
Miami Dolphins,2017,16,16,35,220,0,6.3,34,665,0,19.6
Detroit Lions,2017,17,16,26,198,0,7.6,43,878,0,20.4
Baltimore Ravens,2017,18,16,34,277,0,8.1,33,615,0,18.6
Pittsburgh Steelers,2017,19,16,23,177,0,7.7,43,906,0,21.1
Cleveland Browns,2017,20,16,45,482,0,10.7,20,471,1,23.6
Washington Redskins,2017,21,16,39,435,1,11.2,24,448,0,18.7
Green Bay Packers,2017,22,16,29,164,0,5.7,30,665,0,22.2
New Orleans Saints,2017,23,16,24,249,1,10.4,32,788,0,24.6
Atlanta Falcons,2017,24,16,22,179,0,8.1,33,863,0,26.2
Dallas Cowboys,2017,25,16,18,75,0,4.2,35,759,0,21.7
Denver Broncos,2017,26,16,30,258,1,8.6,22,497,1,22.6
Kansas City Chiefs,2017,27,16,24,164,0,6.8,25,486,0,19.4
Los Angeles Rams,2017,28,16,25,152,0,6.1,23,520,0,22.6
San Francisco 49ers,2017,29,16,33,138,1,4.2,15,302,0,20.1
Oakland Raiders,2017,30,16,32,205,0,6.4,15,298,0,19.9
Indianapolis Colts,2017,31,16,19,80,0,4.2,23,441,0,19.2
Carolina Panthers,2017,32,16,30,176,0,5.9,12,254,0,21.2
Los Angeles Chargers,2018,1,16,28,257,1,9.2,61,1322,0,21.7
Seattle Seahawks,2018,2,16,36,304,0,8.4,37,919,1,24.8
Arizona Cardinals,2018,3,16,44,420,0,9.5,27,583,0,21.6
Buffalo Bills,2018,4,16,34,297,0,8.7,34,754,0,22.2
Oakland Raiders,2018,5,16,28,241,1,8.6,39,922,0,23.6
New England Patriots,2018,6,16,25,255,0,10.2,42,1034,0,24.6
Detroit Lions,2018,7,16,29,332,1,11.4,37,837,0,22.6
New York Jets,2018,8,16,42,318,0,7.6,23,539,0,23.4
Houston Texans,2018,9,16,32,240,0,7.5,33,682,0,20.7
Baltimore Ravens,2018,10,16,31,315,0,10.2,32,745,0,23.3
Denver Broncos,2018,11,16,35,368,1,10.5,28,581,0,20.8
Atlanta Falcons,2018,12,16,27,184,0,6.8,36,818,0,22.7
Minnesota Vikings,2018,13,16,31,188,0,6.1,31,722,0,23.3
Tampa Bay Buccaneers,2018,14,16,27,231,0,8.6,34,714,0,21.0
Cincinnati Bengals,2018,15,16,30,220,1,7.3,31,705,0,22.7
Cleveland Browns,2018,16,16,37,397,0,10.7,24,574,0,23.9
Green Bay Packers,2018,17,16,20,206,0,10.3,40,1022,1,25.6
Jacksonville Jaguars,2018,18,16,37,184,0,5.0,21,374,0,17.8
Tennessee Titans,2018,19,16,33,296,0,9.0,25,696,1,27.8
Dallas Cowboys,2018,20,16,30,254,0,8.5,25,662,0,26.5
New York Giants,2018,21,16,27,177,0,6.6,28,570,0,20.4
Philadelphia Eagles,2018,22,16,31,194,0,6.3,24,540,0,22.5
Kansas City Chiefs,2018,23,16,17,97,0,5.7,36,809,0,22.5
Pittsburgh Steelers,2018,24,16,17,245,1,14.4,35,727,0,20.8
San Francisco 49ers,2018,25,16,25,195,0,7.8,27,662,0,24.5
New Orleans Saints,2018,26,16,12,60,0,5.0,39,885,0,22.7
Miami Dolphins,2018,27,16,37,384,0,10.4,13,339,1,26.1
Indianapolis Colts,2018,28,16,21,93,0,4.4,27,595,0,22.0
Washington Redskins,2018,29,16,31,303,1,9.8,13,295,0,22.7
Chicago Bears,2018,30,16,20,150,0,7.5,22,548,1,24.9
Los Angeles Rams,2018,31,16,12,104,0,8.7,29,652,0,22.5
Carolina Panthers,2018,32,16,22,181,0,8.2,17,406,0,23.9
Detroit Lions,2019,1,16,29,130,0,4.5,52,1284,1,24.7
New York Jets,2019,2,16,44,309,0,7.0,33,636,0,19.3
Pittsburgh Steelers,2019,3,16,29,265,0,9.1,44,946,0,21.5
San Francisco 49ers,2019,4,16,23,131,0,5.7,48,1046,0,21.8
Arizona Cardinals,2019,5,16,35,284,1,8.1,36,743,0,20.6
Los Angeles Chargers,2019,6,16,33,252,0,7.6,36,883,1,24.5
Tennessee Titans,2019,7,16,30,269,0,9.0,37,877,0,23.7
Cleveland Browns,2019,8,16,20,151,0,7.6,46,937,0,20.4
Houston Texans,2019,9,16,24,82,0,3.4,39,725,0,18.6
Oakland Raiders,2019,10,16,30,318,0,10.6,33,690,0,20.9
Baltimore Ravens,2019,11,16,15,143,0,9.5,48,1030,1,21.5
Chicago Bears,2019,12,16,35,247,0,7.1,27,675,0,25.0
Philadelphia Eagles,2019,13,16,32,207,0,6.5,27,643,1,23.8
Seattle Seahawks,2019,14,16,34,213,1,6.3,24,532,0,22.2
New England Patriots,2019,15,16,28,175,0,6.3,29,607,0,20.9
Jacksonville Jaguars,2019,16,16,24,127,0,5.3,32,690,0,21.6
Kansas City Chiefs,2019,17,16,19,89,0,4.7,37,725,0,19.6
Washington Redskins,2019,18,16,39,354,0,9.1,17,439,0,25.8
Green Bay Packers,2019,19,16,26,233,0,9.0,29,702,0,24.2
Dallas Cowboys,2019,20,16,18,154,0,8.6,35,815,0,23.3
Atlanta Falcons,2019,21,16,19,133,0,7.0,31,690,0,22.3
Miami Dolphins,2019,22,16,29,229,0,7.9,20,540,1,27.0
Denver Broncos,2019,23,16,32,314,2,9.8,17,456,0,26.8
Buffalo Bills,2019,24,16,18,157,0,8.7,30,691,1,23.0
Indianapolis Colts,2019,25,16,28,166,0,5.9,19,470,0,24.7
New Orleans Saints,2019,26,16,24,166,0,6.9,21,566,1,27.0
Carolina Panthers,2019,27,16,40,487,3,12.2,5,102,0,20.4
New York Giants,2019,28,16,24,136,0,5.7,20,361,0,18.1
Minnesota Vikings,2019,29,16,23,158,0,6.9,21,527,0,25.1
Cincinnati Bengals,2019,30,16,24,136,0,5.7,19,401,0,21.1
Los Angeles Rams,2019,31,16,23,190,0,8.3,17,467,0,27.5
Tampa Bay Buccaneers,2019,32,16,25,222,0,8.9,9,207,0,23.0
Indianapolis Colts,2020,1,16,23,177,0,7.7,51,1087,1,21.3
Pittsburgh Steelers,2020,2,16,32,320,0,10.0,41,908,0,22.1
Los Angeles Chargers,2020,3,16,37,564,1,15.2,34,913,0,26.9
Detroit Lions,2020,4,16,21,116,0,5.5,49,1049,0,21.4
Atlanta Falcons,2020,5,16,26,142,0,5.5,43,1010,0,23.5
Philadelphia Eagles,2020,6,16,43,274,0,6.4,26,581,0,22.3
Arizona Cardinals,2020,7,16,22,201,0,9.1,46,895,0,19.5
Seattle Seahawks,2020,8,16,28,199,0,7.1,38,815,0,21.4
Chicago Bears,2020,9,16,25,294,0,11.8,41,836,0,20.4
New York Giants,2020,10,16,25,232,0,9.3,41,910,1,22.2
New York Jets,2020,11,16,38,446,0,11.7,27,670,0,24.8
Cleveland Browns,2020,12,16,25,229,0,9.2,38,998,1,26.3
Green Bay Packers,2020,13,16,17,291,2,17.1,45,1088,0,24.2
Minnesota Vikings,2020,14,16,33,321,0,9.7,27,670,1,24.8
Tennessee Titans,2020,15,16,20,171,0,8.6,37,823,0,22.2
San Francisco 49ers,2020,16,16,23,183,0,8.0,32,795,1,24.8
Houston Texans,2020,17,16,19,128,0,6.7,34,705,0,20.7
Jacksonville Jaguars,2020,18,16,26,196,0,7.5,25,469,0,18.8
Denver Broncos,2020,19,16,28,226,0,8.1,21,627,1,29.9
Baltimore Ravens,2020,20,16,19,108,0,5.7,30,634,0,21.1
Los Angeles Rams,2020,21,16,23,297,1,12.9,26,737,0,28.3
Miami Dolphins,2020,22,16,24,297,2,12.4,24,376,0,15.7
Cincinnati Bengals,2020,23,16,29,170,0,5.9,18,415,0,23.1
Buffalo Bills,2020,24,16,16,138,0,8.6,30,537,0,17.9
Las Vegas Raiders,2020,25,16,14,133,0,9.5,32,748,0,23.4
Washington Football Team,2020,26,16,36,209,0,5.8,9,235,0,26.1
New England Patriots,2020,27,16,12,71,0,5.9,32,680,0,21.3
Dallas Cowboys,2020,28,16,15,132,0,8.8,29,606,0,20.9
New Orleans Saints,2020,29,16,20,46,0,2.3,22,379,0,17.2
Kansas City Chiefs,2020,30,16,15,119,0,7.9,23,549,1,23.9
Tampa Bay Buccaneers,2020,31,16,23,236,1,10.3,14,471,0,33.6
Carolina Panthers,2020,32,16,18,184,1,10.2,7,144,0,20.6
Seattle Seahawks,2021,1,17,32,234,0,7.3,50,986,0,19.7
Pittsburgh Steelers,2021,2,17,32,308,0,9.6,46,1100,0,23.9
Houston Texans,2021,3,17,45,355,0,7.9,32,653,0,20.4
New Orleans Saints,2021,4,17,43,391,0,9.1,32,660,0,20.6
Indianapolis Colts,2021,5,17,28,267,0,9.5,46,988,0,21.5
San Francisco 49ers,2021,6,17,20,156,0,7.8,52,1203,1,23.1
New England Patriots,2021,7,17,16,138,0,8.6,55,1166,0,21.2
Green Bay Packers,2021,8,17,21,268,1,12.8,50,1283,0,25.7
Detroit Lions,2021,9,17,35,308,0,8.8,35,763,0,21.8
Baltimore Ravens,2021,10,17,31,228,0,7.4,39,724,1,18.6
Cleveland Browns,2021,11,17,30,257,0,8.6,39,791,0,20.3
Chicago Bears,2021,12,17,34,375,0,11.0,35,750,0,21.4
Los Angeles Chargers,2021,13,17,30,329,0,11.0,36,748,0,20.8
Cincinnati Bengals,2021,14,17,28,235,0,8.4,37,804,0,21.7
New York Giants,2021,15,17,28,237,0,8.5,37,659,0,17.8
Carolina Panthers,2021,16,17,34,252,0,7.4,29,769,0,26.5
Tennessee Titans,2021,17,17,22,223,0,10.1,40,816,0,20.4
Las Vegas Raiders,2021,18,17,28,341,0,12.2,33,742,1,22.5
Atlanta Falcons,2021,19,17,26,235,0,9.0,34,810,1,23.8
Jacksonville Jaguars,2021,20,17,22,180,0,8.2,38,1115,3,29.3
Philadelphia Eagles,2021,21,17,24,225,0,9.4,34,888,0,26.1
Buffalo Bills,2021,22,17,17,96,0,5.6,41,739,0,18.0
Washington Football Team,2021,23,17,27,244,0,9.0,30,643,0,21.4
Minnesota Vikings,2021,24,17,39,339,1,8.7,17,383,0,22.5
New York Jets,2021,25,17,29,306,0,10.6,22,392,0,17.8
Miami Dolphins,2021,26,17,30,262,0,8.7,21,435,0,20.7
Kansas City Chiefs,2021,27,17,17,84,0,4.9,34,658,0,19.4
Arizona Cardinals,2021,28,17,30,265,0,8.8,20,421,0,21.1
Tampa Bay Buccaneers,2021,29,17,23,184,0,8.0,25,669,0,26.8
Dallas Cowboys,2021,30,17,25,163,0,6.5,18,468,0,26.0
Los Angeles Rams,2021,31,17,9,60,0,6.7,30,646,0,21.5
Denver Broncos,2021,32,17,24,154,0,6.4,14,551,2,39.4
