Tm,Year,opp_Rk,opp_G,opp_Att,opp_Yds,opp_TD,opp_Y/A,opp_Y/G,opp_EXP
Minnesota Vikings,2006,1,16,348,985,9,2.8,61.6,115.89
Baltimore Ravens,2006,2,16,367,1214,5,3.3,75.9,151.00
Pittsburgh Steelers,2006,3,16,408,1412,9,3.5,88.3,92.16
Jacksonville Jaguars,2006,4,16,420,1460,14,3.5,91.3,36.55
New England Patriots,2006,5,16,388,1507,11,3.9,94.2,81.94
Chicago Bears,2006,6,16,402,1590,7,4.0,99.4,115.65
San Diego Chargers,2006,7,16,386,1613,13,4.2,100.8,53.30
Miami Dolphins,2006,8,16,461,1618,7,3.5,101.1,118.73
Atlanta Falcons,2006,9,16,442,1657,14,3.7,103.6,96.86
Dallas Cowboys,2006,10,16,429,1659,12,3.9,103.7,65.36
Carolina Panthers,2006,11,16,449,1737,10,3.9,108.6,74.13
Denver Broncos,2006,12,16,446,1813,13,4.1,113.3,78.00
Green Bay Packers,2006,13,16,441,1825,12,4.1,114.1,47.22
New York Giants,2006,14,16,458,1830,19,4.0,114.4,95.14
Cincinnati Bengals,2006,15,16,448,1863,15,4.2,116.4,61.00
Arizona Cardinals,2006,16,16,458,1897,16,4.1,118.6,121.38
Tampa Bay Buccaneers,2006,17,16,497,1917,11,3.9,119.8,102.64
Kansas City Chiefs,2006,18,16,461,1928,14,4.2,120.5,76.60
San Francisco 49ers,2006,19,16,473,1936,18,4.1,121.0,62.68
Houston Texans,2006,20,16,446,1956,16,4.4,122.3,67.07
Detroit Lions,2006,21,16,492,2010,18,4.1,125.6,78.95
Seattle Seahawks,2006,22,16,441,2029,12,4.6,126.8,68.60
New Orleans Saints,2006,23,16,418,2063,10,4.9,128.9,48.02
New York Jets,2006,24,16,453,2084,14,4.6,130.3,29.32
Oakland Raiders,2006,25,16,542,2144,15,4.0,134.0,109.95
Philadelphia Eagles,2006,26,16,489,2182,12,4.5,136.4,56.59
Washington Redskins,2006,27,16,492,2197,9,4.5,137.3,86.24
Buffalo Bills,2006,28,16,476,2254,14,4.7,140.9,51.26
Cleveland Browns,2006,29,16,514,2273,14,4.4,142.1,71.03
Tennessee Titans,2006,30,16,506,2313,20,4.6,144.6,16.91
St. Louis Rams,2006,31,16,477,2327,21,4.9,145.4,80.43
Indianapolis Colts,2006,32,16,519,2768,20,5.3,173.0,16.24
Minnesota Vikings,2007,1,16,379,1185,7,3.1,74.1,128.65
Baltimore Ravens,2007,2,16,446,1268,9,2.8,79.3,130.31
Pittsburgh Steelers,2007,3,16,361,1438,6,4.0,89.9,84.66
Washington Redskins,2007,4,16,391,1460,10,3.7,91.3,51.26
Tennessee Titans,2007,5,16,369,1478,11,4.0,92.4,42.87
Dallas Cowboys,2007,6,16,381,1513,12,4.0,94.6,72.35
Philadelphia Eagles,2007,7,16,403,1533,10,3.8,95.8,85.54
New York Giants,2007,8,16,408,1563,12,3.8,97.7,82.28
Arizona Cardinals,2007,9,16,407,1567,13,3.9,97.9,83.90
New England Patriots,2007,10,16,360,1572,7,4.4,98.3,7.78
Jacksonville Jaguars,2007,11,16,390,1605,12,4.1,100.3,85.54
Seattle Seahawks,2007,12,16,422,1644,16,3.9,102.8,85.10
New Orleans Saints,2007,13,16,408,1646,7,4.0,102.9,96.56
Green Bay Packers,2007,14,16,424,1647,6,3.9,102.9,60.99
Indianapolis Colts,2007,15,16,454,1711,10,3.8,106.9,55.96
San Diego Chargers,2007,16,16,416,1712,11,4.1,107.0,72.46
Tampa Bay Buccaneers,2007,17,16,454,1726,11,3.8,107.9,74.32
Carolina Panthers,2007,18,16,472,1771,13,3.8,110.7,98.10
Houston Texans,2007,19,16,417,1825,15,4.4,114.1,18.57
St. Louis Rams,2007,20,16,445,1844,16,4.1,115.3,65.33
Cincinnati Bengals,2007,21,16,449,1893,11,4.2,118.3,86.97
San Francisco 49ers,2007,22,16,504,1896,9,3.8,118.5,102.54
Detroit Lions,2007,23,16,448,1911,19,4.3,119.4,77.71
Chicago Bears,2007,24,16,454,1967,17,4.3,122.9,84.38
Buffalo Bills,2007,25,16,454,1993,15,4.4,124.6,91.55
Atlanta Falcons,2007,26,16,481,2033,12,4.2,127.1,18.15
Cleveland Browns,2007,27,16,460,2072,8,4.5,129.5,55.00
Kansas City Chiefs,2007,28,16,481,2089,11,4.3,130.6,97.60
New York Jets,2007,29,16,517,2156,14,4.2,134.8,67.75
Denver Broncos,2007,30,16,501,2282,14,4.6,142.6,60.09
Oakland Raiders,2007,31,16,486,2334,24,4.8,145.9,-9.77
Miami Dolphins,2007,32,16,544,2456,18,4.5,153.5,31.20
Minnesota Vikings,2008,1,16,371,1230,10,3.3,76.9,120.93
Pittsburgh Steelers,2008,2,16,390,1284,7,3.3,80.3,121.30
Baltimore Ravens,2008,3,16,366,1302,4,3.6,81.4,127.57
Philadelphia Eagles,2008,4,16,421,1476,7,3.5,92.3,121.53
Chicago Bears,2008,5,16,437,1496,16,3.4,93.5,106.54
Tennessee Titans,2008,6,16,403,1502,12,3.7,93.9,73.07
New York Jets,2008,7,16,407,1518,10,3.7,94.9,102.89
Washington Redskins,2008,8,16,398,1526,12,3.8,95.4,66.18
New York Giants,2008,9,16,386,1533,14,4.0,95.8,64.14
Miami Dolphins,2008,10,16,388,1620,11,4.2,101.3,39.93
San Diego Chargers,2008,11,16,408,1641,11,4.0,102.6,69.44
Dallas Cowboys,2008,12,16,402,1706,11,4.2,106.6,87.69
San Francisco 49ers,2008,13,16,452,1709,14,3.8,106.8,64.46
Jacksonville Jaguars,2008,14,16,428,1709,14,4.0,106.8,95.69
New England Patriots,2008,15,16,415,1722,8,4.1,107.6,70.23
Arizona Cardinals,2008,16,16,445,1764,13,4.0,110.3,55.84
New Orleans Saints,2008,17,16,445,1885,14,4.2,117.8,72.99
Seattle Seahawks,2008,18,16,457,1899,13,4.2,118.7,80.11
Tampa Bay Buccaneers,2008,19,16,441,1901,8,4.3,118.8,75.23
Carolina Panthers,2008,20,16,432,1912,14,4.4,119.5,60.79
Cincinnati Bengals,2008,21,16,490,1921,15,3.9,120.1,92.59
Buffalo Bills,2008,22,16,455,1946,18,4.3,121.6,98.65
Houston Texans,2008,23,16,439,1962,18,4.5,122.6,5.74
Indianapolis Colts,2008,24,16,472,1966,18,4.2,122.9,37.76
Atlanta Falcons,2008,25,16,415,2040,17,4.9,127.5,24.58
Green Bay Packers,2008,26,16,458,2105,20,4.6,131.6,-4.61
Denver Broncos,2008,27,16,469,2337,26,5.0,146.1,40.29
Cleveland Browns,2008,28,16,541,2431,16,4.5,151.9,107.69
St. Louis Rams,2008,29,16,501,2475,26,4.9,154.7,22.56
Kansas City Chiefs,2008,30,16,509,2543,25,5.0,158.9,26.85
Oakland Raiders,2008,31,16,542,2555,23,4.7,159.7,13.02
Detroit Lions,2008,32,16,536,2754,31,5.1,172.1,14.47
Green Bay Packers,2009,1,16,371,1333,5,3.6,83.3,109.36
Minnesota Vikings,2009,2,16,357,1394,5,3.9,87.1,84.81
Pittsburgh Steelers,2009,3,16,372,1438,7,3.9,89.9,41.20
Dallas Cowboys,2009,4,16,365,1448,7,4.0,90.5,63.68
Baltimore Ravens,2009,5,16,435,1492,8,3.4,93.3,94.45
San Francisco 49ers,2009,6,16,426,1552,12,3.6,97.0,120.14
Cincinnati Bengals,2009,7,16,399,1573,12,3.9,98.3,76.18
New York Jets,2009,8,16,420,1578,11,3.8,98.6,99.95
Philadelphia Eagles,2009,9,16,413,1675,11,4.1,104.7,99.21
Atlanta Falcons,2009,10,16,433,1711,10,4.0,106.9,102.29
Tennessee Titans,2009,11,16,402,1711,16,4.3,106.9,58.23
Houston Texans,2009,12,16,396,1711,17,4.3,106.9,75.97
New England Patriots,2009,13,16,398,1768,6,4.4,110.5,45.58
New York Giants,2009,14,16,423,1773,21,4.2,110.8,43.77
Seattle Seahawks,2009,15,16,428,1776,17,4.1,111.0,67.77
Washington Redskins,2009,16,16,449,1799,10,4.0,112.4,122.30
Arizona Cardinals,2009,17,16,402,1804,13,4.5,112.8,34.23
Miami Dolphins,2009,18,16,435,1835,16,4.2,114.7,78.06
Jacksonville Jaguars,2009,19,16,458,1863,12,4.1,116.4,112.85
San Diego Chargers,2009,20,16,422,1884,10,4.5,117.8,68.61
New Orleans Saints,2009,21,16,435,1955,19,4.5,122.2,40.37
Carolina Panthers,2009,22,16,450,1997,15,4.4,124.8,72.86
Chicago Bears,2009,23,16,467,2022,14,4.3,126.4,76.23
Indianapolis Colts,2009,24,16,467,2024,10,4.3,126.5,55.33
Detroit Lions,2009,25,16,458,2025,18,4.4,126.6,96.62
Denver Broncos,2009,26,16,458,2059,11,4.5,128.7,111.91
St. Louis Rams,2009,27,16,500,2201,24,4.4,137.6,31.80
Cleveland Browns,2009,28,16,506,2314,15,4.6,144.6,25.21
Oakland Raiders,2009,29,16,548,2488,24,4.5,155.5,25.15
Buffalo Bills,2009,30,16,535,2501,19,4.7,156.3,16.91
Kansas City Chiefs,2009,31,16,531,2504,18,4.7,156.5,61.99
Tampa Bay Buccaneers,2009,32,16,529,2531,16,4.8,158.2,49.18
Pittsburgh Steelers,2010,1,16,333,1004,5,3.0,62.8,105.63
Chicago Bears,2010,2,16,386,1441,14,3.7,90.1,79.26
New York Jets,2010,3,16,408,1454,11,3.6,90.9,131.18
San Diego Chargers,2010,4,16,404,1500,14,3.7,93.8,71.58
Baltimore Ravens,2010,5,16,384,1503,5,3.9,93.9,112.20
San Francisco 49ers,2010,6,16,447,1547,9,3.5,96.7,139.10
Miami Dolphins,2010,7,16,447,1601,8,3.6,100.1,117.26
New York Giants,2010,8,16,389,1620,11,4.2,101.3,54.70
Minnesota Vikings,2010,9,16,417,1635,10,3.9,102.2,59.03
Atlanta Falcons,2010,10,16,366,1694,9,4.6,105.9,70.12
New England Patriots,2010,11,16,409,1728,10,4.2,108.0,40.87
Dallas Cowboys,2010,12,16,402,1734,11,4.3,108.4,72.25
Houston Texans,2010,13,16,433,1751,16,4.0,109.4,83.24
Kansas City Chiefs,2010,14,16,408,1764,11,4.3,110.3,79.05
Philadelphia Eagles,2010,15,16,423,1766,12,4.2,110.4,65.34
New Orleans Saints,2010,16,16,421,1797,13,4.3,112.3,84.92
St. Louis Rams,2010,17,16,404,1810,7,4.5,113.1,73.64
Green Bay Packers,2010,18,16,395,1838,6,4.7,114.9,68.91
Cincinnati Bengals,2010,19,16,416,1843,15,4.4,115.2,36.11
Tennessee Titans,2010,20,16,474,1851,7,3.9,115.7,72.65
Seattle Seahawks,2010,21,16,452,1903,13,4.2,118.9,96.69
Jacksonville Jaguars,2010,22,16,416,1945,19,4.7,121.6,45.99
Carolina Panthers,2010,23,16,503,1981,20,3.9,123.8,89.38
Detroit Lions,2010,24,16,443,1999,18,4.5,124.9,30.07
Indianapolis Colts,2010,25,16,445,2032,14,4.6,127.0,44.37
Washington Redskins,2010,26,16,444,2041,15,4.6,127.6,84.44
Cleveland Browns,2010,27,16,505,2070,7,4.1,129.4,115.38
Tampa Bay Buccaneers,2010,28,16,444,2107,12,4.7,131.7,62.83
Oakland Raiders,2010,29,16,474,2138,14,4.5,133.6,87.99
Arizona Cardinals,2010,30,16,526,2323,19,4.4,145.2,101.85
Denver Broncos,2010,31,16,531,2473,26,4.7,154.6,17.60
Buffalo Bills,2010,32,16,571,2714,18,4.8,169.6,52.18
San Francisco 49ers,2011,1,16,353,1236,3,3.5,77.3,88.07
Baltimore Ravens,2011,2,16,419,1482,10,3.5,92.6,101.12
Miami Dolphins,2011,3,16,412,1530,8,3.7,95.6,79.59
Houston Texans,2011,4,16,378,1536,8,4.1,96.0,66.26
Chicago Bears,2011,5,16,384,1542,10,4.0,96.4,96.80
Atlanta Falcons,2011,6,16,372,1552,10,4.2,97.0,51.32
Dallas Cowboys,2011,7,16,385,1585,10,4.1,99.1,79.47
Pittsburgh Steelers,2011,8,16,399,1597,7,4.0,99.8,35.81
Jacksonville Jaguars,2011,9,16,435,1667,14,3.8,104.2,103.59
Cincinnati Bengals,2011,10,16,425,1675,14,3.9,104.7,50.42
Minnesota Vikings,2011,11,16,439,1712,10,3.9,107.0,115.54
New Orleans Saints,2011,12,16,351,1738,11,5.0,108.6,13.24
New York Jets,2011,13,16,451,1777,17,3.9,111.1,107.48
Green Bay Packers,2011,14,16,383,1789,10,4.7,111.8,22.85
Seattle Seahawks,2011,15,16,473,1797,10,3.8,112.3,83.85
Philadelphia Eagles,2011,16,16,414,1801,11,4.4,112.6,75.15
New England Patriots,2011,17,16,405,1874,13,4.6,117.1,64.42
Washington Redskins,2011,18,16,438,1884,15,4.3,117.8,74.90
New York Giants,2011,19,16,435,1940,15,4.5,121.3,60.17
San Diego Chargers,2011,20,16,448,1955,8,4.4,122.2,37.34
Arizona Cardinals,2011,21,16,475,1986,15,4.2,124.1,62.55
Denver Broncos,2011,22,16,488,2021,11,4.1,126.3,69.90
Detroit Lions,2011,23,16,410,2050,10,5.0,128.1,49.45
Tennessee Titans,2011,24,16,461,2053,10,4.5,128.3,57.73
Carolina Panthers,2011,25,16,451,2093,18,4.6,130.8,40.33
Kansas City Chiefs,2011,26,16,508,2112,14,4.2,132.0,95.27
Oakland Raiders,2011,27,16,430,2178,15,5.1,136.1,-6.65
Buffalo Bills,2011,28,16,467,2224,19,4.8,139.0,45.43
Indianapolis Colts,2011,29,16,540,2303,19,4.3,143.9,109.08
Cleveland Browns,2011,30,16,534,2359,12,4.4,147.4,113.01
St. Louis Rams,2011,31,16,510,2433,17,4.8,152.1,31.49
Tampa Bay Buccaneers,2011,32,16,498,2497,26,5.0,156.1,25.35
Tampa Bay Buccaneers,2012,1,16,377,1320,13,3.5,82.5,74.30
Pittsburgh Steelers,2012,2,16,391,1450,9,3.7,90.6,43.24
Denver Broncos,2012,3,16,404,1458,5,3.6,91.1,76.07
San Francisco 49ers,2012,4,16,407,1507,7,3.7,94.2,75.37
Washington Redskins,2012,5,16,363,1532,11,4.2,95.8,60.57
San Diego Chargers,2012,6,16,406,1542,10,3.8,96.4,102.61
Houston Texans,2012,7,16,390,1560,5,4.0,97.5,85.25
Chicago Bears,2012,8,16,388,1627,6,4.2,101.7,71.20
New England Patriots,2012,9,16,415,1630,10,3.9,101.9,121.32
Seattle Seahawks,2012,10,16,368,1649,8,4.5,103.1,26.24
Minnesota Vikings,2012,11,16,427,1692,10,4.0,105.8,95.47
Cincinnati Bengals,2012,12,16,423,1715,13,4.1,107.2,77.98
Miami Dolphins,2012,13,16,431,1734,10,4.0,108.4,105.74
Carolina Panthers,2012,14,16,416,1761,11,4.2,110.1,45.69
St. Louis Rams,2012,15,16,442,1880,18,4.3,117.5,56.88
Detroit Lions,2012,16,16,420,1889,13,4.5,118.1,54.04
Green Bay Packers,2012,17,16,418,1896,12,4.5,118.5,29.72
Oakland Raiders,2012,18,16,444,1897,18,4.3,118.6,62.52
Cleveland Browns,2012,19,16,457,1898,14,4.2,118.6,114.20
Baltimore Ravens,2012,20,16,492,1965,15,4.0,122.8,73.39
Atlanta Falcons,2012,21,16,411,1971,16,4.8,123.2,20.21
Dallas Cowboys,2012,22,16,441,2003,17,4.5,125.2,72.88
Philadelphia Eagles,2012,23,16,479,2021,11,4.2,126.3,77.79
Tennessee Titans,2012,24,16,483,2035,16,4.2,127.2,40.70
New York Giants,2012,25,16,449,2066,9,4.6,129.1,52.77
New York Jets,2012,26,16,495,2138,17,4.3,133.6,74.91
Kansas City Chiefs,2012,27,16,482,2171,11,4.5,135.7,60.02
Arizona Cardinals,2012,28,16,506,2192,12,4.3,137.0,73.80
Indianapolis Colts,2012,29,16,428,2200,14,5.1,137.5,25.07
Jacksonville Jaguars,2012,30,16,545,2256,19,4.1,141.0,33.66
Buffalo Bills,2012,31,16,470,2333,23,5.0,145.8,-18.36
New Orleans Saints,2012,32,16,457,2361,18,5.2,147.6,56.62
Arizona Cardinals,2013,1,16,370,1351,5,3.7,84.4,47.10
Carolina Panthers,2013,2,16,352,1391,4,4.0,86.9,45.96
New York Jets,2013,3,16,421,1412,9,3.4,88.3,62.39
San Francisco 49ers,2013,4,16,397,1535,11,3.9,95.9,45.98
Cincinnati Bengals,2013,5,16,385,1544,6,4.0,96.5,21.36
Detroit Lions,2013,6,16,377,1596,10,4.2,99.8,52.37
Seattle Seahawks,2013,7,16,422,1626,4,3.9,101.6,32.81
Denver Broncos,2013,8,16,420,1626,15,3.9,101.6,49.52
St. Louis Rams,2013,9,16,440,1646,18,3.7,102.9,28.23
Philadelphia Eagles,2013,10,16,443,1668,12,3.8,104.3,47.89
Baltimore Ravens,2013,11,16,440,1687,7,3.8,105.4,36.10
San Diego Chargers,2013,12,16,376,1725,14,4.6,107.8,-38.57
Oakland Raiders,2013,13,16,442,1727,15,3.9,107.9,29.23
New York Giants,2013,14,16,454,1743,12,3.8,108.9,38.46
Tampa Bay Buccaneers,2013,15,16,438,1762,10,4.0,110.1,27.18
Minnesota Vikings,2013,16,16,443,1767,14,4.0,110.4,2.25
Washington Redskins,2013,17,16,443,1769,23,4.0,110.6,5.39
Cleveland Browns,2013,18,16,462,1781,13,3.9,111.3,11.83
New Orleans Saints,2013,19,16,387,1786,11,4.6,111.6,-15.45
Tennessee Titans,2013,20,16,446,1795,21,4.0,112.2,8.80
Pittsburgh Steelers,2013,21,16,433,1849,18,4.3,115.6,8.69
Kansas City Chiefs,2013,22,16,428,1923,9,4.5,120.2,15.58
Houston Texans,2013,23,16,454,1958,11,4.3,122.4,29.28
Miami Dolphins,2013,24,16,484,1998,14,4.1,124.9,1.94
Green Bay Packers,2013,25,16,432,2000,16,4.6,125.0,-28.66
Indianapolis Colts,2013,26,16,448,2002,14,4.5,125.1,-9.50
Dallas Cowboys,2013,27,16,437,2056,17,4.7,128.5,-16.35
Buffalo Bills,2013,28,16,471,2063,10,4.4,128.9,20.79
Jacksonville Jaguars,2013,29,16,507,2108,20,4.2,131.8,-7.20
New England Patriots,2013,30,16,481,2145,11,4.5,134.1,-5.30
Atlanta Falcons,2013,31,16,455,2173,14,4.8,135.8,-20.83
Chicago Bears,2013,32,16,483,2583,22,5.3,161.4,-67.51
Detroit Lions,2014,1,16,350,1109,8,3.2,69.3,70.56
Denver Broncos,2014,2,16,349,1276,9,3.7,79.8,41.37
Seattle Seahawks,2014,3,16,380,1304,8,3.4,81.5,59.49
Baltimore Ravens,2014,4,16,390,1412,8,3.6,88.3,62.03
New York Jets,2014,5,16,393,1489,10,3.8,93.1,16.41
Pittsburgh Steelers,2014,6,16,368,1605,9,4.4,100.3,21.57
San Francisco 49ers,2014,7,16,402,1612,7,4.0,100.8,22.39
Dallas Cowboys,2014,8,16,392,1650,18,4.2,103.1,20.90
New England Patriots,2014,9,16,419,1669,6,4.0,104.3,12.58
Houston Texans,2014,10,16,420,1681,6,4.0,105.1,37.04
Buffalo Bills,2014,11,16,414,1703,10,4.1,106.4,16.03
Washington Redskins,2014,12,16,421,1722,11,4.1,107.6,36.24
Arizona Cardinals,2014,13,16,396,1739,9,4.4,108.7,25.14
St. Louis Rams,2014,14,16,425,1765,12,4.2,110.3,51.70
Philadelphia Eagles,2014,15,16,473,1771,14,3.7,110.7,59.52
Carolina Panthers,2014,16,16,397,1792,14,4.5,112.0,9.08
Chicago Bears,2014,17,16,421,1803,12,4.3,112.7,9.89
Indianapolis Colts,2014,18,16,423,1814,14,4.3,113.4,-0.89
Tampa Bay Buccaneers,2014,19,16,468,1819,15,3.9,113.7,31.84
Cincinnati Bengals,2014,20,16,439,1861,16,4.2,116.3,10.41
Atlanta Falcons,2014,21,16,450,1894,21,4.2,118.4,-12.22
Oakland Raiders,2014,22,16,481,1911,17,4.0,119.4,33.33
Green Bay Packers,2014,23,16,449,1919,11,4.3,119.9,0.53
Miami Dolphins,2014,24,16,453,1937,13,4.3,121.1,6.49
Minnesota Vikings,2014,25,16,450,1943,10,4.3,121.4,0.86
San Diego Chargers,2014,26,16,438,1986,11,4.5,124.1,12.89
Jacksonville Jaguars,2014,27,16,499,2033,15,4.1,127.1,12.69
Kansas City Chiefs,2014,28,16,433,2036,4,4.7,127.3,4.24
New Orleans Saints,2014,29,16,442,2125,17,4.8,132.8,-29.04
New York Giants,2014,30,16,438,2162,15,4.9,135.1,-9.58
Tennessee Titans,2014,31,16,515,2195,17,4.3,137.2,-0.37
Cleveland Browns,2014,32,16,500,2265,13,4.5,141.6,-7.30
Seattle Seahawks,2015,1,16,362,1304,10,3.6,81.5,32.09
New York Jets,2015,2,16,373,1335,4,3.6,83.4,65.27
Denver Broncos,2015,3,16,408,1337,10,3.3,83.6,54.30
Carolina Panthers,2015,4,16,364,1415,11,3.9,88.4,32.98
Pittsburgh Steelers,2015,5,16,382,1459,6,3.8,91.2,66.64
Arizona Cardinals,2015,6,16,373,1460,9,3.9,91.3,44.29
Cincinnati Bengals,2015,7,16,344,1477,8,4.3,92.3,19.29
Kansas City Chiefs,2015,8,16,383,1571,7,4.1,98.2,30.33
New England Patriots,2015,9,16,397,1578,8,4.0,98.6,32.23
Houston Texans,2015,10,16,388,1597,10,4.1,99.8,24.79
Tampa Bay Buccaneers,2015,11,16,466,1606,12,3.4,100.4,30.73
Baltimore Ravens,2015,12,16,418,1661,10,4.0,103.8,20.31
Oakland Raiders,2015,13,16,406,1678,12,4.1,104.9,6.76
Atlanta Falcons,2015,14,16,416,1680,20,4.0,105.0,22.89
Jacksonville Jaguars,2015,15,16,464,1709,15,3.7,106.8,24.60
Buffalo Bills,2015,16,16,394,1730,10,4.4,108.1,-3.10
Minnesota Vikings,2015,17,16,411,1748,7,4.3,109.3,28.02
Tennessee Titans,2015,18,16,462,1797,11,3.9,112.3,43.04
Detroit Lions,2015,19,16,428,1808,18,4.2,113.0,13.80
St. Louis Rams,2015,20,16,453,1820,7,4.0,113.8,49.26
Green Bay Packers,2015,21,16,420,1905,13,4.5,119.1,-8.60
Dallas Cowboys,2015,22,16,460,1931,16,4.2,120.7,11.23
Chicago Bears,2015,23,16,433,1934,9,4.5,120.9,6.50
New York Giants,2015,24,16,444,1942,15,4.4,121.4,-4.56
Indianapolis Colts,2015,25,16,452,1952,14,4.3,122.0,26.60
Washington Redskins,2015,26,16,406,1962,10,4.8,122.6,8.57
San Diego Chargers,2015,27,16,417,2005,17,4.8,125.3,-16.87
Miami Dolphins,2015,28,16,503,2019,13,4.0,126.2,18.62
San Francisco 49ers,2015,29,16,504,2020,20,4.0,126.3,19.66
Cleveland Browns,2015,30,16,458,2055,11,4.5,128.4,0.95
New Orleans Saints,2015,31,16,422,2071,12,4.9,129.4,19.61
Philadelphia Eagles,2015,32,16,478,2153,10,4.5,134.6,-1.99
Dallas Cowboys,2016,1,16,340,1336,9,3.9,83.5,51.41
Tennessee Titans,2016,2,16,356,1413,10,4.0,88.3,61.46
New York Giants,2016,3,16,397,1417,10,3.6,88.6,88.60
New England Patriots,2016,4,16,368,1417,6,3.9,88.6,63.01
Baltimore Ravens,2016,5,16,384,1430,10,3.7,89.4,90.41
Carolina Panthers,2016,6,16,376,1465,11,3.9,91.6,44.95
Seattle Seahawks,2016,7,16,441,1487,16,3.4,92.9,101.38
Green Bay Packers,2016,8,16,376,1515,11,4.0,94.7,49.72
Arizona Cardinals,2016,9,16,424,1518,16,3.6,94.9,65.16
San Diego Chargers,2016,10,16,410,1567,20,3.8,97.9,62.71
New York Jets,2016,11,16,428,1581,11,3.7,98.8,64.26
Houston Texans,2016,12,16,397,1595,13,4.0,99.7,71.11
Pittsburgh Steelers,2016,13,16,369,1600,15,4.3,100.0,37.36
New Orleans Saints,2016,14,16,396,1626,19,4.1,101.6,43.12
Philadelphia Eagles,2016,15,16,391,1652,10,4.2,103.3,30.88
Los Angeles Rams,2016,16,16,424,1660,12,3.9,103.8,24.54
Atlanta Falcons,2016,17,16,370,1672,15,4.5,104.5,26.99
Detroit Lions,2016,18,16,389,1701,8,4.4,106.3,45.40
Jacksonville Jaguars,2016,19,16,446,1703,17,3.8,106.4,49.93
Minnesota Vikings,2016,20,16,404,1711,9,4.2,106.9,68.51
Cincinnati Bengals,2016,21,16,412,1812,12,4.4,113.3,21.60
Tampa Bay Buccaneers,2016,22,16,427,1875,15,4.4,117.2,37.30
Oakland Raiders,2016,23,16,421,1881,18,4.5,117.6,30.15
Washington Redskins,2016,24,16,423,1916,19,4.5,119.8,45.82
Indianapolis Colts,2016,25,16,409,1926,12,4.7,120.4,25.48
Kansas City Chiefs,2016,26,16,437,1938,10,4.4,121.1,38.86
Chicago Bears,2016,27,16,445,1950,18,4.4,121.9,17.20
Denver Broncos,2016,28,16,482,2085,15,4.3,130.3,43.52
Buffalo Bills,2016,29,16,469,2130,21,4.5,133.1,52.25
Miami Dolphins,2016,30,16,464,2247,12,4.8,140.4,16.07
Cleveland Browns,2016,31,16,498,2283,18,4.6,142.7,6.08
San Francisco 49ers,2016,32,16,548,2654,25,4.8,165.9,21.49
Philadelphia Eagles,2017,1,16,337,1267,7,3.8,79.2,66.06
Minnesota Vikings,2017,2,16,364,1337,10,3.7,83.6,73.80
Carolina Panthers,2017,3,16,353,1409,7,4.0,88.1,90.65
Tennessee Titans,2017,4,16,398,1420,5,3.6,88.8,128.52
Denver Broncos,2017,5,16,428,1430,9,3.3,89.4,145.96
Arizona Cardinals,2017,6,16,407,1432,12,3.5,89.5,81.90
Cleveland Browns,2017,7,16,467,1566,14,3.4,97.9,87.00
Dallas Cowboys,2017,8,16,403,1664,7,4.1,104.0,39.19
Atlanta Falcons,2017,9,16,402,1665,9,4.1,104.1,82.21
Pittsburgh Steelers,2017,10,16,385,1693,14,4.4,105.8,8.03
Chicago Bears,2017,11,16,432,1730,10,4.0,108.1,107.06
Oakland Raiders,2017,12,16,433,1743,11,4.0,108.9,94.32
Houston Texans,2017,13,16,440,1747,14,4.0,109.2,94.34
Miami Dolphins,2017,14,16,431,1768,14,4.1,110.5,85.95
Baltimore Ravens,2017,15,16,435,1780,12,4.1,111.3,63.07
New Orleans Saints,2017,16,16,406,1787,11,4.4,111.7,47.00
Green Bay Packers,2017,17,16,464,1793,10,3.9,112.1,93.66
Detroit Lions,2017,18,16,432,1800,18,4.2,112.5,96.43
Seattle Seahawks,2017,19,16,452,1824,14,4.0,114.0,72.54
New England Patriots,2017,20,16,390,1836,6,4.7,114.8,54.88
Jacksonville Jaguars,2017,21,16,429,1860,9,4.3,116.3,130.30
San Francisco 49ers,2017,22,16,491,1861,13,3.8,116.3,84.71
Tampa Bay Buccaneers,2017,23,16,440,1880,17,4.3,117.5,100.61
New York Jets,2017,24,16,466,1887,13,4.0,117.9,99.76
Kansas City Chiefs,2017,25,16,443,1890,15,4.3,118.1,56.69
Indianapolis Colts,2017,26,16,488,1927,15,3.9,120.4,60.39
New York Giants,2017,27,16,464,1933,10,4.2,120.8,108.57
Los Angeles Rams,2017,28,16,418,1957,15,4.7,122.3,27.15
Buffalo Bills,2017,29,16,466,1994,22,4.3,124.6,38.72
Cincinnati Bengals,2017,30,16,489,2046,13,4.2,127.9,72.51
Los Angeles Chargers,2017,31,16,430,2098,11,4.9,131.1,32.37
Washington Redskins,2017,32,16,472,2146,13,4.5,134.1,10.72
Chicago Bears,2018,1,16,339,1280,5,3.8,80.0,47.17
New Orleans Saints,2018,2,16,356,1283,12,3.6,80.2,53.71
Houston Texans,2018,3,16,385,1323,8,3.4,82.7,51.40
Baltimore Ravens,2018,4,16,354,1327,11,3.7,82.9,34.35
Dallas Cowboys,2018,5,16,400,1513,12,3.8,94.6,26.93
Pittsburgh Steelers,2018,6,16,369,1538,13,4.2,96.1,12.17
Philadelphia Eagles,2018,7,16,332,1551,14,4.7,96.9,-5.81
Indianapolis Colts,2018,8,16,417,1630,12,3.9,101.9,9.62
Los Angeles Chargers,2018,9,16,395,1693,11,4.3,105.8,11.12
Detroit Lions,2018,10,16,403,1761,11,4.4,110.1,0.26
New England Patriots,2018,11,16,367,1803,7,4.9,112.7,8.45
Carolina Panthers,2018,12,16,384,1804,13,4.7,112.8,-5.60
Seattle Seahawks,2018,13,16,366,1811,9,4.9,113.2,-1.80
San Francisco 49ers,2018,14,16,444,1814,13,4.1,113.4,13.85
Minnesota Vikings,2018,15,16,440,1815,13,4.1,113.4,16.07
Buffalo Bills,2018,16,16,440,1839,17,4.2,114.9,14.75
Washington Redskins,2018,17,16,413,1860,12,4.5,116.3,-22.34
Tennessee Titans,2018,18,16,429,1863,9,4.3,116.4,8.17
Jacksonville Jaguars,2018,19,16,434,1870,16,4.3,116.9,15.96
New York Giants,2018,20,16,444,1898,18,4.3,118.6,-10.05
Denver Broncos,2018,21,16,429,1913,11,4.5,119.6,10.71
Green Bay Packers,2018,22,16,446,1918,15,4.3,119.9,17.05
Los Angeles Rams,2018,23,16,386,1957,12,5.1,122.3,-7.27
Tampa Bay Buccaneers,2018,24,16,426,1983,19,4.7,123.9,-4.67
Atlanta Falcons,2018,25,16,409,1999,16,4.9,124.9,-49.88
New York Jets,2018,26,16,440,2021,16,4.6,126.3,-0.65
Kansas City Chiefs,2018,27,16,425,2114,19,5.0,132.1,-46.37
Cleveland Browns,2018,28,16,459,2163,20,4.7,135.2,2.53
Cincinnati Bengals,2018,29,16,466,2204,17,4.7,137.8,-31.83
Oakland Raiders,2018,30,16,480,2249,16,4.7,140.6,-15.94
Miami Dolphins,2018,31,16,485,2325,17,4.8,145.3,-12.93
Arizona Cardinals,2018,32,16,510,2479,25,4.9,154.9,-34.43
Tampa Bay Buccaneers,2019,1,16,362,1181,11,3.3,73.8,56.23
New York Jets,2019,2,16,417,1391,12,3.3,86.9,72.34
Philadelphia Eagles,2019,3,16,353,1442,13,4.1,90.1,47.64
New Orleans Saints,2019,4,16,345,1461,12,4.2,91.3,39.45
Baltimore Ravens,2019,5,16,340,1494,12,4.4,93.4,-1.25
New England Patriots,2019,6,16,365,1528,7,4.2,95.5,33.13
Indianapolis Colts,2019,7,16,383,1567,8,4.1,97.9,21.54
Oakland Raiders,2019,8,16,405,1570,15,3.9,98.1,17.69
Chicago Bears,2019,9,16,414,1632,16,3.9,102.0,38.83
Buffalo Bills,2019,10,16,388,1649,12,4.3,103.1,10.92
Dallas Cowboys,2019,11,16,407,1656,14,4.1,103.5,25.11
Tennessee Titans,2019,12,16,415,1672,14,4.0,104.5,28.27
Minnesota Vikings,2019,13,16,404,1728,8,4.3,108.0,21.01
Pittsburgh Steelers,2019,14,16,462,1753,7,3.8,109.6,63.09
Atlanta Falcons,2019,15,16,421,1775,13,4.2,110.9,17.98
Denver Broncos,2019,16,16,426,1783,9,4.2,111.4,12.72
San Francisco 49ers,2019,17,16,401,1802,11,4.5,112.6,9.91
Los Angeles Chargers,2019,18,16,429,1805,15,4.2,112.8,1.08
Los Angeles Rams,2019,19,16,444,1809,15,4.1,113.1,21.49
New York Giants,2019,20,16,469,1812,19,3.9,113.3,40.51
Detroit Lions,2019,21,16,455,1855,13,4.1,115.9,17.32
Seattle Seahawks,2019,22,16,388,1883,22,4.9,117.7,-17.45
Green Bay Packers,2019,23,16,411,1921,15,4.7,120.1,-42.18
Arizona Cardinals,2019,24,16,439,1922,9,4.4,120.1,15.13
Houston Texans,2019,25,16,403,1937,12,4.8,121.1,-6.34
Kansas City Chiefs,2019,26,16,416,2051,14,4.9,128.2,-41.35
Miami Dolphins,2019,27,16,485,2166,15,4.5,135.4,-6.14
Jacksonville Jaguars,2019,28,16,435,2229,23,5.1,139.3,-21.95
Carolina Panthers,2019,29,16,445,2296,31,5.2,143.5,-62.69
Cleveland Browns,2019,30,16,463,2315,19,5.0,144.7,-37.50
Washington Redskins,2019,31,16,493,2339,14,4.7,146.2,-6.89
Cincinnati Bengals,2019,32,16,504,2382,17,4.7,148.9,-12.07
Tampa Bay Buccaneers,2020,1,16,358,1289,10,3.6,80.6,20.20
Indianapolis Colts,2020,2,16,390,1448,16,3.7,90.5,13.82
Los Angeles Rams,2020,3,16,388,1460,12,3.8,91.3,35.94
New Orleans Saints,2020,4,16,390,1502,11,3.9,93.9,22.79
Seattle Seahawks,2020,5,16,392,1529,18,3.9,95.6,13.95
Atlanta Falcons,2020,6,16,380,1677,15,4.4,104.8,20.45
San Francisco 49ers,2020,7,16,430,1703,12,4.0,106.4,15.79
Baltimore Ravens,2020,8,16,382,1740,12,4.6,108.8,14.33
Cleveland Browns,2020,9,16,412,1773,16,4.3,110.8,-19.02
New York Giants,2020,10,16,432,1782,14,4.1,111.4,-0.25
Pittsburgh Steelers,2020,11,16,414,1783,13,4.3,111.4,3.99
New York Jets,2020,12,16,445,1792,16,4.0,112.0,23.32
Washington Football Team,2020,13,16,428,1805,14,4.2,112.8,7.17
Green Bay Packers,2020,14,16,397,1805,16,4.5,112.8,-36.94
Chicago Bears,2020,15,16,438,1814,11,4.1,113.4,25.22
Miami Dolphins,2020,16,16,412,1862,17,4.5,116.4,-26.37
Buffalo Bills,2020,17,16,414,1914,21,4.6,119.6,-53.52
Los Angeles Chargers,2020,18,16,427,1917,17,4.5,119.8,-3.97
Tennessee Titans,2020,19,16,427,1933,18,4.5,120.8,-31.76
Carolina Panthers,2020,20,16,408,1936,17,4.7,121.0,-27.66
Kansas City Chiefs,2020,21,16,433,1954,14,4.5,122.1,-54.78
Arizona Cardinals,2020,22,16,436,2008,13,4.6,125.5,-24.28
Philadelphia Eagles,2020,23,16,481,2012,20,4.2,125.8,14.58
Las Vegas Raiders,2020,24,16,438,2013,24,4.6,125.8,-38.01
Denver Broncos,2020,25,16,434,2080,22,4.8,130.0,-28.92
New England Patriots,2020,26,16,464,2103,17,4.5,131.4,-42.97
Minnesota Vikings,2020,27,16,472,2151,19,4.6,134.4,-41.77
Detroit Lions,2020,28,16,487,2158,27,4.4,134.9,-42.32
Cincinnati Bengals,2020,29,16,463,2368,13,5.1,148.0,-30.61
Jacksonville Jaguars,2020,30,16,517,2452,23,4.7,153.3,-26.00
Dallas Cowboys,2020,31,16,510,2541,20,5.0,158.8,-50.73
Houston Texans,2020,32,16,493,2564,24,5.2,160.3,-58.20
Carolina Panthers,2021,1,2,34,93,1,2.7,46.5,5.17
Tampa Bay Buccaneers,2021,2,2,38,115,1,3.0,57.5,14.26
Detroit Lions,2021,3,1,28,131,2,4.7,131.0,3.78
New Orleans Saints,2021,4,2,48,132,1,2.8,66.0,8.15
Denver Broncos,2021,5,2,36,135,1,3.8,67.5,-1.67
Chicago Bears,2021,6,2,43,143,1,3.3,71.5,2.77
Baltimore Ravens,2021,7,2,39,144,3,3.7,72.0,12.34
Buffalo Bills,2021,8,2,41,146,0,3.6,73.0,6.74
Dallas Cowboys,2021,9,2,33,147,0,4.5,73.5,1.69
Cleveland Browns,2021,10,2,51,155,2,3.0,77.5,-0.66
Pittsburgh Steelers,2021,11,2,50,169,0,3.4,84.5,5.49
Green Bay Packers,2021,12,1,39,171,0,4.4,171.0,-0.09
Cincinnati Bengals,2021,13,2,56,190,1,3.4,95.0,13.13
New York Jets,2021,14,2,51,212,3,4.2,106.0,0.49
Tennessee Titans,2021,15,2,51,213,3,4.2,106.5,-1.02
New England Patriots,2021,16,2,54,226,1,4.2,113.0,-3.93
Las Vegas Raiders,2021,17,2,48,228,3,4.8,114.0,2.92
Houston Texans,2021,18,2,50,232,3,4.6,116.0,-8.56
Indianapolis Colts,2021,19,2,56,241,1,4.3,120.5,4.27
Philadelphia Eagles,2021,20,2,64,241,1,3.8,120.5,0.45
Los Angeles Rams,2021,21,2,52,243,2,4.7,121.5,-5.46
Minnesota Vikings,2021,22,2,57,252,2,4.4,126.0,0.21
New York Giants,2021,23,2,50,252,2,5.0,126.0,-8.08
Washington Football Team,2021,24,2,57,253,2,4.4,126.5,0.83
Atlanta Falcons,2021,25,2,52,255,1,4.9,127.5,-3.95
Jacksonville Jaguars,2021,26,2,71,256,2,3.6,128.0,2.31
Arizona Cardinals,2021,27,2,49,263,1,5.4,131.5,-2.45
San Francisco 49ers,2021,28,2,53,267,2,5.0,133.5,-3.33
Miami Dolphins,2021,29,2,60,268,3,4.5,134.0,-4.87
Los Angeles Chargers,2021,30,2,58,324,2,5.6,162.0,-7.11
Seattle Seahawks,2021,31,2,70,325,3,4.6,162.5,-2.33
Kansas City Chiefs,2021,32,2,67,404,7,6.0,202.0,-21.20
