Tm,Year,opp_Rk,opp_G,opp_Cmp,opp_Att,opp_Cmp_perc,opp_Yds,opp_TD,opp_TD_perc,opp_Int,opp_PD,opp_Int_perc,opp_Y/A,opp_AY/A,opp_Y/C,opp_Y/G,opp_Rate,opp_Sk,opp_Yds,opp_QBHits,opp_TFL,opp_NY/A,opp_ANY/A,opp_Sk_perc,opp_EXP
Oakland Raiders,2006,1,16,245,410,59.8,2413,17,4.1,18,66,4.4,6.4,5.3,10.7,150.8,74.1,34,218,50,84,5.4,4.4,7.7,55.98
Indianapolis Colts,2006,2,16,266,415,64.1,2548,16,3.9,15,61,3.6,6.5,5.7,10.2,159.3,80.4,25,157,55,55,5.8,5.0,5.7,72.40
New Orleans Saints,2006,3,16,267,474,56.3,2854,26,5.5,11,68,2.3,6.6,6.6,11.7,178.4,85.1,38,268,92,68,5.6,5.6,7.4,44.79
Carolina Panthers,2006,4,16,291,500,58.2,3000,22,4.4,14,77,2.8,6.5,6.2,11.2,187.5,80.8,41,265,71,75,5.5,5.2,7.6,56.22
Miami Dolphins,2006,5,16,279,497,56.1,3007,22,4.4,8,85,1.6,6.6,6.8,11.7,187.9,84.4,47,268,61,64,5.5,5.7,8.6,16.00
Baltimore Ravens,2006,6,16,279,509,54.8,3011,16,3.1,28,110,5.5,6.7,4.9,12.3,188.2,63.4,60,418,115,93,5.3,3.6,10.5,172.61
Buffalo Bills,2006,7,16,324,513,63.2,3019,18,3.5,13,86,2.5,6.4,6.0,10.1,188.7,82.5,40,265,63,65,5.5,5.1,7.2,70.06
St. Louis Rams,2006,8,16,266,451,59.0,3035,21,4.7,17,65,3.8,7.2,6.4,12.2,189.7,81.1,34,214,69,82,6.3,5.5,7.0,-17.72
Philadelphia Eagles,2006,9,16,309,525,58.9,3067,17,3.2,19,122,3.6,6.4,5.4,10.9,191.7,73.6,40,300,75,73,5.4,4.5,7.1,98.50
Jacksonville Jaguars,2006,10,16,294,523,56.2,3078,12,2.3,20,86,3.8,6.3,5.0,11.1,192.4,66.8,35,200,62,75,5.5,4.3,6.3,91.50
Chicago Bears,2006,11,16,328,581,56.5,3116,18,3.1,24,85,4.1,5.8,4.6,10.3,194.8,66.5,40,272,77,86,5.0,3.9,6.4,163.23
New England Patriots,2006,12,16,294,518,56.8,3203,10,1.9,22,71,4.2,6.7,5.2,11.9,200.2,66.1,44,281,99,61,5.7,4.3,7.8,87.28
San Diego Chargers,2006,13,16,307,538,57.1,3212,19,3.5,16,103,3.0,6.6,6.0,11.6,200.8,76.6,61,351,78,76,5.4,4.8,10.2,131.37
New York Jets,2006,14,16,316,532,59.4,3222,19,3.6,16,60,3.0,6.5,5.8,10.9,201.4,78.0,35,230,54,51,5.7,5.1,6.2,77.11
Cleveland Browns,2006,15,16,283,499,56.7,3242,20,4.0,18,82,3.6,6.8,5.9,11.9,202.6,75.9,28,137,79,64,6.2,5.4,5.3,14.91
Seattle Seahawks,2006,16,16,299,504,59.3,3256,23,4.6,12,79,2.4,7.0,6.9,11.8,203.5,86.1,41,282,65,76,6.0,5.8,7.5,48.09
Green Bay Packers,2006,17,16,286,515,55.5,3309,25,4.9,23,97,4.5,7.1,6.0,12.7,206.8,75.4,46,337,97,60,5.9,4.9,8.2,66.87
Kansas City Chiefs,2006,18,16,314,506,62.1,3334,18,3.6,15,64,3.0,7.0,6.3,11.2,208.4,82.3,32,190,56,73,6.2,5.6,5.9,68.41
Tampa Bay Buccaneers,2006,19,16,301,493,61.1,3354,26,5.3,11,66,2.2,7.1,7.2,11.7,209.6,91.0,25,166,69,68,6.5,6.5,4.8,-20.25
Pittsburgh Steelers,2006,20,16,319,529,60.3,3393,21,4.0,20,83,3.8,6.8,5.9,11.3,212.1,78.3,39,226,64,74,6.0,5.1,6.9,69.93
Denver Broncos,2006,21,16,327,538,60.8,3407,13,2.4,17,77,3.2,6.7,5.8,11.0,212.9,75.6,36,205,65,67,5.9,5.1,6.3,101.82
Houston Texans,2006,22,16,328,505,65.0,3444,22,4.4,11,66,2.2,7.2,7.1,11.1,215.3,91.6,28,191,56,70,6.5,6.4,5.3,-12.78
Washington Redskins,2006,23,16,289,486,59.5,3491,30,6.2,6,82,1.2,7.4,8.1,12.4,218.2,97.8,19,95,43,48,6.9,7.6,3.8,-93.08
Dallas Cowboys,2006,24,16,301,511,58.9,3506,25,4.9,18,96,3.5,7.3,6.7,12.4,219.1,83.2,34,223,57,50,6.4,5.9,6.2,22.49
Detroit Lions,2006,25,16,339,511,66.3,3520,22,4.3,12,57,2.3,7.3,7.1,11.0,220.0,92.3,30,201,54,62,6.5,6.3,5.5,-37.57
San Francisco 49ers,2006,26,16,331,518,63.9,3571,25,4.8,14,65,2.7,7.4,7.1,11.5,223.2,90.9,34,246,64,63,6.5,6.2,6.2,-9.96
Tennessee Titans,2006,27,16,335,530,63.2,3602,24,4.5,17,79,3.2,7.1,6.5,11.2,225.1,86.0,26,148,62,68,6.5,6.0,4.7,4.62
New York Giants,2006,28,16,333,567,58.7,3649,21,3.7,17,97,3.0,6.8,6.1,11.5,228.1,79.0,32,181,63,69,6.1,5.5,5.3,22.76
Atlanta Falcons,2006,29,16,321,515,62.3,3668,20,3.9,12,75,2.3,7.6,7.3,12.2,229.3,88.8,37,235,69,87,6.6,6.4,6.7,-12.20
Arizona Cardinals,2006,30,16,321,522,61.5,3694,21,4.0,16,84,3.1,7.5,7.0,12.2,230.9,85.4,38,238,65,77,6.6,6.1,6.8,20.39
Minnesota Vikings,2006,31,16,355,599,59.3,3818,15,2.5,21,72,3.5,6.7,5.6,11.3,238.6,73.1,30,197,59,76,6.1,5.0,4.8,66.09
Cincinnati Bengals,2006,32,16,349,555,62.9,3818,24,4.3,19,99,3.4,7.3,6.6,11.5,238.6,84.9,35,211,80,58,6.5,5.8,5.9,7.28
Tampa Bay Buccaneers,2007,1,16,297,490,60.6,2725,18,3.7,16,68,3.3,6.0,5.3,9.9,170.3,76.2,33,210,57,46,5.2,4.5,6.3,69.81
Indianapolis Colts,2007,2,16,325,498,65.3,2764,16,3.2,22,64,4.4,5.9,4.5,9.0,172.8,73.3,28,162,65,63,5.3,4.0,5.3,53.94
Pittsburgh Steelers,2007,3,16,292,536,54.5,2824,22,4.1,11,75,2.1,5.7,5.6,10.5,176.5,76.5,36,243,88,60,4.9,4.8,6.3,79.63
Miami Dolphins,2007,4,16,242,409,59.2,3019,28,6.8,14,56,3.4,7.8,7.6,13.2,188.7,92.4,30,167,60,60,6.9,6.7,6.8,9.35
Kansas City Chiefs,2007,5,16,276,462,59.7,3022,17,3.7,14,75,3.0,7.1,6.5,11.9,188.9,81.0,37,252,62,88,6.1,5.5,7.4,52.80
New England Patriots,2007,6,16,314,526,59.7,3041,23,4.4,19,75,3.6,6.4,5.7,10.8,190.1,78.1,47,340,97,62,5.3,4.6,8.2,102.46
Denver Broncos,2007,7,16,279,458,60.9,3094,25,5.5,14,71,3.1,7.2,6.9,11.8,193.4,88.3,33,203,48,61,6.3,6.0,6.7,-24.94
Oakland Raiders,2007,8,16,261,439,59.5,3132,17,3.9,18,69,4.1,7.6,6.5,12.7,195.8,78.9,27,186,45,64,6.7,5.7,5.8,30.38
New York Jets,2007,9,16,289,470,61.5,3154,18,3.8,15,70,3.2,7.2,6.5,11.6,197.1,82.6,29,208,62,51,6.3,5.7,5.8,-8.57
Tennessee Titans,2007,10,16,349,569,61.3,3187,21,3.7,22,89,3.9,6.0,5.0,9.8,199.2,74.5,40,241,116,82,5.2,4.3,6.6,79.71
New York Giants,2007,11,16,306,523,58.5,3317,24,4.6,15,75,2.9,7.0,6.6,12.0,207.3,83.4,53,349,103,97,5.8,5.4,9.2,27.07
Green Bay Packers,2007,12,16,295,534,55.2,3366,23,4.3,19,73,3.6,6.7,6.0,12.1,210.4,75.6,36,218,82,69,5.9,5.2,6.3,63.09
Dallas Cowboys,2007,13,16,342,581,58.9,3409,19,3.3,19,84,3.3,6.4,5.6,10.9,213.1,75.1,46,319,91,68,5.4,4.7,7.3,51.86
San Diego Chargers,2007,14,16,338,555,60.9,3412,20,3.6,30,96,5.4,6.6,4.9,10.9,213.3,70.0,42,272,71,69,5.7,4.1,7.0,92.16
Jacksonville Jaguars,2007,15,16,319,543,58.7,3416,20,3.7,20,66,3.7,6.7,5.8,11.5,213.5,76.1,37,244,72,70,5.9,5.0,6.4,30.26
Washington Redskins,2007,16,16,351,602,58.3,3424,20,3.3,14,84,2.3,6.0,5.6,10.3,214.0,77.1,33,198,65,53,5.4,5.0,5.2,98.57
Carolina Panthers,2007,17,16,337,537,62.8,3426,22,4.1,14,72,2.6,6.7,6.4,10.7,214.1,85.1,23,177,48,71,6.1,5.8,4.1,41.90
Philadelphia Eagles,2007,18,16,312,539,57.9,3449,16,3.0,11,61,2.0,6.9,6.5,11.8,215.6,80.3,37,244,61,91,6.0,5.7,6.4,9.45
Seattle Seahawks,2007,19,16,333,568,58.6,3505,15,2.6,20,78,3.5,6.7,5.6,11.4,219.1,73.0,45,303,91,78,5.7,4.7,7.3,82.38
Baltimore Ravens,2007,20,16,293,490,59.8,3557,27,5.5,17,92,3.5,7.6,7.2,12.8,222.3,87.6,32,183,71,79,6.8,6.4,6.1,-28.91
St. Louis Rams,2007,21,16,318,523,60.8,3613,25,4.8,18,73,3.4,7.4,6.8,12.1,225.8,85.0,31,234,80,76,6.5,6.0,5.6,-37.24
San Francisco 49ers,2007,22,16,345,543,63.5,3643,24,4.4,12,63,2.2,7.0,6.9,11.1,227.7,89.9,31,183,57,74,6.3,6.2,5.4,15.38
Atlanta Falcons,2007,23,16,336,536,62.7,3655,27,5.0,16,73,3.0,7.1,6.8,11.3,228.4,88.2,25,146,43,60,6.5,6.2,4.5,22.39
Cleveland Browns,2007,24,16,340,578,58.8,3681,29,5.0,17,89,2.9,6.7,6.4,11.4,230.1,83.4,28,186,72,47,6.1,5.8,4.6,50.23
Houston Texans,2007,25,16,361,546,66.1,3682,25,4.6,11,78,2.0,7.1,7.1,10.7,230.1,93.6,31,196,52,58,6.4,6.4,5.4,-15.96
Cincinnati Bengals,2007,26,16,353,540,65.4,3687,29,5.4,19,82,3.5,7.1,6.6,10.8,230.4,89.2,22,128,76,59,6.6,6.1,3.9,25.37
Chicago Bears,2007,27,16,343,541,63.4,3708,19,3.5,16,64,3.0,7.3,6.7,11.5,231.8,84.7,41,245,73,85,6.4,5.8,7.0,51.20
Arizona Cardinals,2007,28,16,361,570,63.3,3716,26,4.6,18,67,3.2,6.9,6.4,11.0,232.3,85.8,36,242,68,68,6.1,5.7,5.9,42.52
Buffalo Bills,2007,29,16,354,567,62.4,3814,19,3.4,18,83,3.2,7.0,6.2,11.2,238.4,81.1,26,144,58,71,6.4,5.7,4.4,5.89
New Orleans Saints,2007,30,16,327,524,62.4,3924,32,6.1,13,74,2.5,7.9,8.0,12.6,245.3,96.9,32,198,66,60,7.1,7.2,5.8,19.38
Detroit Lions,2007,31,16,422,602,70.1,4131,32,5.3,17,60,2.8,7.3,7.1,10.4,258.2,96.8,37,256,93,75,6.5,6.3,5.8,-6.20
Minnesota Vikings,2007,32,16,415,646,64.2,4225,22,3.4,15,76,2.3,7.0,6.6,10.8,264.1,86.3,38,275,74,98,6.2,5.8,5.6,1.12
Pittsburgh Steelers,2008,1,16,301,533,56.5,2511,12,2.3,20,92,3.8,5.4,4.1,9.5,156.9,63.4,51,350,86,83,4.3,3.2,8.7,183.53
Baltimore Ravens,2008,2,16,276,528,52.3,2875,17,3.2,26,104,4.9,5.9,4.4,11.3,179.7,60.6,34,257,91,81,5.1,3.6,6.0,190.62
Philadelphia Eagles,2008,3,16,284,525,54.1,2913,19,3.6,15,100,2.9,6.1,5.6,11.4,182.1,72.9,48,312,85,98,5.1,4.6,8.4,161.89
Tampa Bay Buccaneers,2008,4,16,276,475,58.1,2997,23,4.8,22,77,4.6,6.7,5.6,11.5,187.3,75.3,29,190,71,57,5.9,4.9,5.8,71.10
Dallas Cowboys,2008,5,16,308,508,60.6,3003,19,3.7,8,60,1.6,6.6,6.7,11.0,187.7,86.2,59,374,112,92,5.3,5.3,10.4,42.71
Indianapolis Colts,2008,6,16,329,481,68.4,3009,6,1.2,15,51,3.1,6.7,5.5,9.8,188.1,78.0,30,200,53,74,5.9,4.8,5.9,31.89
Washington Redskins,2008,7,16,290,511,56.8,3095,16,3.1,13,96,2.5,6.3,5.8,11.2,193.4,75.6,24,141,64,60,5.8,5.3,4.5,44.52
New York Giants,2008,8,16,296,503,58.8,3139,17,3.4,17,76,3.4,6.8,6.0,11.6,196.2,76.7,42,288,75,100,5.8,5.0,7.7,55.32
Tennessee Titans,2008,9,16,342,575,59.5,3196,12,2.1,20,89,3.5,6.0,4.9,10.1,199.8,69.2,44,262,128,107,5.2,4.1,7.1,109.45
Oakland Raiders,2008,10,16,266,471,56.5,3220,20,4.2,16,71,3.4,7.2,6.6,12.8,201.3,79.3,32,188,52,65,6.4,5.8,6.4,28.51
New England Patriots,2008,11,16,288,474,60.8,3222,27,5.7,14,58,3.0,7.3,7.1,12.0,201.4,89.8,31,239,70,65,6.4,6.2,6.1,-24.23
Green Bay Packers,2008,12,16,287,518,55.4,3244,22,4.2,22,88,4.2,6.5,5.5,11.8,202.8,71.9,27,140,74,52,6.0,4.9,5.0,74.40
Buffalo Bills,2008,13,16,301,492,61.2,3271,14,2.8,10,79,2.0,7.0,6.6,11.4,204.4,83.2,24,170,55,77,6.3,6.0,4.7,32.09
Cleveland Browns,2008,14,16,286,446,64.1,3273,19,4.3,23,67,5.2,7.5,6.1,11.8,204.6,79.7,17,90,57,56,7.1,5.7,3.7,-24.32
Cincinnati Bengals,2008,15,16,315,506,62.3,3287,23,4.5,12,83,2.4,6.7,6.6,10.8,205.4,87.3,17,122,68,62,6.3,6.1,3.3,4.51
Carolina Panthers,2008,16,16,333,557,59.8,3387,19,3.4,12,83,2.2,6.5,6.2,10.9,211.7,81.4,37,230,61,68,5.7,5.4,6.2,42.31
Houston Texans,2008,17,16,294,471,62.4,3423,24,5.1,12,61,2.5,7.6,7.5,12.2,213.9,92.3,25,175,57,60,6.9,6.8,5.0,-24.53
Minnesota Vikings,2008,18,16,324,530,61.1,3449,15,2.8,12,67,2.3,7.1,6.6,11.6,215.6,82.5,45,304,98,99,6.0,5.6,7.8,32.38
St. Louis Rams,2008,19,16,278,444,62.6,3475,20,4.5,12,56,2.7,8.3,8.0,13.2,217.2,92.5,30,201,77,87,7.3,7.0,6.3,-8.63
San Francisco 49ers,2008,20,16,331,545,60.7,3507,22,4.0,12,79,2.2,6.7,6.5,11.1,219.2,85.0,30,161,62,67,6.1,5.9,5.2,10.48
Atlanta Falcons,2008,21,16,325,549,59.2,3526,20,3.6,10,76,1.8,6.9,6.8,11.6,220.4,84.6,34,245,70,81,6.0,6.0,5.8,7.43
Arizona Cardinals,2008,22,16,323,517,62.5,3540,36,7.0,13,75,2.5,7.2,7.5,11.6,221.3,96.9,31,191,78,68,6.5,6.7,5.7,-5.96
New Orleans Saints,2008,23,16,299,526,56.8,3547,21,4.0,15,91,2.9,7.0,6.6,12.4,221.7,80.3,28,161,64,70,6.4,5.9,5.1,18.65
Jacksonville Jaguars,2008,24,16,297,465,63.9,3586,25,5.4,13,57,2.8,8.1,7.9,12.7,224.1,95.4,29,191,67,81,7.3,7.1,5.9,-42.19
Miami Dolphins,2008,25,16,320,551,58.1,3644,18,3.3,18,83,3.3,7.0,6.2,12.1,227.8,77.0,40,218,70,72,6.2,5.4,6.8,17.59
Denver Broncos,2008,26,16,333,495,67.3,3656,20,4.0,6,52,1.2,7.7,7.9,11.4,228.5,98.5,26,141,54,64,7.0,7.3,5.0,-96.78
Detroit Lions,2008,27,16,303,443,68.4,3716,25,5.6,4,46,0.9,8.8,9.5,12.9,232.3,110.9,30,191,56,75,7.9,8.5,6.3,-132.81
Kansas City Chiefs,2008,28,16,348,522,66.7,3748,21,4.0,13,58,2.5,7.3,7.0,10.9,234.3,91.1,10,62,34,56,7.0,6.7,1.9,20.28
New York Jets,2008,29,16,368,572,64.3,3752,23,4.0,14,78,2.4,7.0,6.7,10.9,234.5,88.1,41,253,66,69,6.1,5.8,6.7,51.60
Chicago Bears,2008,30,16,383,622,61.6,3859,21,3.4,22,104,3.5,6.6,5.6,10.6,241.2,77.2,28,217,77,97,5.9,5.1,4.3,17.31
San Diego Chargers,2008,31,16,411,605,67.9,3958,25,4.1,15,78,2.5,6.8,6.5,10.0,247.4,90.3,28,132,56,52,6.3,6.0,4.4,17.03
Seattle Seahawks,2008,32,16,366,566,64.7,4149,25,4.4,9,66,1.6,7.7,7.8,11.9,259.3,96.0,35,193,82,74,6.9,7.1,5.8,-38.34
New York Jets,2009,1,16,259,501,51.7,2459,8,1.6,17,86,3.4,5.4,4.2,10.4,153.7,58.8,32,245,72,79,4.6,3.5,6.0,143.43
Buffalo Bills,2009,2,16,295,519,56.8,2948,14,2.7,28,83,5.4,6.0,4.2,10.6,184.3,61.1,32,189,71,85,5.4,3.6,5.8,98.18
Denver Broncos,2009,3,16,298,510,58.4,2981,18,3.5,17,83,3.3,6.3,5.5,10.8,186.3,75.0,39,241,76,80,5.4,4.7,7.1,83.57
Carolina Panthers,2009,4,16,305,495,61.6,3056,14,2.8,22,69,4.4,6.6,5.1,10.7,191.0,71.7,31,193,70,66,5.8,4.5,5.9,79.97
Green Bay Packers,2009,5,16,294,540,54.4,3218,29,5.4,30,98,5.6,6.4,5.0,11.7,201.1,68.8,37,232,88,92,5.6,4.2,6.4,41.12
Cincinnati Bengals,2009,6,16,318,547,58.1,3249,18,3.3,19,96,3.5,6.4,5.5,11.0,203.1,73.6,34,237,83,64,5.6,4.7,5.9,55.20
Oakland Raiders,2009,7,16,259,438,59.1,3303,16,3.7,8,70,1.8,8.1,8.0,13.6,206.4,89.5,37,228,69,93,7.0,6.9,7.8,-51.87
Washington Redskins,2009,8,16,314,511,61.4,3316,19,3.7,11,76,2.2,7.0,6.7,11.3,207.3,85.7,40,241,80,82,6.0,5.8,7.3,29.22
Baltimore Ravens,2009,9,16,306,524,58.4,3316,17,3.2,22,81,4.2,6.7,5.5,11.5,207.3,71.9,32,190,66,83,6.0,4.8,5.8,102.23
Tampa Bay Buccaneers,2009,10,16,301,482,62.4,3318,28,5.8,19,69,3.9,7.2,6.6,11.6,207.4,87.2,28,166,64,65,6.5,5.9,5.5,-5.19
San Diego Chargers,2009,11,16,326,534,61.0,3348,23,4.3,14,67,2.6,6.7,6.4,10.9,209.3,84.2,35,221,51,69,5.9,5.6,6.2,18.64
New England Patriots,2009,12,16,300,512,58.6,3355,25,4.9,18,70,3.5,7.0,6.4,11.9,209.7,81.7,31,229,77,60,6.2,5.6,5.7,25.52
Chicago Bears,2009,13,16,341,531,64.2,3382,29,5.5,13,53,2.4,6.9,6.9,10.7,211.4,92.3,35,272,83,70,6.0,6.0,6.2,-1.66
Indianapolis Colts,2009,14,16,372,583,63.8,3403,19,3.3,16,70,2.7,6.2,5.6,9.8,212.7,80.6,34,228,78,57,5.5,5.0,5.5,58.48
New York Giants,2009,15,16,314,498,63.1,3425,31,6.2,13,81,2.6,7.4,7.4,11.7,214.1,95.1,32,237,86,86,6.5,6.5,6.0,-17.82
Pittsburgh Steelers,2009,16,16,319,548,58.2,3447,22,4.0,12,68,2.2,6.9,6.7,11.8,215.4,83.4,47,314,81,84,5.8,5.6,7.9,49.84
Philadelphia Eagles,2009,17,16,354,580,61.0,3462,27,4.7,25,97,4.3,6.5,5.5,10.7,216.4,77.6,44,316,94,89,5.5,4.6,7.1,58.82
Houston Texans,2009,18,16,344,548,62.8,3487,19,3.5,14,74,2.6,6.7,6.2,10.7,217.9,83.2,30,187,85,83,6.0,5.6,5.2,16.28
Minnesota Vikings,2009,19,16,341,535,63.7,3494,26,4.9,11,63,2.1,7.1,7.2,11.2,218.4,92.5,48,318,101,96,6.0,6.0,8.2,32.45
Dallas Cowboys,2009,20,16,344,572,60.1,3606,19,3.3,11,90,1.9,6.8,6.6,11.3,225.4,83.5,42,268,98,66,5.9,5.7,6.8,24.34
San Francisco 49ers,2009,21,16,352,580,60.7,3670,14,2.4,18,69,3.1,6.8,5.9,11.3,229.4,76.2,44,293,93,85,5.9,5.0,7.1,97.69
Kansas City Chiefs,2009,22,16,302,509,59.3,3707,25,4.9,15,85,2.9,7.6,7.2,12.7,231.7,87.1,22,137,45,46,7.0,6.7,4.1,2.41
Arizona Cardinals,2009,23,16,346,593,58.3,3739,22,3.7,21,90,3.5,6.7,5.9,11.6,233.7,76.4,43,259,81,90,5.9,5.1,6.8,37.61
Miami Dolphins,2009,24,16,281,489,57.5,3754,23,4.7,15,81,3.1,8.2,7.7,14.2,234.6,86.9,44,242,92,75,7.0,6.6,8.3,6.01
St. Louis Rams,2009,25,16,315,491,64.2,3764,22,4.5,8,54,1.6,8.0,8.1,12.4,235.3,96.9,25,149,81,83,7.3,7.4,4.8,-76.95
New Orleans Saints,2009,26,16,330,574,57.5,3769,15,2.6,26,86,4.5,6.9,5.4,12.0,235.6,68.6,35,192,83,63,6.2,4.8,5.7,127.61
Jacksonville Jaguars,2009,27,16,345,510,67.6,3774,28,5.5,15,59,2.9,7.6,7.3,11.2,235.9,96.0,14,79,47,53,7.2,7.0,2.7,-103.25
Atlanta Falcons,2009,28,16,335,536,62.5,3871,25,4.7,15,64,2.8,7.5,7.2,12.1,241.9,89.5,28,170,69,70,6.9,6.6,5.0,-36.29
Cleveland Browns,2009,29,16,313,526,59.5,3915,22,4.2,10,74,1.9,7.9,7.9,13.3,244.7,90.6,40,234,97,61,6.9,6.9,7.1,-15.34
Seattle Seahawks,2009,30,16,374,568,65.8,3927,27,4.8,13,66,2.3,7.2,7.2,11.0,245.4,93.4,28,185,88,68,6.6,6.5,4.7,-40.56
Tennessee Titans,2009,31,16,404,604,66.9,4139,31,5.1,20,66,3.3,7.2,6.8,10.8,258.7,91.2,32,224,92,77,6.5,6.1,5.0,-30.62
Detroit Lions,2009,32,16,371,545,68.1,4249,35,6.4,9,71,1.7,8.1,8.6,11.9,265.6,107.0,26,150,59,67,7.4,8.0,4.6,-79.03
San Diego Chargers,2010,1,16,285,488,58.4,2845,18,3.7,16,68,3.3,6.4,5.7,11.0,177.8,76.2,47,290,62,82,5.3,4.6,8.8,77.89
Oakland Raiders,2010,2,16,249,470,53.0,3027,29,6.2,12,66,2.6,7.1,7.1,13.3,189.2,85.6,47,292,98,86,5.9,5.9,9.1,-0.80
Buffalo Bills,2010,3,16,294,473,62.2,3072,28,5.9,11,80,2.3,6.9,7.0,11.1,192.0,92.6,27,181,54,63,6.1,6.3,5.4,4.37
New Orleans Saints,2010,4,16,306,494,61.9,3103,13,2.6,9,69,1.8,6.8,6.5,11.0,193.9,83.2,33,250,69,74,5.9,5.6,6.3,47.51
Green Bay Packers,2010,5,16,296,527,56.2,3107,16,3.0,24,89,4.6,6.5,5.1,11.6,194.2,67.2,47,333,89,76,5.4,4.1,8.2,119.67
New York Jets,2010,6,16,269,531,50.7,3210,24,4.5,12,87,2.3,6.5,6.4,12.8,200.6,77.1,40,244,76,70,5.6,5.5,7.0,39.77
Tampa Bay Buccaneers,2010,7,16,307,521,58.9,3216,23,4.4,19,73,3.6,6.4,5.7,10.9,201.0,77.6,26,143,51,70,5.9,5.2,4.8,32.94
Miami Dolphins,2010,8,16,288,502,57.4,3348,22,4.4,11,82,2.2,7.1,7.0,12.4,209.3,85.0,39,225,69,86,6.2,6.1,7.2,-4.94
Minnesota Vikings,2010,9,16,333,529,62.9,3367,25,4.7,15,64,2.8,6.7,6.4,10.6,210.4,86.4,31,177,76,78,6.0,5.7,5.5,51.17
New York Giants,2010,10,16,308,539,57.1,3370,24,4.5,16,87,3.0,6.8,6.4,12.0,210.6,80.7,46,316,102,80,5.8,5.4,7.9,101.71
Carolina Panthers,2010,11,16,326,526,62.0,3393,19,3.6,17,71,3.2,6.9,6.1,11.1,212.1,81.0,31,224,77,86,6.1,5.4,5.6,-10.14
Pittsburgh Steelers,2010,12,16,363,593,61.2,3425,15,2.5,21,91,3.5,6.3,5.2,10.3,214.1,73.1,48,319,84,72,5.3,4.3,7.5,95.70
Indianapolis Colts,2010,13,16,356,535,66.5,3433,22,4.1,10,55,1.9,6.8,6.8,10.2,214.6,91.7,30,194,68,63,6.1,6.1,5.3,18.20
Cincinnati Bengals,2010,14,16,326,514,63.4,3469,21,4.1,16,69,3.1,7.1,6.5,11.2,216.8,85.2,27,179,91,57,6.4,5.9,5.0,24.38
Philadelphia Eagles,2010,15,16,309,536,57.6,3469,31,5.8,23,94,4.3,7.0,6.2,12.2,216.8,80.8,39,292,69,94,6.0,5.3,6.8,-20.54
Detroit Lions,2010,16,16,330,518,63.7,3498,23,4.4,14,66,2.7,7.3,7.0,11.5,218.6,89.2,44,288,90,83,6.2,5.9,7.8,25.27
Kansas City Chiefs,2010,17,16,319,581,54.9,3519,23,4.0,14,99,2.4,6.5,6.2,11.8,219.9,78.1,39,258,82,62,5.7,5.4,6.3,34.30
Cleveland Browns,2010,18,16,309,507,60.9,3531,26,5.1,19,81,3.7,7.3,6.7,12.0,220.7,84.8,29,178,77,48,6.6,6.0,5.4,-8.38
St. Louis Rams,2010,19,16,328,570,57.5,3578,21,3.7,14,81,2.5,6.8,6.4,11.8,223.6,80.4,43,290,96,97,5.8,5.5,7.0,11.96
Chicago Bears,2010,20,16,363,582,62.4,3588,14,2.4,21,81,3.6,6.6,5.4,10.5,224.3,74.4,34,232,72,81,5.8,4.7,5.5,76.80
Baltimore Ravens,2010,21,16,349,596,58.6,3599,22,3.7,19,84,3.2,6.4,5.7,10.9,224.9,76.4,27,190,63,60,5.8,5.1,4.3,75.48
Atlanta Falcons,2010,22,16,364,560,65.0,3625,23,4.1,22,71,3.9,6.9,5.9,10.6,226.6,82.2,31,221,59,80,6.1,5.2,5.2,-8.67
Arizona Cardinals,2010,23,16,324,533,60.8,3654,22,4.1,17,81,3.2,7.3,6.7,12.0,228.4,83.5,33,227,73,93,6.5,5.9,5.8,-6.34
San Francisco 49ers,2010,24,16,358,550,65.1,3697,25,4.5,15,70,2.7,7.2,6.8,11.0,231.1,90.0,36,244,74,72,6.3,6.0,6.1,37.84
Denver Broncos,2010,25,16,297,502,59.2,3780,26,5.2,10,77,2.0,7.8,8.0,13.3,236.3,93.0,23,156,64,61,7.2,7.3,4.4,-79.53
Dallas Cowboys,2010,26,16,348,540,64.4,3894,33,6.1,20,63,3.7,7.7,7.2,11.9,243.4,92.8,35,257,69,64,6.8,6.4,6.1,-68.14
Seattle Seahawks,2010,27,16,339,585,57.9,3994,31,5.3,12,86,2.1,7.2,7.4,12.5,249.6,89.7,37,246,79,67,6.4,6.5,5.9,-50.61
Jacksonville Jaguars,2010,28,16,329,506,65.0,4004,28,5.5,13,50,2.6,8.3,8.2,12.7,250.3,98.5,26,189,71,66,7.5,7.5,4.9,-74.29
Tennessee Titans,2010,29,16,410,625,65.6,4032,23,3.7,17,77,2.7,6.9,6.4,10.5,252.0,86.4,40,272,99,90,6.1,5.6,6.0,-5.56
New England Patriots,2010,30,16,388,611,63.5,4136,25,4.1,25,80,4.1,7.1,6.1,11.2,258.5,81.2,36,212,66,60,6.4,5.4,5.6,25.17
Washington Redskins,2010,31,16,367,578,63.5,4187,23,4.0,14,91,2.4,7.5,7.3,11.9,261.7,89.6,29,176,73,55,6.9,6.6,4.8,10.70
Houston Texans,2010,32,16,354,547,64.7,4280,33,6.0,13,59,2.4,8.2,8.4,12.7,267.5,100.5,30,219,96,70,7.4,7.5,5.2,-125.44
Pittsburgh Steelers,2011,1,16,289,530,54.5,2751,15,2.8,11,73,2.1,5.6,5.3,10.3,171.9,71.7,35,230,76,70,4.9,4.5,6.2,29.86
Cleveland Browns,2011,2,16,265,469,56.5,2959,16,3.4,9,71,1.9,6.7,6.6,11.9,184.9,80.6,32,199,65,68,5.9,5.7,6.4,24.65
Houston Texans,2011,3,16,279,538,51.9,3035,18,3.3,17,99,3.2,6.2,5.4,11.9,189.7,69.0,44,287,112,73,5.2,4.5,7.6,121.30
Baltimore Ravens,2011,4,16,288,535,53.8,3140,11,2.1,15,112,2.8,6.4,5.6,11.9,196.3,68.8,48,290,90,73,5.4,4.6,8.2,125.55
New York Jets,2011,5,16,275,507,54.2,3216,15,3.0,19,76,3.7,6.7,5.6,12.4,201.0,69.6,35,198,75,71,5.9,4.9,6.5,114.45
Kansas City Chiefs,2011,6,16,257,454,56.6,3221,23,5.1,20,86,4.4,7.5,6.5,13.3,201.3,79.1,29,186,65,59,6.7,5.8,6.0,3.95
St. Louis Rams,2011,7,16,293,484,60.5,3301,21,4.3,12,66,2.5,7.4,7.1,12.2,206.3,87.3,39,261,78,86,6.3,6.1,7.5,-34.63
Jacksonville Jaguars,2011,8,16,326,513,63.5,3341,21,4.1,17,64,3.3,6.9,6.3,10.9,208.8,83.7,31,213,70,62,6.1,5.5,5.7,28.14
Cincinnati Bengals,2011,9,16,319,539,59.2,3385,21,3.9,10,75,1.9,6.8,6.7,11.5,211.6,85.0,45,277,107,81,5.8,5.7,7.7,60.83
Philadelphia Eagles,2011,10,16,301,518,58.1,3397,27,5.2,15,67,2.9,7.2,6.9,12.3,212.3,85.7,50,316,101,98,6.0,5.7,8.8,30.99
Seattle Seahawks,2011,11,16,324,543,59.7,3518,18,3.3,22,89,4.1,6.9,5.7,11.6,219.9,74.8,33,232,73,73,6.1,5.0,5.7,100.35
Washington Redskins,2011,12,16,308,509,60.5,3553,22,4.3,13,78,2.6,7.5,7.2,12.4,222.1,87.4,41,251,91,70,6.5,6.2,7.5,-39.07
San Diego Chargers,2011,13,16,299,478,62.6,3591,29,6.1,17,67,3.6,7.9,7.5,12.6,224.4,92.5,32,187,54,69,7.0,6.7,6.3,12.85
Tennessee Titans,2011,14,16,369,591,62.4,3629,21,3.6,11,76,1.9,6.4,6.3,10.3,226.8,85.1,28,180,64,70,5.9,5.7,4.5,29.88
Indianapolis Colts,2011,15,16,351,493,71.2,3632,25,5.1,8,47,1.6,7.8,8.0,10.9,227.0,103.9,29,192,67,67,7.0,7.2,5.6,-33.30
San Francisco 49ers,2011,16,16,333,579,57.5,3695,20,3.5,23,106,4.0,6.9,5.8,11.9,230.9,73.6,42,283,95,73,6.0,4.9,6.8,65.84
Arizona Cardinals,2011,17,16,340,578,58.8,3696,17,2.9,10,90,1.7,6.9,6.7,11.8,231.0,82.5,42,304,83,92,6.0,5.8,6.8,74.06
Denver Broncos,2011,18,16,333,534,62.4,3704,24,4.5,9,60,1.7,7.5,7.6,12.0,231.5,93.1,41,283,82,88,6.4,6.6,7.1,-11.18
Buffalo Bills,2011,19,16,321,507,63.3,3714,30,5.9,20,70,3.9,7.7,7.1,12.2,232.1,90.4,29,210,56,58,6.9,6.4,5.4,-35.12
Atlanta Falcons,2011,20,16,340,560,60.7,3786,25,4.5,19,86,3.4,7.2,6.5,11.8,236.6,83.3,33,231,92,82,6.4,5.8,5.6,-4.36
Tampa Bay Buccaneers,2011,21,16,301,481,62.6,3814,30,6.2,14,61,2.9,8.2,8.2,13.2,238.4,97.2,23,148,52,84,7.6,7.5,4.6,-70.51
Detroit Lions,2011,22,16,376,604,62.3,3831,26,4.3,21,75,3.5,6.8,6.1,10.9,239.4,82.1,41,271,76,68,5.9,5.3,6.4,70.52
Dallas Cowboys,2011,23,16,336,545,61.7,3906,24,4.4,15,59,2.8,7.6,7.3,12.3,244.1,88.4,42,243,92,91,6.7,6.3,7.2,0.63
Carolina Panthers,2011,24,16,318,490,64.9,3949,28,5.7,14,74,2.9,8.4,8.3,13.0,246.8,98.3,31,170,50,66,7.6,7.4,6.0,-92.32
Miami Dolphins,2011,25,16,350,590,59.3,3992,24,4.1,16,65,2.7,7.2,6.8,12.1,249.5,83.7,41,241,99,79,6.3,5.9,6.5,16.22
Minnesota Vikings,2011,26,16,367,538,68.2,4019,34,6.3,8,53,1.5,8.1,8.7,11.9,251.2,107.6,50,342,86,84,6.8,7.4,8.5,-87.71
Oakland Raiders,2011,27,16,324,601,53.9,4023,31,5.2,18,91,3.0,7.1,6.8,13.2,251.4,81.3,39,239,92,74,6.3,6.0,6.1,-52.27
Chicago Bears,2011,28,16,383,631,60.7,4065,22,3.5,20,66,3.2,6.8,6.0,11.2,254.1,79.3,33,208,64,86,6.1,5.4,5.0,53.07
New York Giants,2011,29,16,361,589,61.3,4082,28,4.8,20,86,3.4,7.5,6.9,12.2,255.1,86.1,48,335,89,88,6.4,5.9,7.5,-22.71
New Orleans Saints,2011,30,16,362,626,57.8,4157,24,3.8,9,90,1.4,7.0,7.2,12.2,259.8,86.4,33,256,82,59,6.3,6.4,5.0,-17.82
New England Patriots,2011,31,16,386,619,62.4,4703,26,4.2,23,63,3.7,8.0,7.2,12.9,293.9,86.1,40,274,101,67,7.1,6.4,6.1,-0.35
Green Bay Packers,2011,32,16,390,637,61.2,4796,29,4.6,31,102,4.9,7.8,6.6,12.8,299.8,80.6,29,192,70,56,7.2,6.0,4.4,21.40
Pittsburgh Steelers,2012,1,16,299,523,57.2,2963,19,3.6,10,80,1.9,6.0,5.9,10.6,185.2,79.0,37,196,82,72,5.3,5.2,6.6,7.70
New York Jets,2012,2,16,266,494,53.8,3036,20,4.0,11,58,2.2,6.5,6.3,12.1,189.8,78.2,30,170,67,67,5.8,5.6,5.7,7.15
Denver Broncos,2012,3,16,321,559,57.4,3194,25,4.5,16,75,2.9,6.4,6.0,11.1,199.6,79.4,52,364,97,83,5.2,4.9,8.5,50.67
San Francisco 49ers,2012,4,16,337,567,59.4,3203,19,3.4,14,76,2.5,6.1,5.7,10.3,200.2,78.0,38,270,70,67,5.3,4.9,6.3,31.20
Arizona Cardinals,2012,5,16,270,497,54.3,3213,20,4.0,22,78,4.4,6.9,5.7,12.7,200.8,71.2,38,228,91,70,6.0,4.9,7.1,79.12
Seattle Seahawks,2012,6,16,327,564,58.0,3250,15,2.7,18,78,3.2,6.2,5.3,10.7,203.1,71.8,36,247,84,58,5.4,4.6,6.0,91.71
Cincinnati Bengals,2012,7,16,346,560,61.8,3400,16,2.9,14,74,2.5,6.7,6.2,10.9,212.5,80.7,51,361,93,85,5.6,5.1,8.3,107.27
Chicago Bears,2012,8,16,350,592,59.1,3423,19,3.2,24,96,4.1,6.3,5.1,10.6,213.9,71.3,41,289,66,80,5.4,4.3,6.5,133.21
Philadelphia Eagles,2012,9,16,292,485,60.2,3470,33,6.8,8,72,1.6,7.6,8.2,12.6,216.9,99.6,30,198,64,78,6.7,7.3,5.8,-79.67
Buffalo Bills,2012,10,16,306,536,57.1,3473,25,4.7,12,79,2.2,6.8,6.8,12.0,217.1,84.4,36,196,66,72,6.1,6.0,6.3,-14.58
Green Bay Packers,2012,11,16,313,568,55.1,3492,24,4.2,18,92,3.2,6.7,6.1,12.1,218.3,76.8,47,309,86,73,5.7,5.1,7.6,38.72
Kansas City Chiefs,2012,12,16,279,464,60.1,3533,29,6.3,7,65,1.5,8.0,8.5,13.2,220.8,99.9,27,161,51,71,7.2,7.7,5.5,-85.58
Carolina Panthers,2012,13,16,371,555,66.8,3568,22,4.0,11,64,2.0,6.9,6.8,10.4,223.0,91.7,39,284,68,63,6.0,5.9,6.6,-11.88
Detroit Lions,2012,14,16,346,544,63.6,3569,26,4.8,11,61,2.0,7.0,7.0,11.0,223.1,91.7,34,237,114,104,6.2,6.2,5.9,-18.72
St. Louis Rams,2012,15,16,362,547,66.2,3602,16,2.9,17,63,3.1,7.2,6.4,10.8,225.1,83.9,52,325,89,96,6.0,5.3,8.7,29.05
Houston Texans,2012,16,16,308,581,53.0,3612,29,5.0,15,116,2.6,6.7,6.5,12.6,225.8,80.0,44,269,110,88,5.8,5.6,7.0,34.24
Baltimore Ravens,2012,17,16,335,557,60.1,3650,15,2.7,13,86,2.3,7.0,6.5,11.6,228.1,80.6,37,250,87,80,6.1,5.7,6.2,46.47
San Diego Chargers,2012,18,16,347,568,61.1,3681,28,4.9,14,71,2.5,6.9,6.8,11.3,230.1,87.9,38,244,73,74,6.1,6.0,6.3,-8.31
Dallas Cowboys,2012,19,16,320,511,62.6,3684,22,4.3,7,54,1.4,7.6,7.9,12.2,230.3,94.7,34,211,72,59,6.8,7.0,6.2,-50.27
Oakland Raiders,2012,20,16,347,526,66.0,3775,28,5.3,11,55,2.1,7.5,7.7,11.4,235.9,97.5,25,185,90,83,6.9,7.0,4.5,-58.77
Indianapolis Colts,2012,21,16,334,535,62.4,3788,23,4.3,12,65,2.2,7.4,7.3,11.9,236.8,90.1,32,189,74,70,6.7,6.5,5.6,-82.31
Jacksonville Jaguars,2012,22,16,341,535,63.7,3832,21,3.9,12,59,2.2,7.4,7.2,11.6,239.5,89.8,20,128,62,51,6.9,6.7,3.6,-58.96
Atlanta Falcons,2012,23,16,337,551,61.2,3878,14,2.5,20,82,3.6,7.4,6.2,12.0,242.4,77.1,29,182,74,72,6.7,5.6,5.0,11.35
Minnesota Vikings,2012,24,16,391,612,63.9,3908,28,4.6,10,76,1.6,6.8,7.0,10.7,244.3,92.3,44,284,88,75,6.0,6.1,6.7,-51.23
Cleveland Browns,2012,25,16,378,600,63.0,3923,27,4.5,17,81,2.8,6.9,6.6,11.0,245.2,86.6,38,233,67,59,6.1,5.8,6.0,-39.92
Tennessee Titans,2012,26,16,374,564,66.3,3964,31,5.5,19,69,3.4,7.5,7.0,11.2,247.8,92.7,39,241,88,82,6.6,6.2,6.5,-20.00
Miami Dolphins,2012,27,16,353,600,58.8,3974,18,3.0,10,67,1.7,7.0,6.9,11.9,248.4,83.4,42,242,96,78,6.2,6.0,6.5,14.68
New York Giants,2012,28,16,341,534,63.9,4068,26,4.9,21,67,3.9,8.1,7.3,12.6,254.3,88.7,33,231,64,69,7.2,6.4,5.8,5.68
New England Patriots,2012,29,16,369,594,62.1,4342,27,4.5,20,78,3.4,7.7,7.1,12.3,271.4,86.9,37,213,71,72,6.9,6.3,5.9,-40.55
Washington Redskins,2012,30,16,393,636,61.8,4511,31,4.9,21,93,3.3,7.4,6.9,12.0,281.9,87.0,32,209,77,61,6.8,6.3,4.8,-5.45
New Orleans Saints,2012,31,16,370,602,61.5,4681,31,5.1,15,90,2.5,8.1,8.0,13.2,292.6,93.8,30,194,81,60,7.4,7.3,4.7,-87.41
Tampa Bay Buccaneers,2012,32,16,410,627,65.4,4758,30,4.8,18,82,2.9,7.9,7.6,12.1,297.4,93.5,27,193,62,105,7.3,7.0,4.1,-56.65
Seattle Seahawks,2013,1,16,309,524,59.0,2752,16,3.1,28,91,5.3,5.8,4.0,9.9,172.0,63.4,44,298,99,70,4.8,3.2,7.7,95.49
New Orleans Saints,2013,2,16,304,507,60.0,3105,20,3.9,12,68,2.4,6.8,6.5,11.3,194.1,83.6,49,336,95,78,5.6,5.3,8.8,-7.23
Houston Texans,2013,3,16,287,484,59.3,3123,29,6.0,7,69,1.4,6.8,7.4,11.5,195.2,93.9,32,187,105,70,6.1,6.6,6.2,-94.80
Buffalo Bills,2013,4,16,310,561,55.3,3271,28,5.0,23,91,4.1,6.5,5.7,11.8,204.4,74.9,57,395,103,103,5.3,4.5,9.2,23.48
Cincinnati Bengals,2013,5,16,362,614,59.0,3344,22,3.6,20,96,3.3,5.9,5.2,10.0,209.0,74.2,43,279,105,65,5.1,4.4,6.5,62.69
Carolina Panthers,2013,6,16,375,563,66.6,3429,17,3.0,20,67,3.6,6.8,5.8,10.3,214.3,81.4,60,424,112,99,5.5,4.6,9.6,11.45
San Francisco 49ers,2013,7,16,345,585,59.0,3536,19,3.2,18,82,3.1,6.5,5.8,11.1,221.0,76.4,38,283,81,73,5.7,5.0,6.1,8.78
Cleveland Browns,2013,8,16,363,605,60.0,3538,29,4.8,14,84,2.3,6.2,6.1,10.3,221.1,84.1,40,185,88,73,5.5,5.4,6.2,-30.89
Pittsburgh Steelers,2013,9,16,329,569,57.8,3546,21,3.7,10,70,1.8,6.6,6.5,11.4,221.6,82.7,34,205,77,63,5.9,5.8,5.6,-17.49
New York Giants,2013,10,16,361,601,60.1,3573,21,3.5,17,81,2.8,6.3,5.7,10.5,223.3,78.3,34,214,90,73,5.6,5.1,5.4,12.59
Tennessee Titans,2013,11,16,344,545,63.1,3612,15,2.8,13,87,2.4,7.0,6.5,11.2,225.8,83.3,36,227,80,73,6.2,5.7,6.2,-48.12
Baltimore Ravens,2013,12,16,314,552,56.9,3681,25,4.5,16,98,2.9,7.1,6.7,12.5,230.1,82.2,40,257,84,77,6.2,5.8,6.8,-24.08
Indianapolis Colts,2013,13,16,324,536,60.4,3711,21,3.9,15,77,2.8,7.4,6.9,12.2,231.9,84.6,42,248,85,61,6.4,6.0,7.3,-85.23
Arizona Cardinals,2013,14,16,367,625,58.7,3728,29,4.6,20,102,3.2,6.5,6.0,11.1,233.0,80.2,47,337,115,93,5.5,5.1,7.0,11.24
Chicago Bears,2013,15,16,315,507,62.1,3730,25,4.9,19,62,3.7,7.7,7.0,12.4,233.1,86.9,31,189,55,72,6.9,6.3,5.8,-48.65
Miami Dolphins,2013,16,16,344,580,59.3,3752,17,2.9,18,78,3.1,6.9,6.1,11.7,234.5,77.3,42,272,95,68,6.0,5.3,6.8,-23.66
Tampa Bay Buccaneers,2013,17,16,352,547,64.4,3806,30,5.5,21,74,3.8,7.4,6.8,11.5,237.9,88.9,35,255,85,86,6.5,5.9,6.0,-70.90
New England Patriots,2013,18,16,336,589,57.0,3824,25,4.2,17,78,2.9,7.0,6.6,12.3,239.0,81.0,48,313,96,68,6.0,5.6,7.5,-44.28
St. Louis Rams,2013,19,16,355,521,68.1,3874,21,4.0,14,75,2.7,8.1,7.7,11.8,242.1,94.7,53,326,94,100,6.7,6.4,9.2,-62.09
Washington Redskins,2013,20,16,337,514,65.6,3896,29,5.6,16,62,3.1,8.0,7.8,12.3,243.5,96.1,36,238,72,76,7.1,6.8,6.5,-67.27
Atlanta Falcons,2013,21,16,341,516,66.1,3897,31,6.0,10,58,1.9,8.0,8.3,12.1,243.6,102.4,32,231,59,60,7.1,7.4,5.8,-117.48
New York Jets,2013,22,16,345,586,58.9,3947,26,4.4,13,62,2.2,7.1,7.0,12.1,246.7,86.5,41,242,83,85,6.3,6.2,6.5,-79.62
Detroit Lions,2013,23,16,338,572,59.1,3950,24,4.2,15,88,2.6,7.3,7.0,12.4,246.9,85.0,33,249,93,81,6.5,6.2,5.5,-83.54
Green Bay Packers,2013,24,16,332,539,61.6,3956,30,5.6,11,66,2.0,7.8,8.0,12.6,247.3,95.9,44,238,63,80,6.8,7.0,7.5,-96.48
Kansas City Chiefs,2013,25,16,334,592,56.4,3962,25,4.2,21,100,3.5,7.2,6.5,12.8,247.6,78.5,47,309,76,69,6.2,5.5,7.4,-7.92
Jacksonville Jaguars,2013,26,16,354,551,64.2,3962,29,5.3,11,71,2.0,7.6,7.8,11.8,247.6,96.5,31,225,78,58,6.8,7.0,5.3,-94.62
Denver Broncos,2013,27,16,357,613,58.2,4070,29,4.7,17,97,2.8,7.1,6.8,12.2,254.4,84.5,41,290,92,94,6.2,5.9,6.3,-106.99
Oakland Raiders,2013,28,16,374,549,68.1,4092,33,6.0,9,40,1.6,7.9,8.4,11.6,255.8,105.1,38,260,78,83,7.0,7.4,6.5,-140.63
San Diego Chargers,2013,29,16,364,548,66.4,4139,23,4.2,11,67,2.0,8.0,7.9,12.1,258.7,96.4,35,248,63,62,7.1,7.0,6.0,-83.41
Dallas Cowboys,2013,30,16,403,623,64.7,4589,33,5.3,15,66,2.4,7.8,7.7,12.0,286.8,96.0,34,246,64,71,7.0,7.0,5.2,-88.37
Minnesota Vikings,2013,31,16,419,648,64.7,4595,37,5.7,12,60,1.9,7.5,7.8,11.6,287.2,98.6,41,274,88,84,6.7,7.0,6.0,-132.43
Philadelphia Eagles,2013,32,16,408,670,60.9,4636,25,3.7,19,97,2.8,7.3,6.8,12.0,289.8,84.0,37,271,69,73,6.6,6.1,5.2,-90.40
Seattle Seahawks,2014,1,16,313,507,61.7,2970,17,3.4,13,65,2.6,6.3,5.8,10.2,185.6,80.4,37,234,85,82,5.5,5.0,6.8,-16.02
Kansas City Chiefs,2014,2,16,318,545,58.3,3252,22,4.0,6,74,1.1,6.4,6.7,11.0,203.3,86.4,46,253,89,74,5.5,5.8,7.8,-23.65
Buffalo Bills,2014,3,16,337,559,60.3,3292,16,2.9,19,75,3.4,6.4,5.5,10.7,205.8,74.5,54,308,111,101,5.4,4.5,8.8,21.73
San Diego Chargers,2014,4,16,320,524,61.1,3427,24,4.6,7,55,1.3,6.9,7.2,11.3,214.2,91.3,26,178,52,72,6.2,6.5,4.7,-72.91
San Francisco 49ers,2014,5,16,324,551,58.8,3531,29,5.3,23,83,4.2,6.8,5.9,11.5,220.7,79.5,36,200,77,71,6.0,5.2,6.1,-42.78
Miami Dolphins,2014,6,16,338,537,62.9,3557,27,5.0,14,54,2.6,7.0,6.8,11.1,222.3,89.7,39,211,74,76,6.2,6.0,6.8,-46.55
Minnesota Vikings,2014,7,16,353,534,66.1,3572,26,4.9,13,61,2.4,7.1,7.0,10.7,223.3,92.8,41,217,92,69,6.2,6.1,7.1,-49.20
Cleveland Browns,2014,8,16,335,587,57.1,3592,22,3.7,21,96,3.6,6.4,5.6,11.3,224.5,74.1,31,191,70,66,5.8,5.0,5.0,-12.16
Denver Broncos,2014,9,16,399,641,62.2,3607,29,4.5,18,91,2.8,6.0,5.7,9.7,225.4,82.4,41,252,93,88,5.3,5.0,6.0,-45.06
Green Bay Packers,2014,10,16,333,564,59.0,3623,26,4.6,18,88,3.2,6.9,6.4,11.7,226.4,82.0,41,261,103,75,6.0,5.5,6.8,-43.54
Carolina Panthers,2014,11,16,364,562,64.8,3645,25,4.4,14,73,2.5,7.0,6.7,10.8,227.8,89.5,40,268,84,69,6.1,5.8,6.6,-51.57
Indianapolis Colts,2014,12,16,320,543,58.9,3669,27,5.0,12,75,2.2,7.2,7.2,12.3,229.3,88.7,41,263,93,78,6.3,6.3,7.0,-21.61
Detroit Lions,2014,13,16,383,592,64.7,3706,23,3.9,20,75,3.4,6.8,6.0,10.4,231.6,83.0,42,295,119,104,5.8,5.2,6.6,-24.50
New York Jets,2014,14,16,345,538,64.1,3746,31,5.8,6,56,1.1,7.5,8.2,11.8,234.1,101.5,45,310,108,69,6.4,7.0,7.7,-92.49
Tennessee Titans,2014,15,16,347,545,63.7,3773,28,5.1,12,70,2.2,7.3,7.4,11.5,235.8,93.6,39,222,67,91,6.5,6.5,6.7,-129.33
Oakland Raiders,2014,16,16,343,538,63.8,3810,29,5.4,9,58,1.7,7.4,7.7,11.6,238.1,96.9,22,157,56,77,6.8,7.1,3.9,-112.34
New England Patriots,2014,17,16,342,574,59.6,3837,24,4.2,16,66,2.8,7.2,6.8,12.0,239.8,84.0,40,282,82,71,6.2,5.9,6.5,-78.27
New York Giants,2014,18,16,324,522,62.1,3850,25,4.8,17,75,3.3,8.0,7.5,12.8,240.6,89.4,47,313,94,78,6.8,6.3,8.3,-52.69
St. Louis Rams,2014,19,16,368,540,68.1,3861,18,3.3,13,63,2.4,7.6,7.2,11.2,241.3,91.8,40,265,71,93,6.7,6.3,6.9,-56.45
Cincinnati Bengals,2014,20,16,365,608,60.0,3888,18,3.0,20,96,3.3,6.6,5.7,11.0,243.0,75.8,20,125,75,60,6.2,5.3,3.2,-59.21
Houston Texans,2014,21,16,363,619,58.6,3890,28,4.5,20,94,3.2,6.7,6.1,11.4,243.1,80.4,38,251,116,79,5.9,5.4,5.8,29.22
Jacksonville Jaguars,2014,22,16,355,541,65.6,3899,24,4.4,6,47,1.1,7.7,8.1,11.8,243.7,99.1,45,275,73,84,6.7,7.0,7.7,-67.37
Baltimore Ravens,2014,23,16,382,595,64.2,3979,22,3.7,11,75,1.8,7.3,7.2,11.4,248.7,90.6,49,362,118,75,6.2,6.1,7.6,-82.97
Washington Redskins,2014,24,16,345,519,66.5,3990,35,6.7,7,48,1.3,8.2,8.9,12.3,249.4,108.3,36,241,81,72,7.2,7.9,6.5,-173.00
New Orleans Saints,2014,25,16,341,546,62.5,4019,26,4.8,12,57,2.2,7.7,7.7,12.3,251.2,92.9,34,188,68,64,6.9,6.9,5.9,-108.56
Dallas Cowboys,2014,26,16,371,558,66.5,4031,22,3.9,18,71,3.2,7.5,6.8,11.3,251.9,88.5,28,156,79,64,6.9,6.2,4.8,-105.12
Pittsburgh Steelers,2014,27,16,350,543,64.5,4049,30,5.5,11,54,2.0,7.8,8.0,12.1,253.1,98.3,33,194,95,67,7.0,7.2,5.7,-104.45
Tampa Bay Buccaneers,2014,28,16,387,563,68.7,4084,28,5.0,14,65,2.5,7.6,7.5,11.1,255.3,97.4,36,210,75,94,6.8,6.7,6.0,-128.47
Arizona Cardinals,2014,29,16,365,579,63.0,4152,22,3.8,18,62,3.1,7.6,7.0,12.0,259.5,86.0,35,244,83,86,6.8,6.2,5.7,-42.10
Chicago Bears,2014,30,16,366,548,66.8,4230,34,6.2,14,53,2.6,8.1,8.2,12.2,264.4,101.7,39,228,83,76,7.2,7.3,6.6,-125.72
Philadelphia Eagles,2014,31,16,345,591,58.4,4238,30,5.1,12,82,2.0,7.8,7.9,13.3,264.9,91.6,49,357,80,95,6.6,6.7,7.7,-105.74
Atlanta Falcons,2014,32,16,359,566,63.4,4478,20,3.5,16,66,2.8,8.2,7.6,12.9,279.9,88.9,22,140,64,58,7.6,7.1,3.7,-121.49
Denver Broncos,2015,1,16,344,573,60.0,3193,19,3.3,14,83,2.4,6.2,5.7,10.3,199.6,78.8,52,351,123,86,5.1,4.7,8.3,49.20
Seattle Seahawks,2015,2,16,333,548,60.8,3364,14,2.6,14,76,2.6,6.6,6.0,10.9,210.3,78.1,37,255,104,72,5.8,5.2,6.3,0.16
Houston Texans,2015,3,16,326,553,59.0,3366,24,4.3,14,90,2.5,6.6,6.4,11.3,210.4,82.8,45,311,106,83,5.6,5.4,7.5,12.45
Chicago Bears,2015,4,16,322,513,62.8,3593,31,6.0,8,52,1.6,7.5,8.0,11.9,224.6,99.1,35,237,93,58,6.6,7.0,6.4,-83.21
Dallas Cowboys,2015,5,16,330,506,65.2,3636,19,3.8,8,53,1.6,7.6,7.7,11.7,227.3,94.2,31,229,79,83,6.8,6.8,5.8,-80.03
Green Bay Packers,2015,6,16,321,551,58.3,3642,20,3.6,16,72,2.9,7.1,6.5,12.1,227.6,80.1,43,256,109,92,6.1,5.6,7.2,-21.17
Tennessee Titans,2015,7,16,319,503,63.4,3678,34,6.8,11,58,2.2,7.9,8.2,12.4,229.9,101.1,39,271,71,65,6.8,7.1,7.2,-108.95
Arizona Cardinals,2015,8,16,343,573,59.9,3687,24,4.2,19,69,3.3,6.9,6.3,11.5,230.4,80.9,36,270,105,91,6.1,5.4,5.9,-44.55
Kansas City Chiefs,2015,9,16,349,607,57.5,3698,25,4.1,22,92,3.6,6.6,5.8,11.4,231.1,76.0,47,290,109,99,5.7,4.9,7.2,29.30
Baltimore Ravens,2015,10,16,350,545,64.2,3737,30,5.5,6,65,1.1,7.3,7.9,11.3,233.6,99.6,37,220,94,83,6.4,7.0,6.4,-124.62
Carolina Panthers,2015,11,16,390,650,60.0,3752,21,3.2,24,83,3.7,6.2,5.2,10.4,234.5,73.5,44,302,119,93,5.4,4.5,6.3,55.14
Minnesota Vikings,2015,12,16,359,561,64.0,3762,24,4.3,13,65,2.3,7.2,7.0,11.3,235.1,90.1,43,283,111,76,6.2,6.1,7.1,-35.83
New York Jets,2015,13,16,343,601,57.1,3763,25,4.2,18,76,3.0,6.7,6.2,11.8,235.2,79.0,39,278,116,61,5.9,5.4,6.1,-15.35
San Diego Chargers,2015,14,16,328,510,64.3,3786,22,4.3,11,62,2.2,7.9,7.8,12.2,236.6,93.8,32,222,75,76,7.0,6.9,5.9,-79.87
Detroit Lions,2015,15,16,360,528,68.2,3789,27,5.1,9,62,1.7,7.7,8.0,11.3,236.8,100.9,43,279,105,99,6.6,6.9,7.5,-104.04
Tampa Bay Buccaneers,2015,16,16,378,541,69.9,3840,31,5.7,11,67,2.0,7.5,7.8,10.8,240.0,102.3,38,232,87,79,6.6,6.8,6.6,-130.21
New England Patriots,2015,17,16,361,596,60.6,3852,24,4.0,12,82,2.0,7.1,7.0,11.7,240.8,87.0,49,358,95,73,6.0,5.9,7.6,-32.15
Atlanta Falcons,2015,18,16,370,561,66.0,3882,19,3.4,15,61,2.7,7.1,6.6,10.8,242.6,86.9,19,117,75,51,6.7,6.2,3.3,-72.80
Buffalo Bills,2015,19,16,347,602,57.6,3972,30,5.0,17,93,2.8,6.8,6.5,11.8,248.3,83.3,21,125,79,55,6.4,6.1,3.4,-54.70
Cincinnati Bengals,2015,20,16,415,646,64.2,3976,18,2.8,21,87,3.3,6.6,5.7,10.3,248.5,78.9,42,288,110,71,5.8,4.9,6.1,-2.63
Miami Dolphins,2015,21,16,350,542,64.6,4000,31,5.7,13,71,2.4,7.8,7.9,12.1,250.0,97.4,31,225,89,93,7.0,7.0,5.4,-133.10
Cleveland Browns,2015,22,16,322,511,63.0,4012,34,6.7,11,54,2.2,8.2,8.5,12.9,250.8,101.8,29,157,71,63,7.4,7.8,5.4,-122.40
St. Louis Rams,2015,23,16,399,597,66.8,4065,21,3.5,13,70,2.2,7.2,6.9,10.8,254.1,90.4,41,236,116,99,6.4,6.1,6.4,-36.92
Indianapolis Colts,2015,24,16,354,585,60.5,4114,29,5.0,17,76,2.9,7.5,7.1,12.3,257.1,88.0,35,251,97,85,6.6,6.3,5.6,-85.64
Washington Redskins,2015,25,16,354,566,62.5,4128,30,5.3,11,60,1.9,7.8,7.9,12.4,258.0,96.1,38,264,90,68,6.8,7.0,6.3,-86.98
Oakland Raiders,2015,26,16,404,641,63.0,4140,25,3.9,14,90,2.2,6.8,6.6,10.8,258.8,86.8,38,211,78,82,6.1,5.9,5.6,-73.76
San Francisco 49ers,2015,27,16,375,549,68.3,4179,21,3.8,9,58,1.6,8.0,8.0,11.7,261.2,98.1,28,196,82,64,7.2,7.3,4.9,-128.59
Philadelphia Eagles,2015,28,16,394,633,62.2,4273,36,5.7,15,82,2.4,7.1,7.2,11.5,267.1,92.8,37,243,83,77,6.4,6.4,5.5,-81.11
Jacksonville Jaguars,2015,29,16,390,602,64.8,4291,29,4.8,9,73,1.5,7.5,7.8,11.6,268.2,97.2,36,237,76,84,6.7,7.0,5.6,-116.13
Pittsburgh Steelers,2015,30,16,402,625,64.3,4350,29,4.6,17,79,2.7,7.5,7.2,11.6,271.9,90.9,48,311,106,93,6.5,6.2,7.1,-56.29
New Orleans Saints,2015,31,16,372,544,68.4,4544,45,8.3,9,69,1.7,8.7,9.7,12.8,284.0,116.2,31,211,64,55,7.9,8.8,5.4,-223.20
New York Giants,2015,32,16,423,638,66.3,4783,31,4.9,15,87,2.4,7.7,7.6,11.6,298.9,95.9,23,137,87,62,7.2,7.2,3.5,-117.68
Denver Broncos,2016,1,16,306,552,55.4,2972,13,2.4,14,84,2.5,5.8,5.1,10.5,185.8,69.7,42,228,113,55,5.0,4.4,7.1,86.04
Houston Texans,2016,2,16,319,522,61.1,3226,20,3.8,11,70,2.1,6.6,6.4,10.7,201.6,84.3,31,198,89,68,5.8,5.7,5.6,7.30
Minnesota Vikings,2016,3,16,332,548,60.6,3327,22,4.0,14,59,2.6,6.6,6.3,11.0,207.9,83.0,41,310,114,63,5.6,5.3,7.0,19.38
Arizona Cardinals,2016,4,16,344,547,62.9,3365,21,3.8,14,68,2.6,6.8,6.5,10.9,210.3,85.1,48,374,103,105,5.7,5.3,8.1,8.58
Jacksonville Jaguars,2016,5,16,345,551,62.6,3444,20,3.6,7,55,1.3,6.6,6.7,10.5,215.3,88.5,33,183,77,80,5.9,6.0,5.7,-15.33
Buffalo Bills,2016,6,16,306,511,59.9,3582,19,3.7,12,74,2.3,7.5,7.2,12.5,223.9,85.9,39,253,79,70,6.5,6.2,7.1,-17.70
Chicago Bears,2016,7,16,342,530,64.5,3598,22,4.2,8,70,1.5,7.2,7.4,11.2,224.9,93.5,37,230,75,66,6.3,6.5,6.5,-96.13
Seattle Seahawks,2016,8,16,331,537,61.6,3612,16,3.0,11,70,2.0,7.2,6.9,11.7,225.8,85.0,42,272,104,77,6.2,5.9,7.3,-47.24
Baltimore Ravens,2016,9,16,369,578,63.8,3724,28,4.8,18,71,3.1,6.8,6.4,10.7,232.8,86.9,31,223,80,72,6.1,5.7,5.1,-49.17
Los Angeles Rams,2016,10,16,378,582,64.9,3732,32,5.5,10,73,1.7,6.7,7.1,10.4,233.3,95.5,31,196,108,90,6.1,6.4,5.1,-48.92
Cincinnati Bengals,2016,11,16,374,593,63.1,3800,22,3.7,17,85,2.9,6.7,6.2,10.7,237.5,83.1,33,185,104,61,6.1,5.6,5.3,-30.96
New England Patriots,2016,12,16,368,596,61.7,3806,21,3.5,13,72,2.2,6.8,6.5,11.0,237.9,84.4,34,227,75,54,6.0,5.8,5.4,29.68
Philadelphia Eagles,2016,13,16,333,553,60.2,3832,25,4.5,16,77,2.9,7.3,6.9,12.1,239.5,85.7,34,207,90,75,6.5,6.2,5.8,-15.13
San Francisco 49ers,2016,14,16,322,521,61.8,3848,30,5.8,10,73,1.9,7.7,8.0,12.5,240.5,96.9,33,165,80,69,6.9,7.2,6.0,-80.42
Miami Dolphins,2016,15,16,368,591,62.3,3875,30,5.1,16,75,2.7,6.9,6.7,11.1,242.2,88.5,33,226,96,73,6.2,6.0,5.3,-39.65
Pittsburgh Steelers,2016,16,16,381,590,64.6,3882,20,3.4,13,80,2.2,7.0,6.7,10.9,242.6,87.3,38,259,103,87,6.2,5.9,6.1,-48.15
New York Jets,2016,17,16,347,545,63.7,3898,30,5.5,8,54,1.5,7.5,7.9,11.7,243.6,98.5,27,179,81,71,6.8,7.2,4.7,-124.47
Kansas City Chiefs,2016,18,16,350,598,58.5,3958,23,3.8,18,104,3.0,6.9,6.3,11.8,247.4,79.8,28,162,76,67,6.3,5.8,4.5,4.53
Detroit Lions,2016,19,16,399,549,72.7,3975,33,6.0,10,63,1.8,7.5,7.9,10.4,248.4,106.5,26,161,70,62,6.9,7.3,4.5,-153.39
San Diego Chargers,2016,20,16,364,580,62.8,3987,21,3.6,18,86,3.1,7.3,6.6,11.6,249.2,83.8,35,230,87,94,6.5,5.8,5.7,0.36
Cleveland Browns,2016,21,16,347,543,63.9,3996,36,6.6,10,67,1.8,7.7,8.2,12.0,249.8,101.8,26,177,81,52,7.0,7.5,4.6,-138.11
Tampa Bay Buccaneers,2016,22,16,347,548,63.3,4012,24,4.4,17,87,3.1,7.7,7.2,12.2,250.8,88.8,38,234,83,76,6.8,6.4,6.5,-9.36
New York Giants,2016,23,16,369,630,58.6,4018,15,2.4,17,101,2.7,6.8,6.0,11.5,251.1,75.8,35,242,85,78,6.0,5.3,5.3,-1.90
Oakland Raiders,2016,24,16,328,541,60.6,4120,27,5.0,16,73,3.0,7.9,7.6,13.0,257.5,89.8,25,147,80,49,7.3,7.0,4.4,-83.64
Washington Redskins,2016,25,16,387,589,65.7,4130,22,3.7,13,75,2.2,7.4,7.2,11.3,258.1,91.1,38,253,111,86,6.6,6.4,6.1,-82.22
Dallas Cowboys,2016,26,16,425,633,67.1,4167,25,3.9,9,64,1.4,6.9,7.1,10.3,260.4,94.1,36,209,91,78,6.2,6.4,5.4,-84.20
Indianapolis Colts,2016,27,16,378,582,64.9,4200,27,4.6,8,60,1.4,7.6,7.9,11.7,262.5,97.5,33,211,82,50,6.8,7.1,5.4,-91.69
Atlanta Falcons,2016,28,16,422,655,64.4,4267,31,4.7,12,88,1.8,6.9,7.0,10.7,266.7,92.5,34,228,81,64,6.2,6.3,4.9,-82.03
Carolina Panthers,2016,29,16,409,612,66.8,4291,27,4.4,17,70,2.8,7.5,7.1,11.2,268.2,92.0,47,270,93,77,6.5,6.2,7.1,-11.03
Tennessee Titans,2016,30,16,388,635,61.1,4307,25,3.9,12,76,1.9,7.2,7.2,11.8,269.2,88.3,40,278,95,68,6.4,6.3,5.9,-75.71
Green Bay Packers,2016,31,16,370,571,64.8,4308,32,5.6,17,88,3.0,8.1,7.8,12.4,269.3,95.9,40,295,88,82,7.1,6.8,6.5,-94.43
New Orleans Saints,2016,32,16,378,582,64.9,4380,27,4.6,9,67,1.5,7.9,8.1,12.2,273.8,98.1,30,213,106,65,7.2,7.4,4.9,-128.70
Jacksonville Jaguars,2017,1,16,289,509,56.8,2718,17,3.3,21,81,4.1,6.0,4.9,10.6,169.9,68.5,55,356,105,83,4.8,3.7,9.8,124.41
Minnesota Vikings,2017,2,16,324,555,58.4,3078,13,2.3,14,71,2.5,6.0,5.3,10.3,192.4,73.0,37,251,84,77,5.2,4.6,6.3,71.51
Los Angeles Chargers,2017,3,16,329,524,62.8,3156,17,3.2,18,79,3.4,6.5,5.6,10.4,197.3,78.1,43,261,85,87,5.6,4.7,7.6,84.23
Denver Broncos,2017,4,16,294,491,59.9,3210,29,5.9,10,62,2.0,6.9,7.2,11.5,200.6,91.9,33,175,77,78,6.1,6.4,6.3,-23.04
Pittsburgh Steelers,2017,5,16,297,499,59.5,3217,20,4.0,16,80,3.2,7.2,6.6,12.2,201.1,81.8,56,393,116,106,5.8,5.2,10.1,15.99
Seattle Seahawks,2017,6,16,325,554,58.7,3347,19,3.4,14,78,2.5,6.5,6.1,11.1,209.2,79.1,39,269,111,78,5.6,5.2,6.6,50.24
Chicago Bears,2017,7,16,343,529,64.8,3376,18,3.4,8,69,1.5,6.9,6.9,10.7,211.0,89.9,42,277,101,73,5.9,5.9,7.4,8.91
Cincinnati Bengals,2017,8,16,336,561,59.9,3379,20,3.6,11,73,2.0,6.5,6.3,10.9,211.2,82.9,41,278,100,84,5.6,5.5,6.8,79.26
Washington Redskins,2017,9,16,306,531,57.6,3420,23,4.3,16,90,3.0,7.0,6.5,12.1,213.8,81.0,42,272,120,68,6.0,5.5,7.3,90.88
Baltimore Ravens,2017,10,16,333,569,58.5,3421,18,3.2,22,83,3.9,6.5,5.4,11.1,213.8,72.4,41,280,100,90,5.6,4.6,6.7,104.35
Dallas Cowboys,2017,11,16,371,559,66.4,3425,28,5.0,10,64,1.8,6.7,6.9,10.1,214.1,94.6,38,321,97,95,5.7,5.9,6.4,-17.43
Atlanta Falcons,2017,12,16,362,553,65.5,3429,22,4.0,8,65,1.4,6.7,6.9,10.3,214.3,91.9,39,296,81,75,5.8,5.9,6.6,36.70
Los Angeles Rams,2017,13,16,324,555,58.4,3475,21,3.8,18,96,3.2,6.8,6.1,11.7,217.2,78.4,48,324,106,82,5.8,5.1,8.0,61.98
Arizona Cardinals,2017,14,16,343,564,60.8,3541,24,4.3,15,74,2.7,6.7,6.4,11.1,221.3,83.9,37,255,96,85,5.9,5.6,6.2,45.85
New Orleans Saints,2017,15,16,329,554,59.4,3597,22,4.0,20,102,3.6,7.0,6.2,11.8,224.8,79.0,42,287,81,78,6.0,5.3,7.0,1.99
Miami Dolphins,2017,16,16,339,528,64.2,3603,26,4.9,9,57,1.7,7.2,7.4,11.2,225.2,94.8,30,185,89,75,6.5,6.7,5.4,-35.98
Philadelphia Eagles,2017,17,16,363,601,60.4,3637,24,4.0,19,92,3.2,6.5,5.8,10.7,227.3,79.5,38,246,112,84,5.7,5.1,5.9,92.95
Carolina Panthers,2017,18,16,351,550,63.8,3665,25,4.5,10,56,1.8,7.2,7.3,11.3,229.1,92.9,50,304,105,70,6.1,6.2,8.3,7.70
Cleveland Browns,2017,19,16,360,525,68.6,3684,28,5.3,7,73,1.3,7.4,7.9,10.8,230.3,102.3,34,197,79,98,6.6,7.0,6.1,-67.65
Buffalo Bills,2017,20,16,370,573,64.6,3688,14,2.4,18,82,3.1,6.7,5.8,10.4,230.5,78.9,27,156,84,86,6.1,5.3,4.5,41.00
New York Jets,2017,21,16,329,558,59.0,3749,30,5.4,11,62,2.0,7.0,7.2,11.9,234.3,90.1,28,155,95,73,6.4,6.6,4.8,-61.06
San Francisco 49ers,2017,22,16,344,544,63.2,3764,27,5.0,10,58,1.8,7.2,7.4,11.5,235.3,93.9,30,179,96,75,6.6,6.7,5.2,-66.07
Green Bay Packers,2017,23,16,348,513,67.8,3789,30,5.8,11,64,2.1,7.9,8.1,11.6,236.8,102.0,37,252,99,94,6.9,7.1,6.7,-76.02
Houston Texans,2017,24,16,321,501,64.1,3799,30,6.0,11,58,2.2,8.0,8.2,12.5,237.4,99.5,32,200,71,85,7.1,7.3,6.0,-45.75
Tennessee Titans,2017,25,16,369,605,61.0,3828,27,4.5,12,74,2.0,6.8,6.8,11.1,239.3,87.8,43,272,90,67,5.9,5.9,6.6,-57.23
Oakland Raiders,2017,26,16,361,530,68.1,3858,24,4.5,5,56,0.9,7.6,8.1,11.2,241.1,101.8,31,188,73,74,6.9,7.3,5.5,-88.65
Detroit Lions,2017,27,16,366,570,64.2,3892,21,3.7,19,79,3.3,7.2,6.5,11.3,243.3,84.1,35,228,95,78,6.4,5.7,5.8,22.86
Indianapolis Colts,2017,28,16,320,513,62.4,3946,23,4.5,13,69,2.5,8.0,7.8,12.9,246.6,91.9,25,177,87,76,7.3,7.1,4.6,-64.60
Kansas City Chiefs,2017,29,16,325,570,57.0,3952,23,4.0,16,86,2.8,7.2,6.8,12.7,247.0,81.5,31,179,69,78,6.6,6.1,5.2,-27.52
New England Patriots,2017,30,16,367,590,62.2,4020,24,4.1,12,67,2.0,7.3,7.2,11.8,251.3,89.5,42,299,104,72,6.4,6.3,6.6,-47.00
New York Giants,2017,31,16,347,561,61.9,4038,32,5.7,13,73,2.3,7.5,7.6,12.1,252.4,94.2,27,161,64,68,6.9,7.0,4.6,-28.31
Tampa Bay Buccaneers,2017,32,16,371,549,67.6,4169,22,4.0,13,56,2.4,7.8,7.6,11.6,260.6,94.6,22,137,79,65,7.3,7.0,3.9,-53.04
Buffalo Bills,2018,1,16,313,492,63.6,2867,22,4.5,16,73,3.3,6.3,5.7,9.9,179.2,82.6,36,217,87,88,5.4,4.9,6.8,-5.19
Jacksonville Jaguars,2018,2,16,312,499,62.5,3113,17,3.4,11,52,2.2,6.7,6.4,10.8,194.6,84.4,37,241,93,73,5.8,5.5,6.9,-16.56
Minnesota Vikings,2018,3,16,315,503,62.6,3140,15,3.0,12,63,2.4,7.0,6.5,11.1,196.3,83.3,50,361,94,88,5.7,5.2,9.0,4.12
Arizona Cardinals,2018,4,16,342,506,67.6,3262,21,4.2,7,52,1.4,7.1,7.3,10.5,203.9,96.1,49,333,90,99,5.9,6.1,8.8,-62.52
Baltimore Ravens,2018,5,16,337,577,58.4,3360,21,3.6,12,89,2.1,6.3,6.1,10.8,210.0,80.6,43,291,104,86,5.4,5.2,6.9,0.96
Tennessee Titans,2018,6,16,337,533,63.2,3471,21,3.9,11,64,2.1,7.0,6.8,11.0,216.9,88.4,39,248,84,65,6.1,5.9,6.8,-35.95
Chicago Bears,2018,7,16,377,615,61.3,3515,22,3.6,27,98,4.4,6.3,5.0,10.2,219.7,72.9,50,339,100,86,5.3,4.1,7.5,33.19
Detroit Lions,2018,8,16,323,496,65.1,3599,29,5.8,7,48,1.4,7.9,8.4,12.1,224.9,102.7,43,298,77,68,6.7,7.2,8.0,-106.38
Los Angeles Chargers,2018,9,16,351,548,64.1,3646,23,4.2,13,73,2.4,7.1,6.9,11.1,227.9,89.1,38,240,85,68,6.2,6.0,6.5,-58.84
Pittsburgh Steelers,2018,10,16,362,566,64.0,3697,27,4.8,8,69,1.4,7.1,7.5,11.2,231.1,95.2,52,347,115,77,6.0,6.3,8.4,-73.72
San Francisco 49ers,2018,11,16,344,542,63.5,3732,35,6.5,2,39,0.4,7.3,8.4,11.5,233.3,105.4,37,227,92,81,6.4,7.5,6.4,-141.78
Green Bay Packers,2018,12,16,336,527,63.8,3752,30,5.7,7,59,1.3,7.7,8.3,12.1,234.5,100.9,44,322,74,72,6.6,7.1,7.7,-131.84
Dallas Cowboys,2018,13,16,367,542,67.7,3755,22,4.1,9,66,1.7,7.4,7.4,10.9,234.7,95.7,39,229,97,69,6.5,6.5,6.7,-83.33
Los Angeles Rams,2018,14,16,347,533,65.1,3780,31,5.8,18,68,3.4,7.7,7.3,11.8,236.3,93.7,41,326,94,71,6.6,6.3,7.1,-63.15
Washington Redskins,2018,15,16,362,537,67.4,3794,27,5.0,15,60,2.8,7.6,7.4,11.3,237.1,95.1,46,297,89,65,6.5,6.3,7.9,-66.83
Indianapolis Colts,2018,16,16,384,542,70.8,3805,21,3.9,15,61,2.8,7.4,7.0,10.5,237.8,93.5,38,228,77,91,6.6,6.1,6.6,-49.10
Seattle Seahawks,2018,17,16,355,546,65.0,3842,26,4.8,12,64,2.2,7.5,7.5,11.6,240.1,94.3,43,261,109,69,6.5,6.5,7.3,-68.19
Carolina Panthers,2018,18,16,353,529,66.7,3847,32,6.0,13,71,2.5,7.7,7.8,11.5,240.4,99.6,35,215,71,82,6.8,6.9,6.2,-107.56
Oakland Raiders,2018,19,16,299,480,62.3,3853,36,7.5,14,73,2.9,8.2,8.4,13.2,240.8,101.0,13,80,48,53,7.8,8.0,2.6,-156.09
Denver Broncos,2018,20,16,353,549,64.3,3929,26,4.7,17,82,3.1,7.7,7.3,12.0,245.6,90.7,44,311,94,70,6.6,6.2,7.4,-62.82
Miami Dolphins,2018,21,16,335,508,65.9,3932,31,6.1,21,59,4.1,8.2,7.5,12.4,245.8,94.1,31,209,76,66,7.3,6.7,5.8,-120.20
New England Patriots,2018,22,16,370,605,61.2,3943,29,4.8,18,67,3.0,6.9,6.5,11.3,246.4,85.4,30,238,100,51,6.2,5.8,4.7,-52.38
New York Giants,2018,23,16,362,560,64.6,4044,24,4.3,16,76,2.9,7.6,7.1,11.7,252.8,89.8,30,185,84,71,6.9,6.4,5.1,-105.62
New York Jets,2018,24,16,367,582,63.1,4065,29,5.0,13,76,2.2,7.5,7.5,11.9,254.1,93.1,39,293,114,77,6.5,6.5,6.3,-76.59
Cleveland Browns,2018,25,16,393,626,62.8,4125,21,3.4,17,78,2.7,7.0,6.4,11.1,257.8,83.4,37,245,90,78,6.2,5.7,5.6,-53.01
Tampa Bay Buccaneers,2018,26,16,387,534,72.5,4151,34,6.4,9,56,1.7,8.2,8.7,11.3,259.4,110.9,38,232,93,85,7.3,7.7,6.6,-148.12
Atlanta Falcons,2018,27,16,398,585,68.0,4153,33,5.6,15,72,2.6,7.5,7.5,11.1,259.6,98.3,37,255,77,58,6.7,6.7,5.9,-122.25
Houston Texans,2018,28,16,385,594,64.8,4167,28,4.7,15,90,2.5,7.5,7.3,11.6,260.4,92.7,43,310,92,80,6.5,6.4,6.8,-71.19
New Orleans Saints,2018,29,16,384,573,67.0,4302,30,5.2,12,69,2.1,8.1,8.2,12.0,268.9,100.3,49,321,98,83,6.9,7.0,7.9,-140.01
Philadelphia Eagles,2018,30,16,417,626,66.6,4308,22,3.5,10,68,1.6,7.4,7.4,11.1,269.3,93.4,44,311,133,86,6.4,6.4,6.6,-100.80
Kansas City Chiefs,2018,31,16,406,632,64.2,4374,30,4.7,15,64,2.4,7.5,7.4,11.6,273.4,92.7,52,347,105,70,6.4,6.3,7.6,-116.31
Cincinnati Bengals,2018,32,16,389,584,66.6,4414,32,5.5,12,75,2.1,7.9,8.0,11.8,275.9,100.0,34,173,83,63,7.1,7.3,5.5,-139.92
San Francisco 49ers,2019,1,16,318,519,61.3,2707,23,4.4,12,75,2.3,5.9,5.8,9.7,169.2,83.0,48,367,93,87,4.8,4.6,8.5,58.30
New England Patriots,2019,2,16,303,536,56.5,2886,13,2.4,25,89,4.7,6.0,4.4,10.6,180.4,62.8,47,328,102,58,5.0,3.5,8.1,117.74
Pittsburgh Steelers,2019,3,16,314,514,61.1,3113,23,4.5,20,83,3.9,6.7,5.9,11.0,194.6,79.7,54,342,118,90,5.5,4.7,9.5,20.19
Buffalo Bills,2019,4,16,348,553,62.9,3123,15,2.7,14,83,2.5,6.2,5.6,9.8,195.2,78.8,44,298,92,97,5.2,4.7,7.4,30.01
Los Angeles Chargers,2019,5,16,328,464,70.7,3204,21,4.5,11,45,2.4,7.3,7.2,10.3,200.3,96.7,30,190,67,69,6.5,6.3,6.1,-92.16
Baltimore Ravens,2019,6,16,318,544,58.5,3315,15,2.8,13,71,2.4,6.6,6.1,11.3,207.2,77.5,37,268,111,72,5.7,5.2,6.4,15.40
Cleveland Browns,2019,7,16,318,513,62.0,3470,25,4.9,14,64,2.7,7.3,7.0,11.8,216.9,89.0,38,270,82,78,6.3,6.1,6.9,-64.09
Kansas City Chiefs,2019,8,16,352,582,60.5,3543,21,3.6,16,65,2.7,6.7,6.2,11.0,221.4,80.8,45,338,96,66,5.7,5.2,7.2,-36.78
Chicago Bears,2019,9,16,362,571,63.4,3554,17,3.0,10,67,1.8,6.6,6.5,10.5,222.1,85.2,32,242,79,53,5.9,5.7,5.3,-47.04
Dallas Cowboys,2019,10,16,370,569,65.0,3576,21,3.7,7,71,1.2,6.8,7.0,10.5,223.5,91.9,39,303,90,76,5.9,6.1,6.4,-67.46
Denver Broncos,2019,11,16,348,537,64.8,3609,19,3.5,10,70,1.9,7.1,7.0,11.0,225.6,89.8,40,213,79,79,6.3,6.1,6.9,-61.45
Los Angeles Rams,2019,12,16,348,562,61.9,3625,23,4.1,13,76,2.3,7.0,6.8,11.3,226.6,86.8,50,303,93,81,5.9,5.7,8.2,-42.76
Carolina Panthers,2019,13,16,347,544,63.8,3696,21,3.9,14,67,2.6,7.3,7.0,11.5,231.0,88.0,53,301,108,78,6.2,5.8,8.9,-63.03
Green Bay Packers,2019,14,16,326,546,59.7,3721,19,3.5,17,74,3.1,7.4,6.7,12.3,232.6,81.1,41,295,94,63,6.3,5.7,7.0,-27.30
Minnesota Vikings,2019,15,16,394,601,65.6,3737,23,3.8,17,83,2.8,6.8,6.3,10.4,233.6,86.1,48,362,101,87,5.8,5.3,7.4,-34.01
Jacksonville Jaguars,2019,16,16,327,517,63.2,3778,22,4.3,10,60,1.9,7.9,7.9,12.5,236.1,93.9,47,310,104,79,6.7,6.7,8.3,-98.77
New York Jets,2019,17,16,363,585,62.1,3779,25,4.3,12,67,2.1,6.8,6.8,11.0,236.2,88.0,35,222,99,97,6.1,6.0,5.6,-79.16
Washington Redskins,2019,18,16,371,540,68.7,3823,35,6.5,13,52,2.4,7.6,7.8,11.0,238.9,102.5,46,270,95,75,6.5,6.7,7.8,-135.17
Philadelphia Eagles,2019,19,16,348,571,60.9,3865,27,4.7,11,82,1.9,7.2,7.3,11.9,241.6,90.8,43,271,106,80,6.3,6.4,7.0,-88.15
New Orleans Saints,2019,20,16,371,603,61.5,3868,27,4.5,13,78,2.2,7.0,6.9,11.3,241.8,88.3,51,333,110,80,5.9,5.8,7.8,-94.59
Cincinnati Bengals,2019,21,16,308,499,61.7,3917,25,5.0,11,58,2.2,8.3,8.3,13.4,244.8,95.4,31,204,86,59,7.4,7.4,5.8,-126.81
Atlanta Falcons,2019,22,16,351,536,65.5,3918,28,5.2,12,57,2.2,7.7,7.8,11.8,244.9,96.9,28,219,69,66,6.9,7.0,5.0,-128.75
Indianapolis Colts,2019,23,16,394,562,70.1,3982,29,5.2,15,50,2.7,7.5,7.4,10.7,248.9,98.0,41,249,82,69,6.6,6.4,6.8,-86.44
Tennessee Titans,2019,24,16,386,598,64.5,4080,25,4.2,14,72,2.3,7.3,7.1,11.3,255.0,90.4,43,276,84,71,6.4,6.2,6.7,-92.39
Oakland Raiders,2019,25,16,337,526,64.1,4107,33,6.3,9,67,1.7,8.3,8.8,12.9,256.7,103.8,32,248,64,74,7.4,7.8,5.7,-177.69
Miami Dolphins,2019,26,16,344,545,63.1,4198,39,7.2,13,66,2.4,8.0,8.3,12.7,262.4,101.9,23,155,64,48,7.4,7.7,4.0,-172.01
Seattle Seahawks,2019,27,16,383,598,64.0,4223,19,3.2,16,74,2.7,7.4,6.8,11.5,263.9,85.6,28,184,68,52,6.7,6.2,4.5,-77.18
New York Giants,2019,28,16,369,556,66.4,4225,30,5.4,10,65,1.8,8.0,8.3,12.1,264.1,101.4,36,246,98,80,7.1,7.4,6.1,-152.48
Houston Texans,2019,29,16,375,586,64.0,4276,33,5.6,12,75,2.0,7.7,7.9,12.0,267.3,97.6,31,215,91,51,6.9,7.1,5.0,-160.60
Tampa Bay Buccaneers,2019,30,16,408,664,61.4,4322,30,4.5,12,96,1.8,7.0,7.1,11.4,270.1,90.0,47,325,117,87,6.1,6.2,6.6,-38.17
Arizona Cardinals,2019,31,16,421,601,70.0,4510,38,6.3,7,56,1.2,8.0,8.7,11.4,281.9,109.9,40,275,91,91,7.0,7.7,6.2,-190.81
Detroit Lions,2019,32,16,381,611,62.4,4551,33,5.4,7,73,1.1,7.8,8.3,12.4,284.4,99.6,28,188,70,49,7.1,7.7,4.4,-162.94
Los Angeles Rams,2020,1,16,347,548,63.3,3051,17,3.1,14,68,2.6,6.2,5.7,9.8,190.7,80.4,53,350,102,66,5.1,4.6,8.8,35.85
Washington Football Team,2020,2,16,330,529,62.4,3068,21,4.0,16,66,3.0,6.4,5.8,10.3,191.8,81.4,47,325,97,78,5.3,4.8,8.2,22.79
Pittsburgh Steelers,2020,3,16,298,526,56.7,3110,22,4.2,18,84,3.4,6.6,5.9,11.7,194.4,76.7,56,384,137,103,5.3,4.7,9.6,22.83
San Francisco 49ers,2020,4,16,341,537,63.5,3327,25,4.7,12,62,2.2,6.6,6.5,10.3,207.9,88.6,30,199,72,67,5.9,5.8,5.3,-42.15
New Orleans Saints,2020,5,16,333,557,59.8,3472,28,5.0,18,84,3.2,6.7,6.3,11.3,217.0,83.3,45,287,113,81,5.8,5.4,7.5,-73.09
Baltimore Ravens,2020,6,16,380,596,63.8,3536,22,3.7,10,67,1.7,6.4,6.4,10.0,221.0,87.2,39,272,116,71,5.6,5.6,6.1,-51.17
Green Bay Packers,2020,7,16,346,536,64.6,3539,23,4.3,11,74,2.1,7.1,7.0,11.0,221.2,91.1,41,254,80,58,6.1,6.1,7.1,-73.00
New England Patriots,2020,8,16,333,494,67.4,3557,22,4.5,18,52,3.6,7.5,6.8,11.2,222.3,89.3,24,165,65,48,6.9,6.2,4.6,-70.19
Los Angeles Chargers,2020,9,16,340,543,62.6,3578,29,5.3,12,54,2.2,6.8,6.9,10.9,223.6,91.4,27,137,85,55,6.3,6.3,4.7,-95.87
Arizona Cardinals,2020,10,16,365,570,64.0,3623,26,4.6,11,57,1.9,6.9,7.0,10.8,226.4,91.5,48,326,100,88,5.9,5.9,7.8,-79.44
Dallas Cowboys,2020,11,16,328,513,63.9,3642,34,6.6,10,46,1.9,7.4,7.9,11.6,227.6,100.4,31,178,74,54,6.7,7.1,5.7,-105.15
Chicago Bears,2020,12,16,350,547,64.0,3705,28,5.1,10,71,1.8,7.2,7.4,11.3,231.6,94.9,35,234,88,63,6.4,6.6,6.0,-116.33
Buffalo Bills,2020,13,16,369,573,64.4,3726,23,4.0,15,76,2.6,6.9,6.5,10.7,232.9,86.9,38,220,92,72,6.1,5.7,6.2,-79.64
Kansas City Chiefs,2020,14,16,349,557,62.7,3779,29,5.2,16,64,2.9,7.1,6.9,11.4,236.2,89.4,32,189,99,47,6.4,6.2,5.4,-91.63
Philadelphia Eagles,2020,15,16,364,530,68.7,3798,27,5.1,8,43,1.5,7.8,8.1,11.3,237.4,102.4,49,324,115,91,6.6,6.9,8.5,-83.17
New York Giants,2020,16,16,388,574,67.6,3807,22,3.8,11,75,1.9,7.2,7.1,10.6,237.9,93.2,40,323,107,74,6.2,6.1,6.5,-82.73
Denver Broncos,2020,17,16,374,567,66.0,3807,21,3.7,10,64,1.8,7.2,7.2,10.9,237.9,92.1,42,282,93,65,6.3,6.2,6.9,-72.16
Carolina Panthers,2020,18,16,398,585,68.0,3825,28,4.8,7,58,1.2,6.9,7.3,10.1,239.1,98.4,29,199,89,55,6.2,6.6,4.7,-106.79
Cincinnati Bengals,2020,19,16,340,541,62.8,3859,32,5.9,11,80,2.0,7.3,7.6,11.6,241.2,96.1,17,83,73,45,6.9,7.2,3.0,-122.53
Indianapolis Colts,2020,20,16,369,562,65.7,3866,24,4.3,15,78,2.7,7.3,7.0,11.2,241.6,90.5,40,261,81,71,6.4,6.1,6.6,-90.05
Tampa Bay Buccaneers,2020,21,16,426,617,69.0,3945,29,4.7,15,70,2.4,7.0,6.8,10.1,246.6,94.3,48,366,116,91,5.9,5.8,7.2,-45.76
Cleveland Browns,2020,22,16,371,585,63.4,3962,31,5.3,11,74,1.9,7.2,7.4,11.4,247.6,94.8,38,262,75,57,6.4,6.6,6.1,-148.14
Miami Dolphins,2020,23,16,343,545,62.9,4024,21,3.9,18,76,3.3,8.0,7.3,12.7,251.5,87.0,41,349,99,69,6.9,6.2,7.0,-11.04
Houston Texans,2020,24,16,377,541,69.7,4104,30,5.5,3,50,0.6,8.0,8.9,11.5,256.5,109.6,34,221,80,65,7.1,7.9,5.9,-190.89
Minnesota Vikings,2020,25,16,358,541,66.2,4141,30,5.5,15,56,2.8,7.9,7.7,11.9,258.8,97.0,23,126,70,54,7.3,7.2,4.1,-149.87
Las Vegas Raiders,2020,26,16,370,580,63.8,4212,28,4.8,10,74,1.7,7.5,7.7,11.7,263.3,95.3,21,129,77,61,7.0,7.2,3.5,-181.81
Jacksonville Jaguars,2020,27,16,370,533,69.4,4231,34,6.4,12,60,2.3,8.1,8.4,11.7,264.4,105.6,18,91,77,57,7.7,7.9,3.3,-206.62
New York Jets,2020,28,16,418,605,69.1,4409,34,5.6,10,67,1.7,7.6,8.0,11.0,275.6,103.2,31,186,84,72,6.9,7.3,4.9,-197.81
Tennessee Titans,2020,29,16,423,630,67.1,4439,36,5.7,15,81,2.4,7.3,7.4,10.9,277.4,97.5,19,154,72,54,6.8,6.9,2.9,-179.72
Detroit Lions,2020,30,16,383,557,68.8,4558,38,6.8,7,51,1.3,8.5,9.3,12.4,284.9,112.4,24,195,56,61,7.8,8.6,4.1,-247.97
Seattle Seahawks,2020,31,16,450,674,66.8,4560,23,3.4,14,80,2.1,7.1,6.9,10.7,285.0,90.2,46,251,109,88,6.3,6.1,6.4,-118.72
Atlanta Falcons,2020,32,16,425,625,68.0,4697,34,5.4,12,51,1.9,7.9,8.1,11.6,293.6,101.7,29,221,92,63,7.2,7.4,4.4,-177.33
Buffalo Bills,2021,1,4,68,121,56.2,595,3,2.5,7,26,5.8,5.5,3.4,9.8,148.8,56.1,12,74,22,23,4.5,2.6,9.0,43.61
Carolina Panthers,2021,2,4,64,109,58.7,626,7,6.4,3,15,2.8,6.7,6.7,11.3,156.5,88.7,14,99,31,16,5.1,5.1,11.4,9.70
Cleveland Browns,2021,3,4,71,123,57.7,735,6,4.9,2,18,1.6,6.8,7.0,11.8,183.8,88.0,14,100,35,23,5.4,5.6,10.2,-14.47
New England Patriots,2021,4,4,70,124,56.5,740,3,2.4,5,15,4.0,6.5,5.2,11.6,185.0,67.6,10,69,21,20,5.5,4.3,7.5,8.53
Los Angeles Chargers,2021,5,4,85,126,67.5,770,6,4.8,4,13,3.2,6.6,6.1,9.7,192.5,88.3,9,58,25,13,5.7,5.3,6.7,-14.25
Denver Broncos,2021,6,4,77,142,54.2,791,3,2.1,4,21,2.8,6.1,5.2,11.2,197.8,67.8,11,70,23,20,5.2,4.4,7.2,15.56
Philadelphia Eagles,2021,7,4,88,121,72.7,816,9,7.4,1,6,0.8,7.2,8.3,9.9,204.0,114.0,8,53,21,15,6.3,7.4,6.2,-33.05
Green Bay Packers,2021,8,4,92,137,67.2,838,10,7.3,3,15,2.2,6.5,6.9,9.6,209.5,100.2,7,48,25,5,5.8,6.3,4.9,-27.32
Indianapolis Colts,2021,9,4,75,110,68.2,867,11,10.0,3,12,2.7,8.4,9.2,12.4,216.8,116.0,8,61,16,14,7.3,8.1,6.8,-33.71
San Francisco 49ers,2021,10,4,89,137,65.0,873,7,5.1,1,14,0.7,6.8,7.5,10.5,218.3,98.7,9,65,20,24,6.0,6.6,6.2,-29.34
Arizona Cardinals,2021,11,4,92,143,64.3,886,7,4.9,4,20,2.8,6.7,6.4,10.4,221.5,88.4,10,75,25,15,5.8,5.5,6.5,3.93
New York Jets,2021,12,4,95,139,68.3,905,2,1.4,0,11,0.0,7.2,7.5,10.5,226.3,93.7,13,93,28,24,6.0,6.2,8.6,-21.22
Cincinnati Bengals,2021,13,4,107,156,68.6,918,4,2.6,3,12,1.9,6.4,6.1,9.3,229.5,86.5,11,82,21,20,5.5,5.2,6.6,-19.02
Las Vegas Raiders,2021,14,4,103,158,65.2,918,5,3.2,1,16,0.6,6.1,6.5,9.4,229.5,89.8,9,49,31,16,5.5,5.8,5.4,-21.52
Chicago Bears,2021,15,4,82,125,65.6,952,8,6.4,3,15,2.4,8.6,8.8,13.1,238.0,103.8,15,121,27,17,6.8,7.0,10.7,-16.73
Detroit Lions,2021,16,4,67,101,66.3,994,7,6.9,2,11,2.0,10.6,11.1,16.0,248.5,116.4,9,76,19,15,9.0,9.5,8.2,-56.33
Miami Dolphins,2021,17,4,96,147,65.3,1006,7,4.8,2,21,1.4,7.3,7.6,11.2,251.5,97.2,7,68,34,13,6.5,6.9,4.5,-33.51
Minnesota Vikings,2021,18,4,87,128,68.0,1014,6,4.7,2,12,1.6,8.7,8.9,12.8,253.5,104.1,13,100,19,17,7.2,7.4,9.2,-19.68
Pittsburgh Steelers,2021,19,4,92,142,64.8,1035,8,5.6,1,15,0.7,7.5,8.4,11.7,258.8,103.4,8,37,21,19,6.9,7.7,5.3,-32.20
New York Giants,2021,20,4,108,144,75.0,1037,7,4.9,2,16,1.4,7.5,7.8,10.0,259.3,106.2,6,41,14,12,6.9,7.2,4.0,-37.31
Atlanta Falcons,2021,21,4,98,139,70.5,1056,11,7.9,0,20,0.0,7.9,9.5,11.2,264.0,120.1,7,40,18,17,7.2,8.7,4.8,-47.75
Houston Texans,2021,22,4,91,136,66.9,1059,6,4.4,5,13,3.7,8.1,7.4,12.1,264.8,91.1,7,46,15,16,7.4,6.7,4.9,-22.79
Tennessee Titans,2021,23,4,83,134,61.9,1067,8,6.0,2,14,1.5,8.4,8.9,13.5,266.8,102.3,8,56,20,16,7.5,8.0,5.6,-37.49
Baltimore Ravens,2021,24,4,99,155,63.9,1092,6,3.9,3,14,1.9,7.6,7.5,11.8,273.0,91.7,10,81,27,22,6.6,6.5,6.1,-38.09
Los Angeles Rams,2021,25,4,116,163,71.2,1093,4,2.5,3,15,1.8,7.3,7.0,10.2,273.3,92.3,12,95,21,20,6.2,5.9,6.9,-27.73
New Orleans Saints,2021,26,4,104,164,63.4,1133,5,3.0,7,19,4.3,7.2,5.9,11.3,283.3,77.2,6,45,27,17,6.7,5.4,3.5,-7.80
Kansas City Chiefs,2021,27,4,97,140,69.3,1167,7,5.0,3,10,2.1,8.8,8.8,12.7,291.8,104.1,7,61,18,17,7.9,8.0,4.8,-56.42
Seattle Seahawks,2021,28,4,105,157,66.9,1170,8,5.1,1,14,0.6,7.9,8.6,11.8,292.5,105.1,9,73,28,16,7.0,7.7,5.4,-51.53
Washington Football Team,2021,29,4,111,165,67.3,1196,10,6.1,1,17,0.6,7.4,8.4,11.1,299.0,106.8,7,32,25,18,7.0,7.9,4.1,-68.07
Jacksonville Jaguars,2021,30,4,100,133,75.2,1249,6,4.5,1,10,0.8,9.6,10.2,12.8,312.3,116.8,5,34,18,13,9.1,9.6,3.6,-66.70
Dallas Cowboys,2021,31,4,114,169,67.5,1261,9,5.3,8,24,4.7,8.0,6.9,11.8,315.3,89.5,9,83,27,17,7.1,6.1,5.1,-11.52
Tampa Bay Buccaneers,2021,32,4,137,186,73.7,1310,11,5.9,5,22,2.7,7.3,7.3,10.0,327.5,102.6,7,56,30,13,6.8,6.8,3.6,-44.50
