Tm,Year,opp_Rk,opp_G,opp_FGA,opp_FGM,opp_FG_perc,opp_XPA,opp_XPM,opp_XP_perc,opp_Pnt,opp_Yds,opp_Blck,opp_Y/P
Oakland Raiders,2006,1,16,37,31,83.8,34,33,97.1,68,2822,,41.5
Indianapolis Colts,2006,2,16,35,24,68.6,40,40,100.0,47,2035,,43.3
Houston Texans,2006,3,16,29,25,86.2,40,39,97.5,65,2951,,45.4
Detroit Lions,2006,4,16,33,30,90.9,41,40,97.6,68,2992,,44.0
Dallas Cowboys,2006,5,16,25,22,88.0,38,38,100.0,72,3103,,43.1
Pittsburgh Steelers,2006,6,16,27,21,77.8,36,36,100.0,86,3767,,43.8
New York Jets,2006,7,16,24,18,75.0,29,29,100.0,74,3263,,44.1
Cleveland Browns,2006,8,16,31,26,83.9,38,36,94.7,77,3311,,43.0
Arizona Cardinals,2006,9,16,34,31,91.2,42,42,100.0,58,2598,,44.8
Tampa Bay Buccaneers,2006,10,16,30,22,73.3,41,41,100.0,81,3370,,41.6
New England Patriots,2006,11,16,30,22,73.3,23,23,100.0,79,3286,,41.6
Kansas City Chiefs,2006,12,16,32,26,81.3,33,33,100.0,75,3060,,40.8
Atlanta Falcons,2006,13,16,29,23,79.3,37,37,100.0,77,3380,,43.9
New York Giants,2006,14,16,29,22,75.9,40,40,100.0,69,2891,,41.9
Denver Broncos,2006,15,16,42,34,81.0,27,27,100.0,74,3241,,43.8
Washington Redskins,2006,16,16,34,30,88.2,36,36,100.0,79,3318,,42.0
Miami Dolphins,2006,17,16,25,22,88.0,31,31,100.0,91,3786,,41.6
San Francisco 49ers,2006,18,16,32,30,93.8,46,46,100.0,66,2792,,42.3
Jacksonville Jaguars,2006,19,16,24,17,70.8,31,31,100.0,90,3726,,41.4
Minnesota Vikings,2006,20,16,40,34,85.0,31,31,100.0,79,3587,,45.4
Tennessee Titans,2006,21,16,33,27,81.8,44,41,93.2,68,2890,,42.5
St. Louis Rams,2006,22,16,24,19,79.2,46,46,100.0,67,3028,,45.2
Philadelphia Eagles,2006,23,16,28,26,92.9,34,34,100.0,82,3567,,43.5
Cincinnati Bengals,2006,24,16,25,18,72.0,38,37,97.4,72,3132,,43.5
New Orleans Saints,2006,25,16,18,14,77.8,40,40,100.0,96,4186,,43.6
Buffalo Bills,2006,26,16,26,22,84.6,33,33,100.0,86,3578,,41.6
Green Bay Packers,2006,27,16,27,26,96.3,38,38,100.0,83,3702,,44.6
Baltimore Ravens,2006,28,16,23,17,73.9,20,20,100.0,86,3861,,44.9
Seattle Seahawks,2006,29,16,33,23,69.7,36,36,100.0,88,3775,,42.9
Carolina Panthers,2006,30,16,30,24,80.0,31,31,100.0,98,4292,,43.8
San Diego Chargers,2006,31,16,26,23,88.5,33,32,97.0,88,3925,,44.6
Chicago Bears,2006,32,16,27,18,66.7,28,27,96.4,100,4370,,43.7
Denver Broncos,2007,1,16,33,27,81.8,42,42,100.0,60,2634,,43.9
Houston Texans,2007,2,16,33,28,84.8,43,42,97.7,59,2537,,43.0
Jacksonville Jaguars,2007,3,16,23,18,78.3,32,32,100.0,66,2871,,43.5
Miami Dolphins,2007,4,16,33,28,84.8,49,49,100.0,62,2685,,43.3
New Orleans Saints,2007,5,16,30,26,86.7,44,44,100.0,67,2921,,43.6
Cincinnati Bengals,2007,6,16,27,25,92.6,42,42,100.0,58,2303,,39.7
Buffalo Bills,2007,7,16,30,27,90.0,37,37,100.0,61,2599,,42.6
Indianapolis Colts,2007,8,16,20,15,75.0,27,27,100.0,56,2475,,44.2
New York Jets,2007,9,16,32,29,90.6,36,36,100.0,68,2904,,42.7
Oakland Raiders,2007,10,16,34,25,73.5,43,43,100.0,71,3046,,42.9
St. Louis Rams,2007,11,16,39,34,87.2,44,44,100.0,66,3148,,47.7
Baltimore Ravens,2007,12,16,43,37,86.0,36,35,97.2,76,3276,,43.1
Pittsburgh Steelers,2007,13,16,22,18,81.8,30,29,96.7,82,3526,,43.0
Detroit Lions,2007,14,16,27,17,63.0,53,53,100.0,61,2739,,44.9
Washington Redskins,2007,15,16,37,27,73.0,30,29,96.7,81,3483,,43.0
Tennessee Titans,2007,16,16,25,18,72.0,33,31,93.9,81,3613,,44.6
New York Giants,2007,17,16,29,21,72.4,38,38,100.0,87,3628,,41.7
Philadelphia Eagles,2007,18,16,38,31,81.6,29,27,93.1,76,3162,,41.6
Cleveland Browns,2007,19,16,35,32,91.4,38,38,100.0,69,2774,,40.2
New England Patriots,2007,20,16,14,12,85.7,34,34,100.0,76,3298,,43.4
Kansas City Chiefs,2007,21,16,39,34,87.2,33,33,100.0,84,3763,,44.8
Minnesota Vikings,2007,22,16,32,28,87.5,31,31,100.0,82,3780,,46.1
Tampa Bay Buccaneers,2007,23,16,18,15,83.3,32,31,96.9,83,3610,,43.5
San Francisco 49ers,2007,24,16,35,31,88.6,38,37,97.4,89,3640,,40.9
Dallas Cowboys,2007,25,16,31,25,80.6,34,34,100.0,73,3285,,45.0
Carolina Panthers,2007,26,16,32,27,84.4,38,38,100.0,76,3245,,42.7
Atlanta Falcons,2007,27,16,30,28,93.3,46,46,100.0,74,3064,,41.4
Green Bay Packers,2007,28,16,27,24,88.9,29,29,100.0,80,3400,,42.5
San Diego Chargers,2007,29,16,19,13,68.4,33,33,100.0,69,2960,,42.9
Arizona Cardinals,2007,30,16,33,28,84.8,39,39,100.0,73,3183,,43.6
Chicago Bears,2007,31,16,33,25,75.8,37,35,94.6,94,3807,,40.5
Seattle Seahawks,2007,32,16,27,22,81.5,28,27,96.4,93,4324,,46.5
Denver Broncos,2008,1,16,35,32,91.4,48,48,100.0,52,2413,,46.4
Indianapolis Colts,2008,2,16,38,33,86.8,25,25,100.0,53,2380,,44.9
Houston Texans,2008,3,16,29,25,86.2,43,43,100.0,67,2975,,44.4
Jacksonville Jaguars,2008,4,16,30,27,90.0,40,40,100.0,67,2881,,43.0
New York Jets,2008,5,16,28,25,89.3,37,37,100.0,69,2995,,43.4
San Diego Chargers,2008,6,16,31,24,77.4,33,31,93.9,60,2634,,43.9
New England Patriots,2008,7,16,21,17,81.0,35,34,97.1,75,3225,,43.0
Cleveland Browns,2008,8,16,28,19,67.9,41,41,100.0,59,2401,,40.7
Buffalo Bills,2008,9,16,41,34,82.9,34,34,100.0,64,2918,,45.6
Arizona Cardinals,2008,10,16,27,21,77.8,49,49,100.0,61,2776,,45.5
San Francisco 49ers,2008,11,16,42,35,83.3,38,38,100.0,72,3053,,42.4
New Orleans Saints,2008,12,16,39,34,87.2,37,37,100.0,66,2713,,41.1
Kansas City Chiefs,2008,13,16,36,33,91.7,45,45,100.0,50,2195,,43.9
Detroit Lions,2008,14,16,29,25,86.2,62,62,100.0,59,2572,,43.6
St. Louis Rams,2008,15,16,32,31,96.9,52,52,100.0,67,3028,,45.2
Atlanta Falcons,2008,16,16,25,20,80.0,35,35,100.0,76,3458,,45.5
Miami Dolphins,2008,17,16,32,29,90.6,28,28,100.0,61,2849,,46.7
Dallas Cowboys,2008,18,16,44,38,86.4,33,33,100.0,74,3278,,44.3
Washington Redskins,2008,19,16,28,24,85.7,31,30,96.8,87,3724,,42.8
New York Giants,2008,20,16,26,19,73.1,31,31,100.0,76,3298,,43.4
Cincinnati Bengals,2008,21,16,23,22,95.7,40,40,100.0,79,3444,,43.6
Green Bay Packers,2008,22,16,30,25,83.3,39,39,100.0,76,3367,,44.3
Pittsburgh Steelers,2008,23,16,27,24,88.9,21,21,100.0,91,3868,,42.5
Oakland Raiders,2008,24,16,31,23,74.2,43,43,100.0,74,3197,,43.2
Seattle Seahawks,2008,25,16,41,37,90.2,39,39,100.0,68,3012,,44.3
Minnesota Vikings,2008,26,16,36,26,72.2,35,35,100.0,80,3480,,43.5
Tampa Bay Buccaneers,2008,27,16,30,28,93.3,33,33,100.0,81,3532,,43.6
Carolina Panthers,2008,28,16,28,24,85.7,32,31,96.9,80,3672,,45.9
Tennessee Titans,2008,29,16,30,20,66.7,24,24,100.0,87,3680,,42.3
Baltimore Ravens,2008,30,16,22,21,95.5,25,25,100.0,92,3938,,42.8
Philadelphia Eagles,2008,31,16,28,24,85.7,29,29,100.0,101,4292,,42.5
Chicago Bears,2008,32,16,33,26,78.8,39,38,97.4,83,3528,,42.5
Detroit Lions,2009,1,16,34,31,91.2,55,55,100.0,66,2878,,43.6
Washington Redskins,2009,2,16,36,31,86.1,31,31,100.0,70,2926,,41.8
St. Louis Rams,2009,3,16,22,19,86.4,52,51,98.1,75,3322,,44.3
Jacksonville Jaguars,2009,4,16,28,24,85.7,38,38,100.0,62,2784,,44.9
Atlanta Falcons,2009,5,16,28,20,71.4,38,37,97.4,62,2635,,42.5
New England Patriots,2009,6,16,20,14,70.0,34,33,97.1,79,3271,,41.4
Indianapolis Colts,2009,7,16,36,30,83.3,27,27,100.0,65,2886,,44.4
Carolina Panthers,2009,8,16,27,19,70.4,33,33,100.0,74,3315,,44.8
Tampa Bay Buccaneers,2009,9,16,32,26,81.3,46,44,95.7,72,3082,,42.8
San Diego Chargers,2009,10,16,29,25,86.2,33,33,100.0,63,2709,,43.0
Chicago Bears,2009,11,16,33,25,75.8,40,38,95.0,71,3025,,42.6
Tennessee Titans,2009,12,16,27,22,81.5,47,46,97.9,76,3367,,44.3
Miami Dolphins,2009,13,16,39,33,84.6,37,35,94.6,67,2955,,44.1
New York Giants,2009,14,16,21,18,85.7,51,47,92.2,72,3168,,44.0
Cleveland Browns,2009,15,16,36,30,83.3,41,39,95.1,77,3319,,43.1
Oakland Raiders,2009,16,16,40,30,75.0,41,41,100.0,77,3296,,42.8
Houston Texans,2009,17,16,23,20,87.0,39,39,100.0,76,3557,,46.8
Seattle Seahawks,2009,18,16,31,22,71.0,44,44,100.0,82,3870,,47.2
Cincinnati Bengals,2009,19,16,29,23,79.3,30,30,100.0,83,3644,,43.9
Dallas Cowboys,2009,20,16,26,18,69.2,28,28,100.0,92,4085,,44.4
Pittsburgh Steelers,2009,21,16,29,22,75.9,32,32,100.0,86,3681,,42.8
Denver Broncos,2009,22,16,31,29,93.5,34,33,97.1,76,3519,,46.3
Buffalo Bills,2009,23,16,28,22,78.6,32,32,100.0,78,3214,,41.2
New York Jets,2009,24,16,23,19,82.6,24,23,95.8,99,4277,,43.2
New Orleans Saints,2009,25,16,32,27,84.4,36,36,100.0,71,3053,,43.0
Baltimore Ravens,2009,26,16,27,24,88.9,27,27,100.0,79,3429,,43.4
Arizona Cardinals,2009,27,16,25,19,76.0,38,38,100.0,84,3772,,44.9
Green Bay Packers,2009,28,16,17,13,76.5,34,34,100.0,74,3330,,45.0
Kansas City Chiefs,2009,29,16,37,29,78.4,47,47,100.0,79,3484,,44.1
Minnesota Vikings,2009,30,16,26,22,84.6,31,30,96.8,89,3978,,44.7
Philadelphia Eagles,2009,31,16,24,21,87.5,38,38,100.0,80,3600,,45.0
San Francisco 49ers,2009,32,16,34,29,85.3,27,26,96.3,95,4294,,45.2
Jacksonville Jaguars,2010,1,16,25,23,92.0,48,48,100.0,64,2714,,42.4
Buffalo Bills,2010,2,16,39,29,74.4,46,46,100.0,71,2989,,42.1
New Orleans Saints,2010,3,16,34,28,82.4,29,27,93.1,67,2995,,44.7
Minnesota Vikings,2010,4,16,23,18,78.3,42,42,100.0,85,3748,,44.1
Cleveland Browns,2010,5,16,36,27,75.0,35,35,100.0,64,2816,,44.0
Cincinnati Bengals,2010,6,16,33,28,84.8,43,43,100.0,76,3139,,41.3
Houston Texans,2010,7,16,27,21,77.8,50,50,100.0,67,2928,,43.7
San Diego Chargers,2010,8,16,16,16,100.0,37,36,97.3,81,3410,,42.1
Seattle Seahawks,2010,9,16,30,25,83.3,44,44,100.0,81,3524,,43.5
Tampa Bay Buccaneers,2010,10,16,21,17,81.0,35,35,100.0,72,2916,,40.5
Tennessee Titans,2010,11,16,48,39,81.3,30,30,100.0,61,2617,,42.9
Miami Dolphins,2010,12,16,31,27,87.1,36,36,100.0,77,3257,,42.3
Carolina Panthers,2010,13,16,32,29,90.6,45,45,100.0,76,3306,,43.5
Dallas Cowboys,2010,14,16,27,25,92.6,49,49,100.0,70,3017,,43.1
New York Giants,2010,15,16,27,23,85.2,37,36,97.3,86,3741,,43.5
Green Bay Packers,2010,16,16,29,24,82.8,24,24,100.0,78,3494,,44.8
New England Patriots,2010,17,16,26,19,73.1,32,32,100.0,58,2424,,41.8
Chicago Bears,2010,18,16,27,21,77.8,31,29,93.5,88,3573,,40.6
Indianapolis Colts,2010,19,16,36,31,86.1,41,41,100.0,67,2975,,44.4
Pittsburgh Steelers,2010,20,16,30,26,86.7,19,18,94.7,81,3272,,40.4
Baltimore Ravens,2010,21,16,32,27,84.4,25,25,100.0,89,3872,,43.5
Atlanta Falcons,2010,22,16,23,15,65.2,31,31,100.0,73,3322,,45.5
Denver Broncos,2010,23,16,36,29,80.6,53,52,98.1,73,3168,,43.4
Arizona Cardinals,2010,24,16,51,40,78.4,45,44,97.8,64,3066,,47.9
San Francisco 49ers,2010,25,16,33,28,84.8,37,36,97.3,84,3570,,42.5
Detroit Lions,2010,26,16,20,19,95.0,42,42,100.0,83,3635,,43.8
Washington Redskins,2010,27,16,38,28,73.7,37,37,100.0,86,3707,,43.1
Kansas City Chiefs,2010,28,16,24,20,83.3,38,38,100.0,89,4023,,45.2
Philadelphia Eagles,2010,29,16,21,18,85.7,45,45,100.0,82,3600,,43.9
New York Jets,2010,30,16,23,18,78.3,35,34,97.1,97,4384,,45.2
St. Louis Rams,2010,31,16,38,35,92.1,29,29,100.0,82,3674,,44.8
Oakland Raiders,2010,32,16,28,21,75.0,44,44,100.0,94,4117,,43.8
Tampa Bay Buccaneers,2011,1,16,29,23,79.3,60,59,98.3,58,2518,0,43.4
San Diego Chargers,2011,2,16,28,25,89.3,40,40,100.0,60,2822,0,47.0
Pittsburgh Steelers,2011,3,16,27,22,81.5,21,21,100.0,87,3749,0,43.1
Washington Redskins,2011,4,16,41,34,82.9,38,37,97.4,70,3172,0,45.3
Cleveland Browns,2011,5,16,34,30,88.2,31,31,100.0,76,3505,0,46.1
Carolina Panthers,2011,6,16,31,27,87.1,48,48,100.0,52,2248,0,43.2
Kansas City Chiefs,2011,7,16,28,23,82.1,37,37,100.0,83,3951,0,47.6
Indianapolis Colts,2011,8,16,34,29,85.3,49,49,100.0,74,3230,0,43.6
Philadelphia Eagles,2011,9,16,24,16,66.7,38,38,100.0,85,3666,0,43.1
Minnesota Vikings,2011,10,16,35,32,91.4,49,49,100.0,67,2941,0,43.9
New Orleans Saints,2011,11,16,32,27,84.4,37,36,97.3,71,3146,0,44.3
Buffalo Bills,2011,12,16,25,21,84.0,52,51,98.1,68,3039,0,44.7
Atlanta Falcons,2011,13,16,28,23,82.1,37,37,100.0,75,3460,0,46.1
Dallas Cowboys,2011,14,16,33,26,78.8,35,35,100.0,72,3420,0,47.5
Jacksonville Jaguars,2011,15,16,29,22,75.9,36,35,97.2,89,3852,1,43.3
Miami Dolphins,2011,16,16,33,26,78.8,31,31,100.0,95,4313,2,45.4
New England Patriots,2011,17,16,23,20,87.0,38,38,100.0,67,3055,0,45.6
New York Giants,2011,18,16,31,25,80.6,45,45,100.0,75,3321,0,44.3
Oakland Raiders,2011,19,16,29,21,72.4,53,52,98.1,68,3161,0,46.5
Arizona Cardinals,2011,20,16,48,35,72.9,33,33,100.0,92,4087,0,44.4
Tennessee Titans,2011,21,16,28,27,96.4,32,32,100.0,83,3628,2,43.7
Baltimore Ravens,2011,22,16,31,28,90.3,26,26,100.0,86,3746,0,43.6
St. Louis Rams,2011,23,16,37,31,83.8,44,44,100.0,81,3636,2,44.9
Green Bay Packers,2011,24,16,27,22,81.5,35,35,100.0,58,2492,0,43.0
Houston Texans,2011,25,16,36,30,83.3,22,22,100.0,83,3896,0,46.9
Denver Broncos,2011,26,16,39,32,82.1,40,40,100.0,92,4350,0,47.3
Chicago Bears,2011,27,16,36,30,83.3,33,33,100.0,85,3383,0,39.8
Seattle Seahawks,2011,28,16,37,28,75.7,32,31,96.9,81,3616,2,44.6
New York Jets,2011,29,16,30,29,96.7,38,38,100.0,92,4141,1,45.0
Cincinnati Bengals,2011,30,16,27,22,81.5,35,35,100.0,98,4562,0,46.6
Detroit Lions,2011,31,16,34,30,88.2,41,41,100.0,78,3530,0,45.3
San Francisco 49ers,2011,32,16,27,22,81.5,21,21,100.0,87,3911,0,45.0
Philadelphia Eagles,2012,1,16,29,27,93.1,52,51,98.1,78,3410,1,43.7
Kansas City Chiefs,2012,2,16,38,32,84.2,47,47,100.0,74,3460,1,46.8
Miami Dolphins,2012,3,16,40,31,77.5,30,30,100.0,86,3815,1,44.4
Dallas Cowboys,2012,4,16,33,29,87.9,44,43,97.7,74,3362,0,45.4
St. Louis Rams,2012,5,16,37,30,81.1,36,36,100.0,73,3231,1,44.3
Jacksonville Jaguars,2012,6,16,43,36,83.7,46,46,100.0,68,3131,1,46.0
Seattle Seahawks,2012,7,16,25,23,92.0,24,24,100.0,78,3515,1,45.1
Oakland Raiders,2012,8,16,37,31,83.8,50,50,100.0,69,3171,1,46.0
Carolina Panthers,2012,9,16,37,35,94.6,32,32,100.0,67,3073,0,45.9
Buffalo Bills,2012,10,16,28,21,75.0,51,50,98.0,72,3210,0,44.6
New York Jets,2012,11,16,31,22,71.0,43,43,100.0,89,3947,0,44.3
New York Giants,2012,12,16,30,26,86.7,38,38,100.0,54,2426,0,44.9
Indianapolis Colts,2012,13,16,41,32,78.0,39,39,100.0,71,3340,0,47.0
Pittsburgh Steelers,2012,14,16,33,28,84.8,31,30,96.8,88,3979,0,45.2
Atlanta Falcons,2012,15,16,32,27,84.4,30,30,100.0,64,3065,0,47.9
Minnesota Vikings,2012,16,16,30,25,83.3,35,33,94.3,76,3344,0,44.0
Tennessee Titans,2012,17,16,31,29,93.5,52,52,100.0,70,3084,1,44.1
Tampa Bay Buccaneers,2012,18,16,28,19,67.9,45,45,100.0,79,3563,4,45.1
Detroit Lions,2012,19,16,41,31,75.6,46,46,100.0,79,3626,0,45.9
Cleveland Browns,2012,20,16,24,20,83.3,42,42,100.0,88,4044,0,46.0
San Diego Chargers,2012,21,16,21,19,90.5,39,39,100.0,80,3635,1,45.4
Washington Redskins,2012,22,16,30,28,93.3,36,36,100.0,65,3018,0,46.4
New Orleans Saints,2012,23,16,33,27,81.8,53,53,100.0,63,2876,1,45.7
San Francisco 49ers,2012,24,16,27,22,81.5,27,27,100.0,79,3609,1,45.7
Green Bay Packers,2012,25,16,30,26,86.7,34,34,100.0,75,3350,1,44.7
Denver Broncos,2012,26,16,25,22,88.0,29,29,100.0,94,4524,1,48.1
Cincinnati Bengals,2012,27,16,32,27,84.4,33,33,100.0,86,3816,1,44.4
Chicago Bears,2012,28,16,27,23,85.2,26,26,100.0,89,3883,1,43.6
Baltimore Ravens,2012,29,16,39,37,94.9,31,31,100.0,89,4113,0,46.2
New England Patriots,2012,30,16,25,21,84.0,38,38,100.0,67,3372,0,50.3
Arizona Cardinals,2012,31,16,35,25,71.4,38,38,100.0,93,4166,1,44.8
Houston Texans,2012,32,16,24,21,87.5,38,38,100.0,92,4176,2,45.4
San Diego Chargers,2013,1,16,30,23,76.7,39,39,100.0,65,3054,0,47.0
Atlanta Falcons,2013,2,16,35,34,97.1,47,47,100.0,62,2898,0,46.7
Carolina Panthers,2013,3,16,34,30,88.2,19,19,100.0,73,3321,0,45.5
St. Louis Rams,2013,4,16,26,18,69.2,42,42,100.0,74,3597,0,48.6
Detroit Lions,2013,5,16,40,37,92.5,29,29,100.0,84,3733,0,44.4
New Orleans Saints,2013,6,16,28,24,85.7,32,32,100.0,83,3853,0,46.4
Green Bay Packers,2013,7,16,30,24,80.0,49,48,98.0,70,2994,1,42.8
Jacksonville Jaguars,2013,8,16,29,26,89.7,53,53,100.0,76,3268,2,43.0
Washington Redskins,2013,9,16,25,21,84.0,59,59,100.0,74,3437,0,46.4
Chicago Bears,2013,10,16,30,28,93.3,54,54,100.0,58,2581,0,44.5
Cleveland Browns,2013,11,16,32,27,84.4,43,43,100.0,88,3848,0,43.7
Tampa Bay Buccaneers,2013,12,16,32,31,96.9,40,40,100.0,68,3002,2,44.1
Pittsburgh Steelers,2013,13,16,31,28,90.3,39,38,97.4,79,3397,0,43.0
New York Giants,2013,14,16,30,29,96.7,40,40,100.0,87,3774,1,43.4
Minnesota Vikings,2013,15,16,29,27,93.1,53,53,100.0,77,3325,0,43.2
Tennessee Titans,2013,16,16,39,32,82.1,38,37,97.4,76,3422,0,45.0
Houston Texans,2013,17,16,35,30,85.7,46,46,100.0,91,4161,0,45.7
Cincinnati Bengals,2013,18,16,31,26,83.9,31,31,100.0,90,3984,1,44.3
Arizona Cardinals,2013,19,16,32,25,78.1,33,33,100.0,88,4084,0,46.4
Indianapolis Colts,2013,20,16,30,23,76.7,37,37,100.0,75,3423,0,45.6
Miami Dolphins,2013,21,16,40,34,85.0,33,33,100.0,78,3406,1,43.7
New York Jets,2013,22,16,37,33,89.2,40,40,100.0,82,3679,2,44.9
Oakland Raiders,2013,23,16,28,25,89.3,52,52,100.0,77,3214,3,41.7
Dallas Cowboys,2013,24,16,29,25,86.2,48,47,97.9,61,2880,0,47.2
Seattle Seahawks,2013,25,16,27,26,96.3,17,17,100.0,82,3779,1,46.1
Philadelphia Eagles,2013,26,16,32,27,84.4,36,35,97.2,74,3146,0,42.5
Baltimore Ravens,2013,27,16,35,32,91.4,34,34,100.0,98,4484,0,45.8
San Francisco 49ers,2013,28,16,25,20,80.0,28,28,100.0,87,3884,2,44.6
New England Patriots,2013,29,16,27,22,81.5,38,38,100.0,80,3559,0,44.5
Buffalo Bills,2013,30,16,36,31,86.1,41,41,100.0,94,4274,0,45.5
Denver Broncos,2013,31,16,26,23,88.5,44,44,100.0,89,4100,2,46.1
Kansas City Chiefs,2013,32,16,28,22,78.6,33,33,100.0,87,4052,0,46.6
Chicago Bears,2014,1,16,39,33,84.6,49,49,100.0,49,2109,0,43.0
New Orleans Saints,2014,2,16,32,31,96.9,43,43,100.0,63,2783,0,44.2
Tampa Bay Buccaneers,2014,3,16,39,29,74.4,41,41,100.0,64,2826,0,44.2
Baltimore Ravens,2014,4,16,36,30,83.3,28,28,100.0,76,3489,0,45.9
Washington Redskins,2014,5,16,26,22,84.6,51,50,98.0,80,3522,0,44.0
San Francisco 49ers,2014,6,16,20,20,100.0,40,40,100.0,74,3362,0,45.4
Miami Dolphins,2014,7,16,34,26,76.5,39,39,100.0,61,2593,0,42.5
Tennessee Titans,2014,8,16,39,33,84.6,47,47,100.0,73,3356,0,46.0
Detroit Lions,2014,9,16,23,18,78.3,30,30,100.0,82,3583,0,43.7
Pittsburgh Steelers,2014,10,16,32,30,93.8,38,38,100.0,68,3078,0,45.3
Green Bay Packers,2014,11,16,24,21,87.5,37,37,100.0,62,2691,0,43.4
Atlanta Falcons,2014,12,16,38,31,81.6,42,40,95.2,56,2413,0,43.1
Kansas City Chiefs,2014,13,16,37,32,86.5,25,25,100.0,78,3700,0,47.4
Minnesota Vikings,2014,14,16,31,25,80.6,37,36,97.3,76,3292,0,43.3
Seattle Seahawks,2014,15,16,24,21,87.5,25,25,100.0,83,3630,0,43.7
New York Jets,2014,16,16,32,26,81.3,44,43,97.7,81,3757,0,46.4
San Diego Chargers,2014,17,16,34,28,82.4,36,36,100.0,69,3210,0,46.5
Dallas Cowboys,2014,18,16,18,16,88.9,41,40,97.6,67,3007,0,44.9
Carolina Panthers,2014,19,16,28,22,78.6,44,44,100.0,72,3297,0,45.8
Jacksonville Jaguars,2014,20,16,35,31,88.6,45,45,100.0,75,3559,0,47.5
Cincinnati Bengals,2014,21,16,32,26,81.3,34,34,100.0,75,3274,0,43.7
St. Louis Rams,2014,22,16,29,25,86.2,39,39,100.0,76,3268,0,43.0
Indianapolis Colts,2014,23,16,19,15,78.9,46,46,100.0,90,4271,0,47.5
New York Giants,2014,24,16,31,29,93.5,41,41,100.0,75,3416,0,45.5
Arizona Cardinals,2014,25,16,32,25,78.1,32,32,100.0,78,3544,0,45.4
Denver Broncos,2014,26,16,28,23,82.1,37,37,100.0,88,4035,0,45.9
New England Patriots,2014,27,16,37,29,78.4,28,28,100.0,65,2847,0,43.8
Cleveland Browns,2014,28,16,34,29,85.3,34,34,100.0,86,3790,0,44.1
Buffalo Bills,2014,29,16,37,30,81.1,27,27,100.0,88,3834,0,43.6
Oakland Raiders,2014,30,16,38,32,84.2,50,50,100.0,83,3634,0,43.8
Houston Texans,2014,31,16,22,19,86.4,33,32,97.0,83,3742,0,45.1
Philadelphia Eagles,2014,32,16,27,22,81.5,47,46,97.9,91,3984,0,43.8
Atlanta Falcons,2015,1,16,26,20,76.9,39,39,100.0,65,2944,0,45.3
Cleveland Browns,2015,2,16,35,30,85.7,45,44,97.8,63,2742,1,43.5
Dallas Cowboys,2015,3,16,36,30,83.3,38,36,94.7,74,3330,1,45.0
Tampa Bay Buccaneers,2015,4,16,34,31,91.2,45,42,93.3,62,2787,1,45.0
Pittsburgh Steelers,2015,5,16,31,26,83.9,32,29,90.6,70,3067,0,43.8
Tennessee Titans,2015,6,16,27,23,85.2,50,48,96.0,74,3569,0,48.2
San Diego Chargers,2015,7,16,34,29,85.3,41,39,95.1,72,3102,0,43.1
New Orleans Saints,2015,8,16,27,22,81.5,54,52,96.3,62,2765,1,44.6
San Francisco 49ers,2015,9,16,37,28,75.7,39,35,89.7,74,3363,0,45.4
Minnesota Vikings,2015,10,16,31,28,90.3,28,28,100.0,72,3158,0,43.9
Washington Redskins,2015,11,16,28,23,82.1,41,40,97.6,69,3103,1,45.0
Chicago Bears,2015,12,16,28,24,85.7,46,43,93.5,74,3273,0,44.2
Detroit Lions,2015,13,16,29,25,86.2,44,41,93.2,72,3192,0,44.3
Seattle Seahawks,2015,14,16,28,27,96.4,25,22,88.0,87,3917,0,45.0
Baltimore Ravens,2015,15,16,36,30,83.3,40,37,92.5,81,3716,1,45.9
Miami Dolphins,2015,16,16,29,21,72.4,45,42,93.3,77,3521,1,45.7
Green Bay Packers,2015,17,16,28,24,85.7,34,31,91.2,82,3561,0,43.4
Cincinnati Bengals,2015,18,16,31,26,83.9,27,27,100.0,77,3450,0,44.8
Indianapolis Colts,2015,19,16,35,28,80.0,44,40,90.9,80,3617,0,45.2
Buffalo Bills,2015,20,16,27,22,81.5,37,33,89.2,75,3277,0,43.7
Jacksonville Jaguars,2015,21,16,38,30,78.9,48,48,100.0,72,3159,1,43.9
Oakland Raiders,2015,22,16,42,36,85.7,35,31,88.6,71,3210,0,45.2
Arizona Cardinals,2015,23,16,27,26,96.3,29,27,93.1,78,3658,0,46.9
New York Giants,2015,24,16,35,31,88.6,48,47,97.9,64,2957,1,46.2
Kansas City Chiefs,2015,25,16,22,18,81.8,28,25,89.3,78,3484,1,44.7
New York Jets,2015,26,16,29,26,89.7,33,30,90.9,86,4042,0,47.0
St. Louis Rams,2015,27,16,37,35,94.6,29,29,100.0,83,3711,0,44.7
Denver Broncos,2015,28,16,32,25,78.1,28,27,96.4,92,4279,0,46.5
Philadelphia Eagles,2015,29,16,27,27,100.0,49,47,95.9,89,4031,1,45.3
Houston Texans,2015,30,16,26,20,76.9,35,31,88.6,101,4693,0,46.5
New England Patriots,2015,31,16,29,23,79.3,31,28,90.3,86,4044,0,47.0
Carolina Panthers,2015,32,16,26,20,76.9,30,28,93.3,78,3611,0,46.3
Chicago Bears,2016,1,16,35,33,94.3,42,38,90.5,67,3049,0,45.5
Washington Redskins,2016,2,16,30,24,80.0,43,41,95.3,61,2797,0,45.9
Indianapolis Colts,2016,3,16,40,34,85.0,39,34,87.2,63,2995,0,47.5
Detroit Lions,2016,4,16,26,22,84.6,39,36,92.3,61,2685,0,44.0
Green Bay Packers,2016,5,16,29,27,93.1,40,37,92.5,59,2525,0,42.8
New York Jets,2016,6,16,31,27,87.1,45,44,97.8,72,3184,0,44.2
Pittsburgh Steelers,2016,7,16,31,26,83.9,32,29,90.6,70,3038,0,43.4
Tampa Bay Buccaneers,2016,8,16,36,27,75.0,35,34,97.1,70,3108,0,44.4
Cleveland Browns,2016,9,16,27,19,70.4,52,49,94.2,74,3473,0,46.9
Philadelphia Eagles,2016,10,16,33,28,84.8,34,31,91.2,62,2874,1,46.4
San Diego Chargers,2016,11,16,38,33,86.8,42,42,100.0,62,2874,0,46.4
Dallas Cowboys,2016,12,16,32,25,78.1,28,27,96.4,70,3049,0,43.6
Minnesota Vikings,2016,13,16,32,28,87.5,29,29,100.0,72,3290,0,45.7
Houston Texans,2016,14,16,29,25,86.2,35,35,100.0,84,3862,0,46.0
New Orleans Saints,2016,15,16,35,32,91.4,46,44,95.7,56,2620,0,46.8
Atlanta Falcons,2016,16,16,27,23,85.2,38,35,92.1,66,3176,0,48.1
Tennessee Titans,2016,17,16,32,27,84.4,40,35,87.5,72,3361,0,46.7
Jacksonville Jaguars,2016,18,16,41,38,92.7,40,36,90.0,82,3774,1,46.0
Los Angeles Rams,2016,19,16,18,16,88.9,47,44,93.6,96,4313,1,44.9
Seattle Seahawks,2016,20,16,27,19,70.4,29,29,100.0,79,3400,1,43.0
Buffalo Bills,2016,21,16,32,30,93.8,38,36,94.7,70,3024,1,43.2
Baltimore Ravens,2016,22,16,22,16,72.7,36,33,91.7,91,4090,1,44.9
Carolina Panthers,2016,23,16,42,33,78.6,37,35,94.6,71,3323,0,46.8
Cincinnati Bengals,2016,24,16,31,27,87.1,32,28,87.5,74,3333,0,45.0
Kansas City Chiefs,2016,25,16,30,25,83.3,30,30,100.0,69,3076,0,44.6
New York Giants,2016,26,16,40,34,85.0,25,24,96.0,89,4113,0,46.2
New England Patriots,2016,27,16,29,21,72.4,24,23,95.8,80,3640,0,45.5
Miami Dolphins,2016,28,16,35,26,74.3,38,34,89.5,74,3096,1,41.8
Oakland Raiders,2016,29,16,26,22,84.6,39,35,89.7,72,3309,0,46.0
Arizona Cardinals,2016,30,16,28,25,89.3,40,37,92.5,80,3634,0,45.4
San Francisco 49ers,2016,31,16,32,29,90.6,54,51,94.4,78,3429,0,44.0
Denver Broncos,2016,32,16,33,29,87.9,27,24,88.9,89,4353,0,48.9
Oakland Raiders,2017,1,16,40,34,85.0,37,35,94.6,70,3106,0,44.4
Green Bay Packers,2017,2,16,33,30,90.9,40,38,95.0,67,2884,0,43.0
Atlanta Falcons,2017,3,16,33,28,84.8,31,31,100.0,66,3078,0,46.6
Cleveland Browns,2017,4,16,29,25,86.2,44,41,93.2,83,3694,0,44.5
Tampa Bay Buccaneers,2017,5,16,30,26,86.7,42,40,95.2,59,2738,0,46.4
Dallas Cowboys,2017,6,16,25,19,76.0,35,29,82.9,70,3149,0,45.0
Denver Broncos,2017,7,16,27,24,88.9,44,42,95.5,88,4080,1,46.4
Miami Dolphins,2017,8,16,35,27,77.1,42,42,100.0,76,3477,1,45.8
Chicago Bears,2017,9,16,32,29,90.6,32,31,96.9,74,3491,0,47.2
Carolina Panthers,2017,10,16,34,29,85.3,32,32,100.0,69,3187,0,46.2
Pittsburgh Steelers,2017,11,16,24,20,83.3,31,28,90.3,77,3470,1,45.1
Buffalo Bills,2017,12,16,35,32,91.4,36,35,97.2,62,2671,0,43.1
Indianapolis Colts,2017,13,16,37,31,83.8,38,37,97.4,64,2911,1,45.5
Cincinnati Bengals,2017,14,16,40,35,87.5,35,34,97.1,82,3704,1,45.2
New York Giants,2017,15,16,36,28,77.8,43,40,93.0,74,3380,0,45.7
New England Patriots,2017,16,16,31,22,71.0,31,30,96.8,67,3009,1,44.9
Philadelphia Eagles,2017,17,16,26,20,76.9,33,31,93.9,83,3725,1,44.9
New Orleans Saints,2017,18,16,31,26,83.9,33,30,90.9,71,3185,1,44.9
Los Angeles Chargers,2017,19,16,27,23,85.2,26,23,88.5,79,3582,0,45.3
San Francisco 49ers,2017,20,16,35,31,88.6,37,30,81.1,74,3461,0,46.8
Minnesota Vikings,2017,21,16,30,27,90.0,22,21,95.5,86,3892,0,45.3
Detroit Lions,2017,22,16,29,23,79.3,42,41,97.6,71,3210,0,45.2
Tennessee Titans,2017,23,16,41,37,90.2,34,29,85.3,75,3617,0,48.2
Kansas City Chiefs,2017,24,16,27,22,81.5,33,31,93.9,72,3064,0,42.6
Washington Redskins,2017,25,16,41,34,82.9,34,32,94.1,80,3537,0,44.2
Houston Texans,2017,26,16,35,33,94.3,46,45,97.8,81,3828,0,47.3
New York Jets,2017,27,16,29,21,72.4,41,39,95.1,87,3978,0,45.7
Arizona Cardinals,2017,28,16,29,26,89.7,34,33,97.1,95,4433,0,46.7
Los Angeles Rams,2017,29,16,34,23,67.6,35,32,91.4,80,3561,3,44.5
Seattle Seahawks,2017,30,16,35,31,88.6,33,31,93.9,85,3779,0,44.5
Baltimore Ravens,2017,31,16,33,28,84.8,30,27,90.0,77,3439,0,44.7
Jacksonville Jaguars,2017,32,16,24,22,91.7,28,26,92.9,100,4557,0,45.6
Carolina Panthers,2018,1,16,23,20,87.0,43,42,97.7,64,2928,0,45.8
New Orleans Saints,2018,2,16,23,17,73.9,37,32,86.5,53,2246,2,42.4
Philadelphia Eagles,2018,3,16,37,32,86.5,32,28,87.5,65,2999,0,46.1
Dallas Cowboys,2018,4,16,30,27,90.0,33,31,93.9,64,2856,0,44.6
Tampa Bay Buccaneers,2018,5,16,23,21,91.3,54,51,94.4,70,3347,0,47.8
Oakland Raiders,2018,6,16,30,25,83.3,52,50,96.2,60,2851,0,47.5
Indianapolis Colts,2018,7,16,33,28,84.8,37,36,97.3,67,3022,0,45.1
Atlanta Falcons,2018,8,16,22,22,100.0,44,41,93.2,61,2811,1,46.1
San Francisco 49ers,2018,9,16,27,24,88.9,50,45,90.0,78,3379,0,43.3
Los Angeles Chargers,2018,10,16,30,23,76.7,31,30,96.8,67,3195,0,47.7
Washington Redskins,2018,11,16,26,21,80.8,38,34,89.5,58,2660,0,45.9
Arizona Cardinals,2018,12,16,31,25,80.6,42,42,100.0,80,3638,1,45.5
Jacksonville Jaguars,2018,13,16,31,27,87.1,30,29,96.7,79,3792,0,48.0
Buffalo Bills,2018,14,16,27,24,88.9,39,36,92.3,80,3555,0,44.4
Pittsburgh Steelers,2018,15,16,26,22,84.6,39,38,97.4,82,3610,1,44.0
Tennessee Titans,2018,16,16,29,26,89.7,32,31,96.9,71,3276,0,46.1
New York Giants,2018,17,16,35,31,88.6,39,39,100.0,66,3071,0,46.5
Detroit Lions,2018,18,16,28,19,67.9,39,35,89.7,68,3078,0,45.3
Cincinnati Bengals,2018,19,16,36,33,91.7,46,44,95.7,54,2284,1,42.3
Los Angeles Rams,2018,20,16,28,25,89.3,42,39,92.9,66,2913,2,44.1
Baltimore Ravens,2018,21,16,26,20,76.9,29,27,93.1,88,3850,0,43.8
Chicago Bears,2018,22,16,26,25,96.2,22,22,100.0,78,3447,0,44.2
Kansas City Chiefs,2018,23,16,26,22,84.6,40,37,92.5,52,2278,1,43.8
Minnesota Vikings,2018,24,16,36,33,91.7,29,28,96.6,76,3431,0,45.1
Miami Dolphins,2018,25,16,32,24,75.0,50,47,94.0,55,2326,1,42.3
Cleveland Browns,2018,26,16,37,30,81.1,39,36,92.3,71,3093,0,43.6
Green Bay Packers,2018,27,16,31,23,74.2,44,43,97.7,72,3258,1,45.3
Denver Broncos,2018,28,16,31,26,83.9,39,35,89.7,73,3347,1,45.8
New England Patriots,2018,29,16,29,25,86.2,34,34,100.0,71,2898,2,40.8
New York Jets,2018,30,16,39,33,84.6,44,42,95.5,79,3410,1,43.2
Houston Texans,2018,31,16,26,23,88.5,32,29,90.6,80,3732,1,46.7
Seattle Seahawks,2018,32,16,33,26,78.8,34,31,91.2,66,2961,0,44.9
Los Angeles Chargers,2019,1,16,33,23,69.7,38,32,84.2,60,2663,0,44.4
Atlanta Falcons,2019,2,16,34,30,88.2,41,35,85.4,58,2710,0,46.7
New York Giants,2019,3,16,32,25,78.1,53,50,94.3,71,3174,1,44.7
Houston Texans,2019,4,16,26,21,80.8,43,42,97.7,56,2632,0,47.0
Baltimore Ravens,2019,5,16,31,27,87.1,24,21,87.5,64,2990,0,46.7
Cleveland Browns,2019,6,16,32,23,71.9,44,42,95.5,61,2777,0,45.5
Indianapolis Colts,2019,7,16,31,29,93.5,38,38,100.0,55,2546,0,46.3
Oakland Raiders,2019,8,16,26,20,76.9,51,51,100.0,60,2811,0,46.9
Jacksonville Jaguars,2019,9,16,27,22,81.5,45,43,95.6,69,3141,0,45.5
Miami Dolphins,2019,10,16,38,31,81.6,52,47,90.4,57,2546,0,44.7
Washington Redskins,2019,11,16,30,25,83.3,48,46,95.8,58,2536,1,43.7
Cincinnati Bengals,2019,12,16,34,30,88.2,45,44,97.8,69,3073,0,44.5
Pittsburgh Steelers,2019,13,16,31,25,80.6,31,30,96.8,73,3366,0,46.1
Philadelphia Eagles,2019,14,16,27,23,85.2,37,35,94.6,86,3840,0,44.7
Minnesota Vikings,2019,15,16,33,29,87.9,27,26,96.3,60,2763,1,46.1
Kansas City Chiefs,2019,16,16,26,21,80.8,27,23,85.2,58,2539,0,43.8
Dallas Cowboys,2019,17,16,32,26,81.3,31,29,93.5,69,3188,0,46.2
Chicago Bears,2019,18,16,30,23,76.7,29,27,93.1,75,3443,0,45.9
Denver Broncos,2019,19,16,39,34,87.2,27,26,96.3,71,3303,0,46.5
Buffalo Bills,2019,20,16,26,16,61.5,25,21,84.0,84,3751,0,44.7
Tampa Bay Buccaneers,2019,21,16,43,37,86.0,39,38,97.4,64,3006,0,47.0
Arizona Cardinals,2019,22,16,32,27,84.4,50,49,98.0,58,2523,0,43.5
San Francisco 49ers,2019,23,16,20,17,85.0,30,29,96.7,75,3555,0,47.4
New York Jets,2019,24,16,34,28,82.4,33,29,87.9,82,3534,1,43.1
Los Angeles Rams,2019,25,16,30,24,80.0,41,40,97.6,73,3222,0,44.1
Carolina Panthers,2019,26,16,35,27,77.1,50,49,98.0,68,3099,1,45.6
Green Bay Packers,2019,27,16,32,27,84.4,31,28,90.3,67,2968,0,44.3
Detroit Lions,2019,28,16,34,27,79.4,46,44,95.7,65,2957,0,45.5
New Orleans Saints,2019,29,16,24,22,91.7,36,33,91.7,73,3146,1,43.1
Seattle Seahawks,2019,30,16,35,25,71.4,38,35,92.1,59,2661,1,45.1
Tennessee Titans,2019,31,16,27,21,77.8,35,30,85.7,71,3300,0,46.5
New England Patriots,2019,32,16,19,17,89.5,25,24,96.0,90,3848,4,42.8
New England Patriots,2020,1,16,27,22,81.5,39,37,94.9,52,2390,0,46.0
Carolina Panthers,2020,2,16,31,29,93.5,43,37,86.0,51,2233,0,43.8
Jacksonville Jaguars,2020,3,16,39,31,79.5,55,51,92.7,49,2090,1,42.7
Philadelphia Eagles,2020,4,16,32,27,84.4,47,45,95.7,71,3271,0,46.1
New York Giants,2020,5,16,36,32,88.9,31,29,93.5,55,2589,0,47.1
Minnesota Vikings,2020,6,16,39,35,89.7,46,42,91.3,42,1929,0,45.9
Cleveland Browns,2020,7,16,27,23,85.2,41,38,92.7,50,2171,0,43.4
Las Vegas Raiders,2020,8,16,39,32,82.1,48,44,91.7,48,2192,0,45.7
Houston Texans,2020,9,16,31,25,80.6,50,49,98.0,51,2285,1,44.8
Green Bay Packers,2020,10,16,27,24,88.9,37,35,94.6,56,2506,0,44.8
Dallas Cowboys,2020,11,16,27,24,88.9,48,45,93.8,54,2461,0,45.6
Detroit Lions,2020,12,16,20,16,80.0,62,53,85.5,50,2066,3,41.3
Denver Broncos,2020,13,16,42,39,92.9,44,41,93.2,63,2829,0,44.9
Indianapolis Colts,2020,14,16,23,19,82.6,41,41,100.0,64,2832,1,44.3
Tennessee Titans,2020,15,16,23,21,91.3,47,42,89.4,45,2147,0,47.7
Los Angeles Chargers,2020,16,16,32,28,87.5,44,40,90.9,61,2893,0,47.4
Kansas City Chiefs,2020,17,16,26,18,69.2,40,38,95.0,57,2647,0,46.4
Chicago Bears,2020,18,16,35,29,82.9,40,37,92.5,63,2866,0,45.5
San Francisco 49ers,2020,19,16,37,33,89.2,40,37,92.5,69,3349,0,48.5
Buffalo Bills,2020,20,16,25,23,92.0,37,32,86.5,63,2896,0,46.0
New York Jets,2020,21,16,35,29,82.9,52,50,96.2,54,2272,2,42.1
Arizona Cardinals,2020,22,16,30,25,83.3,38,36,94.7,67,2985,2,44.6
Atlanta Falcons,2020,23,16,28,24,85.7,45,44,97.8,54,2468,0,45.7
Baltimore Ravens,2020,24,16,24,16,66.7,30,25,83.3,61,2838,0,46.5
Cincinnati Bengals,2020,25,16,38,33,86.8,44,43,97.7,59,2797,0,47.4
Seattle Seahawks,2020,26,16,35,29,82.9,33,26,78.8,56,2524,1,45.1
Washington Football Team,2020,27,16,27,24,88.9,36,33,91.7,73,3370,0,46.2
Los Angeles Rams,2020,28,16,26,22,84.6,32,32,100.0,84,4065,0,48.4
Miami Dolphins,2020,29,16,23,17,73.9,41,39,95.1,66,3036,1,46.0
Tampa Bay Buccaneers,2020,30,16,26,21,80.8,39,38,97.4,66,2956,1,44.8
Pittsburgh Steelers,2020,31,16,24,20,83.3,33,32,97.0,81,3701,0,45.7
New Orleans Saints,2020,32,16,26,22,84.6,35,33,94.3,66,3068,0,46.5
Chicago Bears,2021,1,1,2,2,100.0,4,4,100.0,1,50,0,50.0
New York Giants,2021,2,1,2,2,100.0,3,3,100.0,2,78,0,39.0
Cleveland Browns,2021,3,1,2,2,100.0,3,3,100.0,2,91,0,45.5
Green Bay Packers,2021,4,1,1,1,100.0,5,5,100.0,2,103,0,51.5
Tennessee Titans,2021,5,1,2,1,50.0,5,5,100.0,3,144,0,48.0
New England Patriots,2021,6,1,1,1,100.0,2,2,100.0,4,180,0,45.0
Indianapolis Colts,2021,7,1,,,,4,4,100.0,5,185,0,37.0
Los Angeles Chargers,2021,8,1,4,3,75.0,1,1,100.0,3,138,0,46.0
Denver Broncos,2021,9,1,,,,1,1,100.0,3,162,0,54.0
Detroit Lions,2021,10,1,3,2,66.7,5,5,100.0,2,76,0,38.0
Los Angeles Rams,2021,11,1,,,,2,2,100.0,1,36,0,36.0
New York Jets,2021,12,1,2,2,100.0,2,1,50.0,6,225,0,37.5
Kansas City Chiefs,2021,13,1,,,,3,3,100.0,1,52,0,52.0
Miami Dolphins,2021,14,1,3,3,100.0,1,1,100.0,2,99,0,49.5
Philadelphia Eagles,2021,15,1,2,2,100.0,,,,6,279,0,46.5
Buffalo Bills,2021,16,1,3,3,100.0,2,2,100.0,5,207,0,41.4
Washington Football Team,2021,17,1,2,2,100.0,2,2,100.0,2,94,0,47.0
New Orleans Saints,2021,18,1,1,1,100.0,,,,4,176,0,44.0
Atlanta Falcons,2021,19,1,1,1,100.0,3,3,100.0,4,189,0,47.3
Baltimore Ravens,2021,20,1,2,2,100.0,3,3,100.0,6,316,0,52.7
Seattle Seahawks,2021,21,1,1,1,100.0,1,1,100.0,4,187,0,46.8
Tampa Bay Buccaneers,2021,22,1,5,3,60.0,3,2,66.7,3,147,0,49.0
Jacksonville Jaguars,2021,23,1,3,3,100.0,4,4,100.0,6,266,0,44.3
Arizona Cardinals,2021,24,1,1,,0.0,2,1,50.0,3,151,0,50.3
Pittsburgh Steelers,2021,25,1,3,3,100.0,1,1,100.0,4,137,1,34.3
Carolina Panthers,2021,26,1,,,,,,,7,347,0,49.6
San Francisco 49ers,2021,27,1,2,1,50.0,2,2,100.0,3,152,0,50.7
Dallas Cowboys,2021,28,1,1,1,100.0,4,4,100.0,4,197,0,49.3
Las Vegas Raiders,2021,29,1,2,2,100.0,3,3,100.0,4,179,0,44.8
Minnesota Vikings,2021,30,1,2,2,100.0,3,3,100.0,7,332,0,47.4
Cincinnati Bengals,2021,31,1,1,1,100.0,3,3,100.0,8,402,0,50.3
Houston Texans,2021,32,1,1,,0.0,3,3,100.0,6,297,0,49.5
