Tm,Year,Rk,G,FGA,FGM,FGA,FGM,FGA,FGM,FGA,FGM,FGA,FGM,FGA,FGM,Lng,FG_perc,XPA,XPM,XP_perc,KO,KOYds,TB,TB_perc,KOAvg,Pnt,Yds,Lng,Blck,Y/P
Chicago Bears,2006,1,16,,,6,6,16,14,14,12,,,36,32,49,88.9,47,47,100.0,95,6175,11,11.6,65.0,77,3404,65,0,44.2
San Diego Chargers,2006,2,16,,,7,7,12,11,9,7,1,1,29,26,54,89.7,58,58,100.0,103,6640,11,10.7,64.5,69,2893,71,0,41.9
Carolina Panthers,2006,3,16,2,2,6,6,4,4,8,8,7,4,27,24,54,88.9,28,28,100.0,67,4208,6,9.0,62.8,100,4554,70,1,45.5
Seattle Seahawks,2006,4,16,,,10,10,7,5,9,7,5,3,31,25,54,80.6,36,36,100.0,75,4859,12,16.0,64.8,86,3827,72,0,44.5
Baltimore Ravens,2006,5,16,,,13,12,9,9,7,6,1,1,30,28,52,93.3,37,37,100.0,82,5174,6,7.3,63.1,86,3695,61,0,43.0
Green Bay Packers,2006,6,16,,,12,11,9,6,11,8,3,1,35,26,54,74.3,32,31,96.9,72,4672,11,15.3,64.9,84,3739,66,0,44.5
Buffalo Bills,2006,7,16,,,8,8,5,5,10,8,2,2,25,23,53,92.0,33,33,100.0,70,4193,5,7.1,59.9,92,4012,66,0,43.6
New Orleans Saints,2006,8,16,1,1,9,9,8,7,6,5,2,1,26,23,51,88.5,47,46,97.9,63,3809,5,7.9,60.5,77,3369,59,0,43.8
Cincinnati Bengals,2006,9,16,,,9,9,9,8,8,6,4,2,30,25,51,83.3,42,40,95.2,84,5330,13,15.5,63.5,77,3428,67,0,44.5
Philadelphia Eagles,2006,10,16,,,10,9,5,3,8,6,,,23,18,47,78.3,48,48,100.0,83,5456,11,13.3,65.7,78,3326,60,0,42.6
St. Louis Rams,2006,11,16,1,1,11,11,6,6,16,11,3,3,37,32,53,86.5,35,35,100.0,84,5231,11,13.1,62.3,76,3266,74,1,43.0
Tennessee Titans,2006,12,16,,,11,10,7,7,8,4,2,1,28,22,60,78.6,32,32,100.0,71,4338,10,14.1,61.1,88,3760,73,0,42.7
Minnesota Vikings,2006,13,16,2,2,7,7,8,8,6,4,2,,25,21,49,84.0,28,27,96.4,67,3954,3,4.5,59.0,94,3961,68,0,42.1
Jacksonville Jaguars,2006,14,16,,,6,5,7,7,18,14,1,,32,26,48,81.3,41,41,100.0,84,5429,21,25.0,64.6,73,2961,58,1,40.6
San Francisco 49ers,2006,15,16,2,2,12,11,10,8,9,7,2,1,35,29,51,82.9,29,29,100.0,74,4463,5,6.8,60.3,81,3625,66,0,44.8
Miami Dolphins,2006,16,16,,,10,10,8,6,12,9,6,1,36,26,52,72.2,22,22,100.0,67,4339,24,35.8,64.8,86,3683,64,1,42.8
Denver Broncos,2006,17,16,,,10,10,10,10,8,6,1,1,29,27,51,93.1,34,34,100.0,75,5056,19,25.3,67.4,80,3338,61,0,41.7
Washington Redskins,2006,18,16,,,5,5,12,10,11,6,2,1,30,22,52,73.3,31,31,100.0,72,4342,1,1.4,60.3,82,3514,60,1,42.9
New York Giants,2006,19,16,,,7,7,11,10,8,6,1,,27,23,47,85.2,38,38,100.0,78,5011,12,15.4,64.2,77,3098,54,0,40.2
Atlanta Falcons,2006,20,16,,,9,8,10,7,9,7,4,1,32,23,51,71.9,31,31,100.0,70,4511,13,18.6,64.4,78,3283,65,2,42.1
New England Patriots,2006,21,16,,,11,10,10,7,4,2,1,1,26,20,52,76.9,44,43,97.7,82,5299,12,14.6,64.6,69,2847,62,0,41.3
Kansas City Chiefs,2006,22,16,1,1,10,10,6,4,10,7,4,2,31,24,53,77.4,36,35,97.2,78,4861,5,6.4,62.3,72,3178,72,0,44.1
Tampa Bay Buccaneers,2006,23,16,,,8,8,3,3,9,5,2,1,22,17,62,77.3,23,22,95.7,53,3264,4,7.5,61.6,93,4045,59,0,43.5
Arizona Cardinals,2006,24,16,,,11,11,9,9,10,7,7,1,37,28,50,75.7,32,32,100.0,77,5127,17,22.1,66.6,68,3055,58,2,44.9
Cleveland Browns,2006,25,16,,,6,5,10,9,12,6,1,1,29,21,51,72.4,25,25,100.0,61,3874,11,18.0,63.5,83,3621,61,0,43.6
New York Jets,2006,26,16,1,1,7,7,12,10,4,4,3,2,27,24,54,88.9,35,34,97.1,72,4383,2,2.8,60.9,74,3255,69,1,44.0
Pittsburgh Steelers,2006,27,16,1,1,7,6,11,8,7,4,1,1,27,20,50,74.1,41,41,100.0,76,4684,4,5.3,61.6,65,2687,56,0,41.3
Dallas Cowboys,2006,28,16,,,8,7,10,8,9,4,1,1,28,20,50,71.4,49,49,100.0,78,4671,6,7.7,59.9,56,2697,75,0,48.2
Detroit Lions,2006,29,16,1,1,12,12,6,6,8,7,6,3,33,29,53,87.9,30,30,100.0,76,5055,13,17.1,66.5,66,2967,67,0,45.0
Houston Texans,2006,30,16,1,1,4,4,5,3,13,11,2,,25,19,49,76.0,27,26,96.3,64,4118,10,15.6,64.3,76,3161,62,0,41.6
Indianapolis Colts,2006,31,16,1,1,4,4,13,12,10,9,1,,29,26,48,89.7,48,47,97.9,88,5720,10,11.4,65.0,48,2129,61,1,44.4
Oakland Raiders,2006,32,16,1,1,3,2,11,9,3,3,7,3,25,18,55,72.0,16,16,100.0,51,3243,7,13.7,63.6,78,3708,67,1,47.5
Chicago Bears,2007,1,16,,,7,7,13,12,14,12,2,,36,31,49,86.1,33,33,100.0,79,4644,3,3.8,58.8,94,3934,60,0,41.9
Seattle Seahawks,2007,2,16,,,12,12,5,5,12,8,5,3,34,28,54,82.4,43,43,100.0,89,5585,13,14.6,62.8,86,3436,62,0,40.0
Arizona Cardinals,2007,3,16,2,2,5,5,8,6,6,5,9,3,30,21,52,70.0,48,47,97.9,81,5190,17,21.0,64.1,80,3238,61,1,40.5
San Diego Chargers,2007,4,16,,,11,11,6,5,8,7,2,1,27,24,51,88.9,46,46,100.0,77,4802,7,9.1,62.4,82,3781,70,1,46.1
Green Bay Packers,2007,5,16,1,1,8,8,11,10,14,9,5,3,39,31,53,79.5,48,48,100.0,93,5783,14,15.1,62.2,62,2753,72,2,44.4
Atlanta Falcons,2007,6,16,,,10,9,12,12,10,5,,,34,26,47,76.5,25,25,100.0,68,4384,15,22.1,64.5,88,3824,63,0,43.5
Dallas Cowboys,2007,7,16,,,12,10,7,7,7,7,5,2,31,26,53,83.9,53,53,100.0,94,5800,4,4.3,61.7,63,2970,64,0,47.1
Carolina Panthers,2007,8,16,2,2,6,6,9,8,9,6,2,2,28,24,53,85.7,27,27,100.0,60,3646,2,3.3,60.8,92,4038,64,0,43.9
San Francisco 49ers,2007,9,16,1,1,5,5,6,6,5,5,2,,19,17,49,89.5,22,22,100.0,57,3378,4,7.0,59.3,105,4968,74,0,47.3
Tampa Bay Buccaneers,2007,10,16,,,12,11,11,11,7,6,3,,33,28,49,84.8,34,34,100.0,79,4714,6,7.6,59.7,78,3426,61,1,43.9
Minnesota Vikings,2007,11,16,,,3,3,6,6,11,10,4,1,24,20,55,83.3,40,39,97.5,79,4918,9,11.4,62.3,81,3621,70,0,44.7
Kansas City Chiefs,2007,12,16,,,4,4,13,9,9,6,1,,27,19,49,70.4,21,21,100.0,59,3773,5,8.5,63.9,96,4367,81,1,45.5
New England Patriots,2007,13,16,,,10,10,9,8,5,3,,,24,21,45,87.5,74,74,100.0,112,7109,15,13.4,63.5,45,1862,64,1,41.4
Cleveland Browns,2007,14,16,2,2,10,9,8,7,8,7,2,1,30,26,51,86.7,43,42,97.7,85,5214,5,5.9,61.3,69,2895,64,0,42.0
Philadelphia Eagles,2007,15,16,,,12,12,10,10,6,1,4,1,32,24,53,75.0,36,36,100.0,78,4796,6,7.7,61.5,73,3066,65,0,42.0
New York Giants,2007,16,16,1,1,10,9,8,5,8,8,,,27,23,48,85.2,42,40,95.2,83,4987,8,9.6,60.1,72,2905,60,1,40.3
Washington Redskins,2007,17,16,,,10,10,10,8,15,11,,,35,29,49,82.9,30,29,96.7,77,4436,6,7.8,57.6,75,3072,64,0,41.0
Tennessee Titans,2007,18,16,,,12,10,12,12,10,9,5,4,39,35,56,89.7,28,28,100.0,75,5014,16,21.3,66.9,73,3060,66,0,41.9
Detroit Lions,2007,19,16,1,1,5,4,12,10,13,11,4,3,35,29,53,82.9,36,35,97.2,83,5260,13,15.7,63.4,68,3010,58,0,44.3
Pittsburgh Steelers,2007,20,16,,,9,9,10,10,5,4,1,,25,23,49,92.0,44,44,100.0,86,5242,10,11.6,61.0,68,2880,59,0,42.4
Baltimore Ravens,2007,21,16,1,1,11,11,7,7,12,8,1,,32,27,49,84.4,26,26,100.0,67,4097,7,10.4,61.1,79,3441,64,1,43.6
St. Louis Rams,2007,22,16,,,8,7,7,6,13,8,4,3,32,24,53,75.0,25,25,100.0,66,4142,5,7.6,62.8,78,3684,80,0,47.2
Oakland Raiders,2007,23,16,,,4,4,7,6,10,7,11,6,32,23,54,71.9,28,28,100.0,68,4312,22,32.4,63.4,73,3585,70,0,49.1
New York Jets,2007,24,16,1,1,11,11,12,10,8,6,4,1,36,29,50,80.6,24,23,95.8,65,3952,9,13.8,60.8,72,3106,62,1,43.1
Indianapolis Colts,2007,25,16,1,1,15,14,10,8,2,,1,,29,23,39,79.3,51,49,96.1,91,5906,9,9.9,64.9,52,2181,63,0,41.9
Buffalo Bills,2007,26,16,,,11,11,7,7,6,4,3,2,27,24,52,88.9,24,24,100.0,66,4002,6,9.1,60.6,81,3302,75,0,40.8
Cincinnati Bengals,2007,27,16,1,1,12,11,13,13,7,6,1,,34,31,48,91.2,37,37,100.0,88,5367,8,9.1,61.0,59,2437,55,0,41.3
New Orleans Saints,2007,28,16,,,5,4,6,5,5,4,6,2,22,15,55,68.2,42,42,100.0,77,4728,16,20.8,61.4,63,2757,61,0,43.8
Miami Dolphins,2007,29,16,,,7,7,6,6,9,7,1,1,23,21,53,91.3,26,26,100.0,67,3839,8,11.9,57.3,77,3327,61,0,43.2
Jacksonville Jaguars,2007,30,16,2,2,9,9,6,6,7,4,,,24,21,48,87.5,48,46,95.8,88,5500,17,19.3,62.5,54,2249,76,0,41.6
Houston Texans,2007,31,16,1,1,7,6,6,6,10,7,5,5,29,25,57,86.2,40,40,100.0,84,5274,11,13.1,62.8,55,2296,59,0,41.7
Denver Broncos,2007,32,16,,,11,11,6,6,12,9,2,1,31,27,50,87.1,33,33,100.0,69,4437,11,15.9,64.3,60,2721,65,2,45.4
Chicago Bears,2008,1,16,,,6,6,12,12,11,8,,,29,26,48,89.7,41,41,100.0,79,5124,9,11.4,64.9,96,3957,67,0,41.2
Philadelphia Eagles,2008,2,16,2,2,11,11,12,10,10,8,5,2,40,33,51,82.5,45,45,100.0,92,6012,17,18.5,65.3,78,3377,65,1,43.3
Baltimore Ravens,2008,3,16,,,11,11,12,11,9,5,3,1,35,28,54,80.0,41,41,100.0,56,3522,6,10.7,62.9,84,3777,74,0,45.0
Tennessee Titans,2008,4,16,,,6,6,7,7,19,15,1,1,33,29,51,87.9,40,40,100.0,85,5615,22,25.9,66.1,87,3725,75,0,42.8
Carolina Panthers,2008,5,16,,,7,7,9,9,12,11,3,1,31,28,50,90.3,46,46,100.0,90,5938,30,33.3,66.0,76,3349,63,3,44.1
Tampa Bay Buccaneers,2008,6,16,,,12,12,15,15,8,5,3,,38,32,49,84.2,36,35,97.2,82,5143,6,7.3,62.7,77,3426,64,0,44.5
Minnesota Vikings,2008,7,16,,,10,10,9,7,9,6,6,6,34,29,54,85.3,40,40,100.0,85,5479,6,7.1,64.5,74,3521,62,1,47.6
Seattle Seahawks,2008,8,16,,,7,7,10,9,6,5,4,3,27,24,51,88.9,30,30,100.0,71,4703,22,31.0,66.2,90,4052,63,1,45.0
Oakland Raiders,2008,9,16,,,11,11,8,8,4,2,7,3,30,24,57,80.0,26,25,96.2,68,4421,22,32.4,65.0,90,4391,70,0,48.8
Pittsburgh Steelers,2008,10,16,1,1,9,9,9,8,10,8,2,1,31,27,53,87.1,37,36,97.3,82,5055,9,11.0,61.6,78,3107,61,0,39.8
Green Bay Packers,2008,11,16,1,1,8,8,13,10,6,5,6,3,34,27,53,79.4,46,46,100.0,95,5942,17,17.9,62.5,65,2688,65,0,41.4
Cincinnati Bengals,2008,12,16,1,1,6,6,7,6,11,9,,,25,22,45,88.0,18,18,100.0,58,3654,9,15.5,63.0,101,3984,57,1,39.4
New York Giants,2008,13,16,1,1,15,15,15,14,7,5,1,1,39,36,51,92.3,41,41,100.0,85,5094,4,4.7,59.9,64,2814,61,0,44.0
Washington Redskins,2008,14,16,,,7,7,9,7,16,11,4,1,36,26,50,72.2,25,25,100.0,68,4199,9,13.2,61.8,82,3362,62,1,41.0
Dallas Cowboys,2008,15,16,,,1,1,8,7,11,10,2,2,22,20,52,90.9,42,42,100.0,77,4628,,,60.1,78,3432,70,1,44.0
Miami Dolphins,2008,16,16,,,4,4,7,7,13,9,1,1,25,21,50,84.0,40,40,100.0,77,4835,7,9.1,62.8,74,3249,71,0,43.9
Detroit Lions,2008,17,16,,,3,3,5,4,6,6,8,8,22,21,56,95.5,26,25,96.2,67,4338,7,10.4,64.7,90,3952,66,0,43.9
St. Louis Rams,2008,18,16,,,8,8,7,7,13,10,8,6,36,31,54,86.1,19,19,100.0,66,4446,8,12.1,67.4,83,4120,68,0,49.6
Atlanta Falcons,2008,19,16,,,11,11,8,7,10,10,2,1,31,29,50,93.5,42,42,100.0,87,5813,16,18.4,66.8,65,2647,60,2,40.7
Kansas City Chiefs,2008,20,16,,,9,9,7,4,4,3,2,,22,16,45,72.7,31,31,100.0,63,3793,4,6.3,60.2,82,3622,73,0,44.2
New Orleans Saints,2008,21,16,,,6,6,9,8,10,7,2,1,27,22,53,81.5,54,53,98.1,93,5979,14,15.1,64.3,53,2364,70,0,44.6
San Francisco 49ers,2008,22,16,,,9,9,10,10,11,8,3,2,33,29,53,87.9,34,34,100.0,80,5071,9,11.3,63.4,67,3203,82,1,47.8
Arizona Cardinals,2008,23,16,,,9,9,11,9,6,6,2,1,28,25,54,89.3,44,44,100.0,90,5646,15,16.7,62.7,60,2509,59,0,41.8
New England Patriots,2008,24,16,,,12,10,16,16,11,9,1,1,40,36,50,90.0,40,40,100.0,95,6027,17,17.9,63.4,50,2200,70,0,44.0
Cleveland Browns,2008,25,16,,,10,10,14,12,6,5,6,3,36,30,56,83.3,18,18,100.0,66,4228,12,18.2,64.1,76,3443,65,0,45.3
Buffalo Bills,2008,26,16,1,1,8,7,11,11,15,10,3,1,38,30,53,78.9,34,34,100.0,78,4752,10,12.8,60.9,58,2557,63,0,44.1
New York Jets,2008,27,16,,,9,9,13,9,5,4,2,2,29,24,55,82.8,41,41,100.0,84,5237,7,8.3,62.3,59,2533,61,1,42.9
San Diego Chargers,2008,28,16,,,13,13,10,10,8,3,1,1,32,27,57,84.4,46,46,100.0,96,6061,8,8.3,63.1,51,2332,67,0,45.7
Jacksonville Jaguars,2008,29,16,,,7,7,6,3,7,5,5,4,25,19,53,76.0,33,33,100.0,69,4173,10,14.5,60.5,67,2904,60,0,43.3
Houston Texans,2008,30,16,,,10,9,10,10,10,8,3,2,33,29,53,87.9,37,37,100.0,85,5440,9,10.6,64.0,53,2240,59,0,42.3
Indianapolis Colts,2008,31,16,,,3,3,13,11,7,4,2,2,25,20,52,80.0,43,43,100.0,81,5235,8,9.9,64.6,53,2343,64,0,44.2
Denver Broncos,2008,32,16,,,8,7,9,8,11,5,6,5,34,25,56,73.5,40,39,97.5,84,5426,19,22.6,64.6,46,2150,64,0,46.7
San Francisco 49ers,2009,1,16,,,5,4,10,9,6,4,3,2,24,19,51,79.2,39,39,100.0,73,4786,6,8.2,65.6,99,4711,64,0,47.6
Philadelphia Eagles,2009,2,16,1,1,11,11,9,8,13,11,3,1,37,32,52,86.5,45,43,95.6,94,6117,11,11.7,65.1,76,3222,61,0,42.4
Minnesota Vikings,2009,3,16,1,1,10,10,6,5,9,8,2,2,28,26,52,92.9,55,54,98.2,98,6227,5,5.1,63.5,73,3202,60,0,43.9
Kansas City Chiefs,2009,4,16,,,10,10,7,7,7,6,5,2,29,25,53,86.2,29,29,100.0,73,4515,7,9.6,61.8,97,4406,70,1,45.4
Green Bay Packers,2009,5,16,1,1,13,13,9,7,7,4,6,2,36,27,52,75.0,49,48,98.0,97,5988,12,12.4,61.7,67,2935,58,1,43.8
Baltimore Ravens,2009,6,16,,,6,6,14,9,8,6,2,,30,21,46,70.0,47,46,97.9,84,5345,4,4.8,63.6,74,3232,60,1,43.7
Arizona Cardinals,2009,7,16,1,1,4,4,6,6,8,7,,,19,18,48,94.7,46,45,97.8,78,4886,14,17.9,62.6,86,4045,64,0,47.0
New Orleans Saints,2009,8,16,1,1,9,9,14,10,3,2,1,,28,22,46,78.6,63,60,95.2,104,6916,28,26.9,66.5,58,2528,60,0,43.6
New York Jets,2009,9,16,,,6,6,15,12,14,11,1,1,36,30,55,83.3,32,32,100.0,82,5378,10,12.2,65.6,80,3357,66,0,42.0
Buffalo Bills,2009,10,16,,,12,12,9,9,9,6,3,1,33,28,56,84.8,24,24,100.0,69,4345,6,8.7,63.0,90,4192,73,0,46.6
Denver Broncos,2009,11,16,,,14,14,8,6,10,8,3,2,35,30,51,85.7,32,32,100.0,78,5304,28,35.9,68.0,78,3387,65,0,43.4
Dallas Cowboys,2009,12,16,1,1,7,6,8,6,13,6,2,1,31,20,51,64.5,41,41,100.0,79,5069,29,36.7,64.2,72,3249,63,0,45.1
Pittsburgh Steelers,2009,13,16,1,1,7,7,16,15,5,4,2,,31,27,46,87.1,41,41,100.0,81,4840,3,3.7,59.8,72,3074,60,0,42.7
Houston Texans,2009,14,16,,,13,11,9,6,6,2,4,2,32,21,56,65.6,44,43,97.7,82,5402,10,12.2,65.9,67,2866,62,0,42.8
Seattle Seahawks,2009,15,16,,,9,9,11,10,6,5,,,26,24,47,92.3,28,28,100.0,69,4661,22,31.9,67.6,89,4100,70,0,46.1
Cincinnati Bengals,2009,16,16,,,11,10,10,8,3,3,4,2,28,23,53,82.1,29,28,96.6,69,4308,8,11.6,62.4,86,3713,61,0,43.2
Cleveland Browns,2009,17,16,1,1,11,11,6,6,6,5,1,,25,23,49,92.0,23,22,95.7,65,3874,6,9.2,59.6,94,3977,60,0,42.3
Oakland Raiders,2009,18,16,,,3,3,8,8,10,9,8,6,29,26,61,89.7,17,17,100.0,59,3872,17,28.8,65.6,96,4909,70,0,51.1
Miami Dolphins,2009,19,16,,,9,9,8,7,9,8,2,1,28,25,52,89.3,38,37,97.4,82,5001,7,8.5,61.0,75,3472,66,0,46.3
New York Giants,2009,20,16,,,12,10,13,11,6,5,1,1,32,27,52,84.4,45,45,100.0,86,5343,6,7.0,62.1,64,2604,59,0,40.7
Tennessee Titans,2009,21,16,,,8,8,6,4,12,10,6,5,32,27,53,84.4,37,37,100.0,81,5186,7,8.6,64.0,69,2995,67,0,43.4
San Diego Chargers,2009,22,16,2,2,17,17,4,4,8,6,4,3,35,32,55,91.4,51,50,98.0,97,6139,9,9.3,63.3,52,2342,65,0,45.0
Chicago Bears,2009,23,16,,,9,9,6,6,10,7,3,2,28,24,52,85.7,33,33,100.0,73,4747,8,11.0,65.0,77,3191,66,0,41.4
Tampa Bay Buccaneers,2009,24,16,,,3,3,8,5,11,5,4,3,26,16,54,61.5,24,24,100.0,57,3488,8,14.0,61.2,87,3626,63,0,41.7
Carolina Panthers,2009,25,16,,,7,7,10,9,6,5,4,1,27,22,50,81.5,32,31,96.9,72,4768,21,29.2,66.2,77,3396,61,1,44.1
New England Patriots,2009,26,16,,,7,7,13,12,8,5,3,2,31,26,53,83.9,47,47,100.0,91,6096,21,23.1,67.0,57,2261,56,1,39.7
Indianapolis Colts,2009,27,16,1,1,5,5,8,6,4,4,2,,20,16,48,80.0,51,50,98.0,83,5673,22,26.5,68.3,64,2837,60,0,44.3
Atlanta Falcons,2009,28,16,,,6,6,12,8,7,3,4,2,29,19,51,65.5,43,42,97.7,76,5053,28,36.8,66.5,63,2676,70,1,42.5
Jacksonville Jaguars,2009,29,16,,,8,7,4,4,7,3,9,4,28,18,52,64.3,31,30,96.8,65,4269,17,26.2,65.7,72,3017,64,0,41.9
St. Louis Rams,2009,30,16,,,5,5,5,4,7,4,7,6,24,19,55,79.2,16,16,100.0,53,3442,8,15.1,64.9,90,4212,63,0,46.8
Washington Redskins,2009,31,16,,,11,10,6,5,7,7,1,,25,22,48,88.0,28,26,92.9,68,4111,8,11.8,60.5,76,3084,59,0,40.6
Detroit Lions,2009,32,16,,,5,5,9,8,10,7,4,1,28,21,50,75.0,25,25,100.0,64,3980,4,6.3,62.2,74,3175,56,0,42.9
Oakland Raiders,2010,1,16,,,8,8,14,13,12,8,7,4,41,33,59,80.5,43,43,100.0,93,6007,29,31.2,64.6,78,3650,68,0,46.8
St. Louis Rams,2010,2,16,,,12,11,14,12,9,7,4,3,39,33,53,84.6,27,26,96.3,73,4819,5,6.8,66.0,94,4277,63,0,45.5
New York Jets,2010,3,16,1,1,11,10,16,14,6,3,5,2,39,30,56,76.9,37,37,100.0,81,4986,7,8.6,61.6,84,3578,61,0,42.6
Philadelphia Eagles,2010,4,16,,,12,12,12,10,11,9,3,1,38,32,50,84.2,47,47,100.0,96,6135,23,24.0,63.9,73,3197,63,0,43.8
Kansas City Chiefs,2010,5,16,,,6,6,9,7,8,6,3,1,26,20,53,76.9,42,42,100.0,78,4730,8,10.3,60.6,90,3942,72,1,43.8
Washington Redskins,2010,6,16,1,1,10,8,7,4,14,11,3,,35,24,49,68.6,28,28,100.0,72,4632,9,12.5,64.3,94,3779,56,2,40.2
Detroit Lions,2010,7,16,,,4,4,7,7,13,9,6,5,30,25,55,83.3,36,35,97.2,77,4762,3,3.9,61.8,90,4014,66,0,44.6
San Francisco 49ers,2010,8,16,,,10,10,8,6,6,4,3,2,27,22,51,81.5,33,33,100.0,71,4421,5,7.0,62.3,91,4204,64,0,46.2
Arizona Cardinals,2010,9,16,,,8,8,6,6,10,8,3,2,27,24,55,88.9,29,29,100.0,70,4512,16,22.9,64.5,94,4080,65,0,43.4
Atlanta Falcons,2010,10,16,,,11,11,9,8,10,8,1,1,31,28,51,90.3,44,44,100.0,88,5926,23,26.1,67.3,75,3015,61,1,40.2
Denver Broncos,2010,11,16,,,4,4,10,10,8,6,3,2,25,22,59,88.0,39,38,97.4,78,4981,22,28.2,63.9,86,3836,63,0,44.6
Baltimore Ravens,2010,12,16,,,11,11,9,8,8,7,1,,29,26,49,89.7,39,39,100.0,79,5399,40,50.6,68.3,81,3532,60,0,43.6
Pittsburgh Steelers,2010,13,16,3,3,11,10,6,6,13,8,4,2,37,29,53,78.4,38,38,100.0,86,5163,7,8.1,60.0,74,3278,62,0,44.3
Chicago Bears,2010,14,16,1,1,9,9,9,8,7,4,4,3,30,25,54,83.3,35,35,100.0,78,4943,16,20.5,63.4,83,3328,56,0,40.1
Indianapolis Colts,2010,15,16,,,8,8,10,9,10,9,,,28,26,48,92.9,51,51,100.0,91,6035,16,17.6,66.3,69,2912,66,0,42.2
New England Patriots,2010,16,16,1,1,7,7,12,11,4,3,1,,25,22,43,88.0,64,62,96.9,100,6299,17,17.0,63.0,58,2506,65,0,43.2
Green Bay Packers,2010,17,16,1,1,8,7,5,4,10,8,4,2,28,22,56,78.6,46,46,100.0,84,5088,4,4.8,60.6,71,3110,62,0,43.8
New York Giants,2010,18,16,,,12,12,4,2,4,3,3,2,23,19,53,82.6,47,47,100.0,85,5239,7,8.2,61.6,73,3219,69,1,44.1
Dallas Cowboys,2010,19,16,,,8,8,7,4,11,8,6,4,32,24,53,75.0,44,42,95.5,85,5478,22,25.9,64.4,66,3115,65,1,47.2
Miami Dolphins,2010,20,16,1,1,9,9,5,5,18,11,8,4,41,30,60,73.2,25,25,100.0,70,4470,14,20.0,63.9,75,3368,69,2,44.9
Tennessee Titans,2010,21,16,,,6,6,9,8,8,8,3,2,26,24,55,92.3,38,38,100.0,76,4956,17,22.4,65.2,77,3303,68,0,42.9
Carolina Panthers,2010,22,16,,,9,9,2,2,14,11,4,3,29,25,55,86.2,17,17,100.0,58,3811,11,19.0,65.7,95,4094,60,0,43.1
Tampa Bay Buccaneers,2010,23,16,,,6,6,10,10,10,6,2,1,28,23,53,82.1,36,36,100.0,78,4809,1,1.3,61.7,76,3055,64,0,40.2
Seattle Seahawks,2010,24,16,2,2,12,10,7,7,7,5,2,1,30,25,51,83.3,31,31,100.0,73,4745,20,27.4,65.0,78,3253,63,0,41.7
San Diego Chargers,2010,25,16,,,7,7,11,10,10,9,5,1,33,27,50,81.8,48,48,100.0,96,5839,6,6.3,60.8,56,2430,67,4,43.4
Houston Texans,2010,26,16,,,8,8,11,11,7,5,4,3,30,27,57,90.0,43,43,100.0,86,5658,13,15.1,65.8,63,2652,60,0,42.1
Cincinnati Bengals,2010,27,16,1,1,12,10,9,9,5,2,4,2,31,24,54,77.4,32,30,93.8,76,4630,8,10.5,60.9,72,2995,72,1,41.6
Cleveland Browns,2010,28,16,3,3,7,7,10,10,5,3,3,,28,23,48,82.1,28,28,100.0,67,4035,7,10.4,60.2,78,3424,59,0,43.9
Minnesota Vikings,2010,29,16,,,7,7,9,8,2,2,,,18,17,48,94.4,31,30,96.8,65,4047,3,4.6,62.3,83,3569,59,0,43.0
New Orleans Saints,2010,30,16,1,1,8,5,13,11,7,6,2,2,31,25,52,80.6,43,43,100.0,84,5422,14,16.7,64.5,57,2616,64,0,45.9
Buffalo Bills,2010,31,16,1,1,6,6,6,5,3,2,5,2,21,16,51,76.2,32,31,96.9,68,4227,8,11.8,62.2,75,3180,61,0,42.4
Jacksonville Jaguars,2010,32,16,2,2,3,3,7,6,14,9,2,2,28,22,59,78.6,41,41,100.0,76,4949,15,19.7,65.1,57,2497,63,0,43.8
San Francisco 49ers,2011,1,16,2,2,16,16,14,13,11,6,9,7,52,44,55,84.6,34,34,100.0,94,6128,47,50.0,65.2,79,3970,68,1,50.3
Detroit Lions,2011,2,16,,,9,9,9,8,4,2,7,5,29,24,51,82.8,54,54,100.0,97,6215,45,46.4,64.1,82,3573,62,0,43.6
Cincinnati Bengals,2011,3,16,,,14,14,8,5,16,14,,,38,33,49,86.8,34,33,97.1,80,5215,36,45.0,65.2,91,4023,71,0,44.2
New York Jets,2011,4,16,,,6,5,6,6,7,5,6,3,25,19,51,76.0,44,44,100.0,81,5094,17,21.0,62.9,92,3926,63,0,42.7
Seattle Seahawks,2011,5,16,2,2,6,5,10,9,8,7,4,2,30,25,52,83.3,34,34,100.0,75,4899,26,34.7,65.3,95,4431,77,0,46.6
Chicago Bears,2011,6,16,,,10,10,6,6,10,6,6,6,32,28,57,87.5,37,37,100.0,82,5169,43,52.4,63.0,89,3903,70,0,43.9
Denver Broncos,2011,7,16,,,6,5,8,8,7,3,4,3,25,19,59,76.0,30,30,100.0,70,4459,47,67.1,63.7,101,4783,66,0,47.4
Green Bay Packers,2011,8,16,1,1,5,4,14,14,5,3,3,2,28,24,58,85.7,69,68,98.6,110,7005,49,44.5,63.7,55,2506,71,0,45.6
Tennessee Titans,2011,9,16,,,5,5,10,9,10,9,7,6,32,29,53,90.6,34,34,100.0,78,4847,44,56.4,62.1,86,3747,64,0,43.6
St. Louis Rams,2011,10,16,,,7,7,7,6,12,8,2,,28,21,49,75.0,18,18,100.0,48,3072,12,25.0,64.0,106,4652,65,1,43.9
Houston Texans,2011,11,16,,,14,14,11,10,8,4,5,4,38,32,54,84.2,40,39,97.5,86,5457,38,44.2,63.5,74,3256,69,0,44.0
Baltimore Ravens,2011,12,16,1,1,9,9,12,10,11,9,6,1,39,30,51,76.9,40,40,100.0,83,5288,45,54.2,63.7,73,3393,63,0,46.5
Arizona Cardinals,2011,13,16,,,9,9,6,4,7,5,2,1,24,19,51,79.2,33,33,100.0,74,4957,22,29.7,67.0,92,4141,66,0,45.0
Miami Dolphins,2011,14,16,,,15,14,7,6,13,11,4,2,39,33,58,84.6,32,32,100.0,82,5285,40,48.8,64.5,78,3810,70,0,48.8
Oakland Raiders,2011,15,16,1,1,8,8,5,5,11,10,10,7,35,31,63,88.6,36,36,100.0,80,4968,32,40.0,62.1,78,3960,80,0,50.8
New England Patriots,2011,16,16,1,1,13,12,6,5,11,9,2,1,33,28,50,84.8,59,59,100.0,104,6632,41,39.4,63.8,57,2648,65,0,46.5
New York Giants,2011,17,16,,,12,12,4,3,5,3,3,1,24,19,50,79.2,43,43,100.0,82,5162,34,41.5,63.0,82,3745,62,0,45.7
Jacksonville Jaguars,2011,18,16,1,1,5,5,5,5,8,7,6,5,25,23,55,92.0,24,24,100.0,65,4233,39,60.0,65.1,99,4147,65,0,41.9
Dallas Cowboys,2011,19,16,1,1,9,8,11,11,12,10,4,2,37,32,51,86.5,39,39,100.0,86,5484,33,38.4,63.8,71,3047,68,1,42.9
Atlanta Falcons,2011,20,16,2,2,9,9,9,9,7,5,2,2,29,27,51,93.1,45,45,100.0,88,5671,25,28.4,64.4,71,2990,59,1,42.1
Buffalo Bills,2011,21,16,,,12,11,7,5,8,5,4,2,31,23,56,74.2,41,41,100.0,79,4804,19,24.1,60.8,73,3472,66,1,47.6
Minnesota Vikings,2011,22,16,,,7,7,8,7,10,6,3,2,28,22,53,78.6,39,38,97.4,78,4914,19,24.4,63.0,77,3517,60,0,45.7
New Orleans Saints,2011,23,16,,,11,11,10,10,8,5,5,2,34,28,53,82.4,63,63,100.0,107,6825,68,63.6,63.8,47,2224,64,1,47.3
Philadelphia Eagles,2011,24,16,,,10,10,11,9,4,4,2,1,27,24,51,88.9,46,46,100.0,85,5433,32,37.6,63.9,67,2830,60,1,42.2
Indianapolis Colts,2011,25,16,,,7,7,7,6,10,8,3,2,27,23,53,85.2,24,24,100.0,63,4010,41,65.1,63.7,89,4102,64,1,46.1
Kansas City Chiefs,2011,26,16,1,1,7,7,7,6,12,7,3,3,30,24,54,80.0,20,20,100.0,60,3646,31,51.7,60.8,89,4084,68,0,45.9
Carolina Panthers,2011,27,16,1,1,7,7,9,6,9,8,2,,28,22,45,78.6,45,44,97.8,84,5366,53,63.1,63.9,66,2819,56,0,42.7
Cleveland Browns,2011,28,16,,,9,7,4,3,8,7,8,7,29,24,54,82.8,20,20,100.0,59,3661,10,16.9,62.1,89,3570,63,0,40.1
Washington Redskins,2011,29,16,,,15,14,9,5,11,8,6,4,41,31,59,75.6,26,25,96.2,73,4426,32,43.8,60.6,66,2842,63,0,43.1
Pittsburgh Steelers,2011,30,16,2,2,8,8,8,6,11,6,2,1,31,23,51,74.2,36,36,100.0,72,4698,28,38.9,65.3,60,2683,66,1,44.7
San Diego Chargers,2011,31,16,,,11,11,5,4,12,9,7,4,35,28,53,80.0,45,44,97.8,91,5858,32,35.2,64.4,47,2234,71,0,47.5
Tampa Bay Buccaneers,2011,32,16,,,5,5,6,6,14,13,3,2,28,26,55,92.9,23,23,100.0,69,4177,37,53.6,60.5,67,3023,65,0,45.1
Houston Texans,2012,1,16,1,1,8,8,11,11,9,7,9,4,38,31,51,81.6,45,45,100.0,92,5690,28,30.4,61.8,88,4150,66,0,47.2
Arizona Cardinals,2012,2,16,,,6,6,10,9,10,8,2,2,28,25,61,89.3,25,25,100.0,64,3990,29,45.3,62.3,112,5209,70,0,46.5
New England Patriots,2012,3,16,,,8,8,12,10,13,9,2,2,35,29,53,82.9,66,66,100.0,112,7121,52,46.4,63.6,61,2585,62,1,42.4
Baltimore Ravens,2012,4,16,,,8,8,8,8,13,10,4,4,33,30,56,90.9,42,42,100.0,89,5671,49,55.1,63.7,83,3911,60,0,47.1
Chicago Bears,2012,5,16,,,10,9,10,8,11,8,2,2,33,27,54,81.8,40,40,100.0,86,5596,49,57.0,65.1,81,3399,64,0,42.0
Cincinnati Bengals,2012,6,16,2,2,8,8,9,9,12,9,4,2,35,30,55,85.7,43,43,100.0,88,5727,27,30.7,65.1,76,3540,69,0,46.6
Denver Broncos,2012,7,16,1,1,7,7,11,10,9,5,4,3,32,26,53,81.3,55,55,100.0,99,6314,65,65.7,63.8,67,3099,67,0,46.3
Green Bay Packers,2012,8,16,,,5,5,7,5,12,9,9,2,33,21,54,63.6,50,50,100.0,88,5531,35,39.8,62.9,71,3043,65,1,42.9
New Orleans Saints,2012,9,16,,,9,9,6,4,3,2,4,3,22,18,53,81.8,57,57,100.0,92,5722,45,48.9,62.2,74,3707,70,0,50.1
San Francisco 49ers,2012,10,16,1,1,9,8,13,11,13,7,6,2,42,29,63,69.0,44,44,100.0,88,5757,40,45.5,65.4,67,3226,66,0,48.1
Washington Redskins,2012,11,16,,,4,4,8,5,15,14,3,1,30,24,50,80.0,51,50,98.0,91,5694,33,36.3,62.6,70,2984,61,2,42.6
Detroit Lions,2012,12,16,1,1,3,3,10,10,19,16,3,2,36,32,53,88.9,38,38,100.0,87,5282,30,34.5,60.7,76,3149,58,0,41.4
San Diego Chargers,2012,13,16,2,2,8,8,6,6,7,7,4,2,27,25,51,92.6,39,39,100.0,78,4983,30,38.5,63.9,84,3914,66,3,46.6
Cleveland Browns,2012,14,16,,,9,8,9,8,6,6,7,7,31,29,53,93.5,29,29,100.0,77,4820,30,39.0,62.6,90,3766,58,0,41.8
Tennessee Titans,2012,15,16,,,6,6,13,13,10,5,2,1,31,25,53,80.6,35,35,100.0,74,4583,37,50.0,61.9,83,3855,71,2,46.4
Tampa Bay Buccaneers,2012,16,16,,,7,7,4,3,13,12,9,6,33,28,57,84.8,39,39,100.0,87,5593,58,66.7,64.3,77,3440,64,1,44.7
Minnesota Vikings,2012,17,16,,,10,10,9,8,9,7,10,10,38,35,56,92.1,36,36,100.0,86,5633,53,61.6,65.5,72,3237,59,0,45.0
Atlanta Falcons,2012,18,16,1,1,9,8,11,10,13,10,4,4,38,33,55,86.8,44,44,100.0,94,6094,45,47.9,64.8,62,2847,63,2,45.9
Pittsburgh Steelers,2012,19,16,,,8,7,8,8,12,12,3,1,31,28,52,90.3,34,34,100.0,75,4746,29,38.7,63.3,79,3400,79,1,43.0
Indianapolis Colts,2012,20,16,1,1,8,8,7,4,10,9,7,4,33,26,53,78.8,37,37,100.0,79,5213,45,57.0,66.0,74,3500,64,1,47.3
New York Giants,2012,21,16,,,11,11,16,14,9,7,3,1,39,33,50,84.6,46,46,100.0,94,6010,24,25.5,63.9,58,2757,68,0,47.5
New York Jets,2012,22,16,,,8,7,8,6,7,5,4,3,27,21,54,77.8,30,30,100.0,69,4298,12,17.4,62.3,86,3848,61,2,44.7
Buffalo Bills,2012,23,16,1,1,3,3,11,10,7,6,2,1,24,21,50,87.5,39,39,100.0,73,4493,20,27.4,61.5,80,3542,66,0,44.3
Carolina Panthers,2012,24,16,,,5,5,6,6,7,4,3,1,21,16,51,76.2,44,43,97.7,77,4776,37,48.1,62.0,77,3267,63,1,42.4
Oakland Raiders,2012,25,16,1,1,9,9,10,10,5,5,9,6,34,31,57,91.2,25,25,100.0,73,4473,38,52.1,61.3,82,3826,68,1,46.7
Seattle Seahawks,2012,26,16,1,1,7,7,10,10,5,5,4,1,27,24,52,88.9,48,46,95.8,88,5689,36,40.9,64.6,65,2963,73,0,45.6
St. Louis Rams,2012,27,16,1,1,4,4,6,4,7,7,13,7,31,23,60,74.2,26,26,100.0,68,4397,37,54.4,64.7,82,3756,68,0,45.8
Jacksonville Jaguars,2012,28,16,1,1,4,4,8,8,13,11,2,1,28,25,50,89.3,19,18,94.7,69,4356,26,37.7,63.1,92,4353,73,1,47.3
Dallas Cowboys,2012,29,16,1,1,5,5,13,13,7,7,5,3,31,29,51,93.5,37,37,100.0,84,5089,30,35.7,60.6,69,3039,64,1,44.0
Miami Dolphins,2012,30,16,,,3,3,9,9,13,9,5,2,30,23,53,76.7,29,29,100.0,71,4545,34,47.9,64.0,76,3779,67,0,49.7
Kansas City Chiefs,2012,31,16,,,5,4,15,12,12,10,2,2,34,28,52,82.4,17,17,100.0,58,3579,27,46.6,61.7,83,3887,71,0,46.8
Philadelphia Eagles,2012,32,16,,,9,8,9,8,12,11,1,,31,27,49,87.1,26,25,96.2,70,4405,26,37.1,62.9,72,3336,66,1,46.3
Kansas City Chiefs,2013,1,16,,,6,6,10,9,8,6,4,1,28,22,51,78.6,52,52,100.0,92,5937,47,51.1,64.5,89,4034,65,1,45.3
Denver Broncos,2013,2,16,2,2,4,4,5,5,8,8,7,6,26,25,64,96.2,75,75,100.0,115,7410,81,70.4,64.4,66,2893,60,1,43.8
Buffalo Bills,2013,3,16,,,13,13,6,6,11,10,6,4,36,33,55,91.7,32,32,100.0,83,5286,34,41.0,63.7,96,4124,66,0,43.0
New England Patriots,2013,4,16,1,1,8,8,13,13,13,11,6,5,41,38,54,92.7,44,44,100.0,99,6315,65,65.7,63.8,77,3523,65,0,45.8
San Francisco 49ers,2013,5,16,,,13,12,6,6,11,10,6,4,36,32,56,88.9,44,44,100.0,92,5949,38,41.3,64.7,79,3804,62,0,48.2
Baltimore Ravens,2013,6,16,,,10,10,13,12,11,10,7,6,41,38,61,92.7,26,26,100.0,82,5114,42,51.2,62.4,91,4138,69,1,45.5
Philadelphia Eagles,2013,7,16,,,8,8,8,7,10,7,2,1,28,23,51,82.1,45,45,100.0,90,5583,37,41.1,62.0,83,3681,70,1,44.3
Seattle Seahawks,2013,8,16,,,11,10,9,9,12,11,3,3,35,33,53,94.3,44,44,100.0,94,6118,48,51.1,65.1,76,3159,69,2,41.6
Dallas Cowboys,2013,9,16,2,2,2,2,9,8,10,10,7,6,30,28,53,93.3,47,47,100.0,93,5815,52,55.9,62.5,77,3467,62,0,45.0
Oakland Raiders,2013,10,16,,,6,6,6,4,11,8,7,3,30,21,53,70.0,37,37,100.0,74,4363,38,51.4,59.0,86,4107,66,2,47.8
New York Jets,2013,11,16,,,8,8,11,10,14,12,3,3,36,33,54,91.7,27,27,100.0,73,4582,30,41.1,62.8,89,4018,84,1,45.1
Miami Dolphins,2013,12,16,1,1,4,4,12,10,10,8,7,3,34,26,54,76.5,33,33,100.0,75,4836,38,50.7,64.5,85,4150,74,0,48.8
Indianapolis Colts,2013,13,16,,,6,6,11,10,17,15,6,4,40,35,52,87.5,34,34,100.0,88,5647,41,46.6,64.2,77,3499,65,1,45.4
Arizona Cardinals,2013,14,16,,,11,9,8,7,12,11,5,3,36,30,52,83.3,37,37,100.0,87,5680,33,37.9,65.3,78,3566,60,0,45.7
Cincinnati Bengals,2013,15,16,,,2,2,7,6,9,7,4,3,22,18,54,81.8,53,52,98.1,86,5428,32,37.2,63.1,75,3330,75,0,44.4
Tennessee Titans,2013,16,16,,,10,10,9,8,7,5,3,2,29,25,55,86.2,41,41,100.0,83,5056,32,38.6,60.9,79,3386,63,1,42.9
Minnesota Vikings,2013,17,16,,,7,7,12,12,6,5,5,2,30,26,54,86.7,44,43,97.7,88,5494,44,50.0,62.4,75,3316,65,0,44.2
Houston Texans,2013,18,16,1,1,7,7,5,5,17,12,5,1,35,26,51,74.3,26,26,100.0,68,4449,29,42.6,65.4,88,4189,65,0,47.6
New York Giants,2013,19,16,,,8,8,8,7,8,7,2,1,26,23,52,88.5,31,31,100.0,71,4424,35,49.3,62.3,91,4271,68,0,46.9
Pittsburgh Steelers,2013,20,16,,,9,9,15,13,8,8,,,32,30,48,93.8,39,39,100.0,86,5123,24,27.9,59.6,76,3125,70,1,41.1
Tampa Bay Buccaneers,2013,21,16,,,3,3,14,12,6,4,6,4,29,23,54,79.3,31,31,100.0,69,4294,41,59.4,62.2,87,3846,62,0,44.2
Cleveland Browns,2013,22,16,,,7,7,6,5,9,7,4,2,26,21,51,80.8,33,33,100.0,73,4498,42,57.5,61.6,86,3713,59,1,43.2
Chicago Bears,2013,23,16,,,11,11,7,6,7,6,4,3,29,26,58,89.7,46,45,97.8,90,5271,38,42.2,58.6,69,2763,65,1,40.0
Washington Redskins,2013,24,16,,,6,5,10,10,7,5,3,1,26,21,50,80.8,33,33,100.0,72,4324,22,30.6,60.1,85,3526,63,1,41.5
Jacksonville Jaguars,2013,25,16,,,3,3,12,12,5,4,5,4,25,23,55,92.0,23,22,95.7,63,4038,36,57.1,64.1,95,4338,61,0,45.7
Green Bay Packers,2013,26,16,1,1,13,13,8,8,8,6,7,5,37,33,57,89.2,42,42,100.0,93,5847,30,32.3,62.9,64,2854,62,0,44.6
New Orleans Saints,2013,27,16,2,2,7,6,8,5,14,10,1,1,32,24,55,75.0,48,48,100.0,87,5572,52,59.8,64.0,61,2859,61,0,46.9
Detroit Lions,2013,28,16,1,1,5,5,8,6,7,4,3,3,24,19,53,79.2,43,42,97.7,84,5350,45,53.6,63.7,73,3399,72,1,46.6
St. Louis Rams,2013,29,16,,,7,7,10,10,9,8,2,1,28,26,54,92.9,34,34,100.0,81,5163,52,64.2,63.7,78,3609,64,0,46.3
Carolina Panthers,2013,30,16,,,9,9,5,4,7,5,6,6,27,24,55,88.9,42,42,100.0,82,5305,63,76.8,64.7,70,3344,72,0,47.8
Atlanta Falcons,2013,31,16,,,9,9,8,7,5,5,5,3,27,24,53,88.9,39,39,100.0,79,4836,50,63.3,61.2,70,3166,63,2,45.2
San Diego Chargers,2013,32,16,1,1,9,9,16,13,9,9,2,2,37,34,50,91.9,42,42,100.0,92,6031,18,19.6,65.6,56,2417,61,0,43.2
Philadelphia Eagles,2014,1,16,,,10,10,16,14,6,4,4,4,36,32,54,88.9,54,54,100.0,98,6401,46,46.9,65.3,76,3331,68,0,43.8
Oakland Raiders,2014,2,16,,,2,2,5,5,10,9,5,3,22,19,57,86.4,28,28,100.0,61,3723,34,55.7,61.0,109,4930,62,0,45.2
Houston Texans,2014,3,16,,,7,6,15,13,8,7,5,4,35,30,55,85.7,40,40,100.0,87,5680,40,46.0,65.3,84,3845,71,1,45.8
Buffalo Bills,2014,4,16,,,9,9,13,12,8,7,8,6,38,34,58,89.5,32,31,96.9,85,5323,49,57.6,62.6,86,3692,67,0,42.9
New England Patriots,2014,5,16,1,1,11,11,11,10,13,12,1,1,37,35,53,94.6,51,51,100.0,99,6328,53,53.5,63.9,67,3060,67,1,45.7
Cleveland Browns,2014,6,16,,,6,6,15,12,8,6,3,1,32,25,52,78.1,30,30,100.0,71,4679,40,56.3,65.9,93,4119,59,0,44.3
Denver Broncos,2014,7,16,2,2,9,9,8,7,7,5,3,1,29,24,50,82.8,56,56,100.0,99,6437,64,64.6,65.0,69,3048,65,0,44.2
Arizona Cardinals,2014,8,16,,,5,5,14,12,11,10,3,2,33,29,51,87.9,27,27,100.0,76,5054,38,50.0,66.5,92,3815,67,2,41.5
New York Giants,2014,9,16,1,1,7,6,9,9,5,4,4,4,26,24,53,92.3,44,44,100.0,82,5021,46,56.1,61.2,81,3640,71,1,44.9
Indianapolis Colts,2014,10,16,,,10,10,10,10,8,7,3,3,31,30,53,96.8,50,50,100.0,99,6335,70,70.7,64.0,69,3221,61,0,46.7
St. Louis Rams,2014,11,16,1,1,7,6,12,10,3,2,7,5,30,24,56,80.0,35,34,97.1,75,4892,38,50.7,65.2,81,3721,61,1,45.9
Cincinnati Bengals,2014,12,16,,,6,6,12,10,12,10,3,,33,26,49,78.8,39,39,100.0,81,5316,37,45.7,65.6,73,3419,69,0,46.8
Jacksonville Jaguars,2014,13,16,,,3,3,8,7,9,7,6,3,26,20,53,76.9,23,23,100.0,65,3955,37,56.9,60.8,96,4464,69,2,46.5
Dallas Cowboys,2014,14,16,,,6,6,7,6,9,8,7,5,29,25,56,86.2,56,56,100.0,99,6232,52,52.5,62.9,58,2586,64,1,44.6
Carolina Panthers,2014,15,16,,,7,7,13,12,12,9,3,1,35,29,53,82.9,34,34,100.0,79,5196,61,77.2,65.8,74,3236,72,1,43.7
San Diego Chargers,2014,16,16,1,1,6,6,9,8,6,4,4,3,26,22,52,84.6,40,40,100.0,78,4751,10,12.8,60.9,75,3366,72,1,44.9
New York Jets,2014,17,16,,,13,13,7,7,13,9,6,3,39,32,55,82.1,23,23,100.0,74,4655,21,28.4,62.9,79,3580,69,1,45.3
Seattle Seahawks,2014,18,16,,,10,10,10,10,13,9,4,2,37,31,58,83.8,41,41,100.0,89,5807,46,51.7,65.2,62,2688,66,1,43.4
Minnesota Vikings,2014,19,16,2,2,5,4,10,8,9,7,9,5,35,26,55,74.3,29,29,100.0,77,4842,48,62.3,62.9,76,3318,62,1,43.7
Atlanta Falcons,2014,20,16,,,10,10,4,4,8,8,10,7,32,29,54,90.6,40,40,100.0,83,5172,46,55.4,62.3,67,3063,66,0,45.7
Pittsburgh Steelers,2014,21,16,,,13,12,6,6,10,10,3,1,32,29,53,90.6,45,45,100.0,89,5552,32,36.0,62.4,62,2667,74,1,43.0
Kansas City Chiefs,2014,22,16,1,1,10,10,7,6,10,7,2,1,30,25,53,83.3,38,38,100.0,81,5156,26,32.1,63.7,71,3164,69,0,44.6
Green Bay Packers,2014,23,16,,,7,7,12,11,7,5,7,4,33,27,55,81.8,55,53,96.4,104,6407,41,39.4,61.6,51,2159,63,2,42.3
Tennessee Titans,2014,24,16,,,5,5,7,7,8,5,2,2,22,19,51,86.4,27,27,100.0,65,4086,31,47.7,62.9,89,4118,79,1,46.3
Detroit Lions,2014,25,16,,,10,10,6,5,14,6,8,4,38,25,52,65.8,32,32,100.0,75,4803,53,70.7,64.0,68,3138,71,0,46.1
Miami Dolphins,2014,26,16,1,1,12,12,8,7,10,6,6,3,37,29,53,78.4,41,41,100.0,85,5448,37,43.5,64.1,59,2688,60,1,45.6
San Francisco 49ers,2014,27,16,,,6,6,9,8,7,5,9,6,31,25,55,80.6,33,33,100.0,73,4721,32,43.8,64.7,73,3369,71,1,46.2
Washington Redskins,2014,28,16,,,11,11,7,6,8,7,1,,27,24,49,88.9,32,31,96.9,72,4483,27,37.5,62.3,78,3659,77,1,46.9
Baltimore Ravens,2014,29,16,,,10,10,11,11,4,4,9,4,34,29,55,85.3,42,42,100.0,88,5704,60,68.2,64.8,60,2841,73,0,47.4
Tampa Bay Buccaneers,2014,30,16,,,3,2,8,7,7,6,6,5,24,20,55,83.3,31,31,100.0,69,4429,31,44.9,64.2,79,3154,56,1,39.9
New Orleans Saints,2014,31,16,,,6,6,9,9,5,3,2,1,22,19,50,86.4,47,46,97.9,81,5258,40,49.4,64.9,58,2690,63,0,46.4
Chicago Bears,2014,32,16,,,5,5,4,3,6,4,1,,16,12,48,75.0,35,33,94.3,68,3824,25,36.8,56.2,72,3107,61,1,43.2
Carolina Panthers,2015,1,16,1,1,10,10,5,4,16,13,4,2,36,30,52,83.3,59,56,94.9,103,6757,69,67.0,65.6,70,3175,65,0,45.4
New England Patriots,2015,2,16,,,6,6,11,11,14,12,5,4,36,33,57,91.7,52,52,100.0,101,6284,69,68.3,62.2,74,3358,67,1,45.4
Houston Texans,2015,3,16,1,1,6,6,8,8,7,6,5,2,27,23,51,85.2,36,32,88.9,76,4881,33,43.4,64.2,96,4533,64,0,47.2
Philadelphia Eagles,2015,4,16,,,5,5,11,9,6,5,4,2,26,21,53,80.8,44,42,95.5,81,4925,42,51.9,60.8,88,4038,64,2,45.9
New York Jets,2015,5,16,,,6,6,10,10,14,9,3,2,33,27,55,81.8,43,42,97.7,86,5545,34,39.5,64.5,80,3448,68,1,43.1
St. Louis Rams,2015,6,16,1,1,2,2,11,10,8,5,9,3,31,21,61,67.7,29,27,93.1,68,4431,41,60.3,65.2,96,4601,68,0,47.9
Denver Broncos,2015,7,16,,,12,12,8,8,8,5,7,5,35,30,57,85.7,36,35,97.2,82,5109,55,67.1,62.3,85,3704,62,0,43.6
New York Giants,2015,8,16,1,1,6,6,12,12,10,8,3,3,32,30,53,93.8,45,44,97.8,93,5697,37,39.8,61.3,76,3380,64,0,44.5
Kansas City Chiefs,2015,9,16,,,8,7,10,10,11,9,8,4,37,30,53,81.1,41,39,95.1,90,5721,40,44.4,63.6,75,3333,62,0,44.4
Arizona Cardinals,2015,10,16,1,1,12,12,9,9,7,6,2,,31,28,47,90.3,58,53,91.4,99,6445,50,50.5,65.1,61,2575,58,1,42.2
Buffalo Bills,2015,11,16,,,5,5,9,8,8,7,5,3,27,23,52,85.2,40,34,85.0,84,5235,42,50.0,62.3,82,3797,65,0,46.3
Oakland Raiders,2015,12,16,,,7,7,6,5,8,5,5,4,26,21,56,80.8,39,38,97.4,81,5064,44,54.3,62.5,84,3697,70,1,44.0
Jacksonville Jaguars,2015,13,16,,,10,9,8,8,8,6,4,3,30,26,58,86.7,39,32,82.1,84,5208,55,65.5,62.0,80,3700,63,0,46.3
Indianapolis Colts,2015,14,16,,,8,7,6,6,8,8,5,4,27,25,55,92.6,35,32,91.4,77,4832,67,87.0,62.8,85,4052,63,0,47.7
Cincinnati Bengals,2015,15,16,,,6,6,6,5,13,10,3,2,28,23,52,82.1,49,48,98.0,89,5786,42,47.2,65.0,69,3116,67,1,45.2
Green Bay Packers,2015,16,16,1,1,7,7,4,4,11,8,5,4,28,24,56,85.7,36,36,100.0,81,5106,41,50.6,63.0,81,3554,62,0,43.9
Miami Dolphins,2015,17,16,1,1,3,3,4,4,6,4,2,1,16,13,53,81.3,36,33,91.7,72,4391,44,61.1,61.0,92,4380,70,0,47.6
Detroit Lions,2015,18,16,,,3,3,9,8,6,6,6,5,24,22,59,91.7,39,36,92.3,77,4826,40,51.9,62.7,80,3679,66,0,46.0
Baltimore Ravens,2015,19,16,,,10,10,9,9,11,10,10,4,40,33,52,82.5,29,29,100.0,74,4753,63,85.1,64.2,74,3454,67,0,46.7
Seattle Seahawks,2015,20,16,,,9,9,7,7,9,7,6,6,31,29,54,93.5,44,40,90.9,92,5930,47,51.1,64.5,68,3105,70,0,45.7
Washington Redskins,2015,21,16,,,7,7,9,9,10,8,4,2,30,26,54,86.7,41,40,97.6,85,5288,53,62.4,62.2,71,3224,64,1,45.4
Minnesota Vikings,2015,22,16,,,9,9,15,13,7,6,8,6,39,34,54,87.2,37,33,89.2,87,5695,47,54.0,65.5,66,2746,61,0,41.6
Chicago Bears,2015,23,16,1,1,8,8,12,10,9,7,9,7,39,33,55,84.6,29,28,96.6,83,5003,39,47.0,60.3,74,3233,72,1,43.7
San Francisco 49ers,2015,24,16,,,10,9,6,6,8,6,3,3,27,24,54,88.9,21,20,95.2,63,3975,38,60.3,63.1,92,4017,62,0,43.7
New Orleans Saints,2015,25,16,,,6,5,9,7,6,3,5,3,26,18,57,69.2,46,44,95.7,82,5311,44,53.7,64.8,67,3006,58,0,44.9
San Diego Chargers,2015,26,16,,,4,4,7,7,16,11,5,4,32,26,54,81.3,32,28,87.5,76,4839,41,53.9,63.7,73,3261,68,1,44.7
Tennessee Titans,2015,27,16,,,3,3,3,3,7,7,3,1,16,14,51,87.5,31,29,93.5,66,4272,43,65.2,64.7,88,4175,61,0,47.4
Pittsburgh Steelers,2015,28,16,1,1,11,11,9,9,19,12,2,2,42,35,51,83.3,34,32,94.1,94,5931,38,40.4,63.1,59,2511,79,0,42.6
Tampa Bay Buccaneers,2015,29,16,,,11,10,11,10,9,4,9,5,40,29,58,72.5,34,31,91.2,82,5193,44,53.7,63.3,56,2348,60,0,41.9
Dallas Cowboys,2015,30,16,,,9,9,10,10,7,6,6,5,32,30,54,93.8,25,25,100.0,73,4620,49,67.1,63.3,69,3117,61,0,45.2
Cleveland Browns,2015,31,16,,,11,11,10,10,9,7,2,,32,28,47,87.5,24,22,91.7,70,4420,27,38.6,63.1,70,3270,67,0,46.7
Atlanta Falcons,2015,32,16,1,1,6,6,8,7,13,8,3,3,31,25,54,80.6,34,34,100.0,76,4875,52,68.4,64.1,59,2735,69,1,46.4
Denver Broncos,2016,1,16,,,9,9,10,10,9,7,6,3,34,29,55,85.3,33,32,97.0,81,4936,51,63.0,60.9,89,4068,68,0,45.7
Oakland Raiders,2016,2,16,1,1,9,9,6,6,11,10,8,3,35,29,56,82.9,39,37,94.9,88,5630,43,48.9,64.0,81,3938,72,0,48.6
San Francisco 49ers,2016,3,16,,,4,4,6,6,9,7,2,1,21,18,53,85.7,34,33,97.1,72,4259,24,33.3,59.2,100,4402,65,0,44.0
Arizona Cardinals,2016,4,16,1,1,6,5,7,6,8,6,6,3,28,21,60,75.0,47,43,91.5,83,5220,52,62.7,62.9,80,3269,62,2,40.9
New England Patriots,2016,5,16,,,9,9,9,7,10,9,4,2,32,27,53,84.4,49,46,93.9,93,5924,52,55.9,63.7,72,3218,58,0,44.7
Miami Dolphins,2016,6,16,,,10,8,6,6,3,1,2,1,21,16,55,76.2,42,41,97.6,74,4768,43,58.1,64.4,90,3991,66,0,44.3
New York Giants,2016,7,16,1,1,6,6,6,6,8,8,1,,22,21,48,95.5,35,31,88.6,72,4445,37,51.4,61.7,93,4298,63,0,46.2
Kansas City Chiefs,2016,8,16,,,9,8,17,15,7,6,2,2,35,31,53,88.6,39,36,92.3,86,5355,48,55.8,62.3,76,3427,64,0,45.1
Cincinnati Bengals,2016,9,16,,,13,13,10,9,9,6,3,,35,28,47,80.0,35,29,82.9,77,4854,36,46.8,63.0,78,3613,72,0,46.3
Carolina Panthers,2016,10,16,,,4,4,11,9,17,14,6,3,38,30,54,78.9,34,31,91.2,87,5568,63,72.4,64.0,76,3481,76,0,45.8
Baltimore Ravens,2016,11,16,,,4,4,11,10,14,14,10,10,39,38,57,97.4,27,27,100.0,81,5104,52,64.2,63.0,80,3665,68,0,45.8
Buffalo Bills,2016,12,16,1,1,8,8,5,5,9,4,2,1,25,19,54,76.0,45,40,88.9,84,5074,35,41.7,60.4,75,3183,58,0,42.4
Seattle Seahawks,2016,13,16,,,13,11,13,13,10,8,1,1,37,33,53,89.2,35,29,82.9,87,5542,54,62.1,63.7,72,3126,64,1,43.4
Los Angeles Rams,2016,14,16,,,5,5,9,9,4,3,4,2,22,19,54,86.4,23,23,100.0,59,3794,36,61.0,64.3,98,4680,78,0,47.8
Jacksonville Jaguars,2016,15,16,,,7,7,4,3,11,10,12,7,34,27,56,79.4,32,29,90.6,77,4727,60,77.9,61.4,77,3589,78,0,46.6
Tennessee Titans,2016,16,16,1,1,4,4,6,6,8,8,5,3,24,22,53,91.7,41,39,95.1,83,5145,58,69.9,62.0,77,3402,71,0,44.2
Atlanta Falcons,2016,17,16,,,12,12,8,7,9,9,8,6,37,34,59,91.9,57,56,98.2,112,7236,72,64.3,64.6,48,2244,68,0,46.8
New Orleans Saints,2016,18,16,1,1,7,7,11,9,8,8,7,3,34,28,57,82.4,50,49,98.0,93,5693,49,52.7,61.2,57,2752,66,0,48.3
Minnesota Vikings,2016,19,16,1,1,6,6,11,10,10,8,3,2,31,27,51,87.1,33,26,78.8,79,4932,38,48.1,62.4,74,3155,72,0,42.6
Houston Texans,2016,20,16,1,1,12,12,11,11,11,8,6,3,41,35,53,85.4,25,22,88.0,76,4567,23,30.3,60.1,72,3424,62,0,47.6
Dallas Cowboys,2016,21,16,,,9,9,8,8,9,7,6,3,32,27,56,84.4,46,46,100.0,91,5827,57,62.6,64.0,59,2662,66,1,45.1
San Diego Chargers,2016,22,16,,,7,7,14,13,8,6,3,,32,26,47,81.3,46,42,91.3,92,5754,67,72.8,62.5,59,2732,69,0,46.3
Philadelphia Eagles,2016,23,16,,,12,12,12,12,11,7,6,4,41,35,55,85.4,31,30,96.8,87,5439,46,52.9,62.5,63,2888,72,0,45.8
Cleveland Browns,2016,24,16,,,6,6,7,7,12,7,2,1,27,21,51,77.8,25,23,92.0,66,4063,38,57.6,61.6,83,3762,65,0,45.3
Tampa Bay Buccaneers,2016,25,16,,,5,5,15,13,10,4,1,,31,22,43,71.0,34,32,94.1,81,5090,52,64.2,62.8,70,3216,59,0,45.9
Pittsburgh Steelers,2016,26,16,,,2,2,11,10,13,12,2,,28,24,49,85.7,37,37,100.0,86,5328,52,60.5,62.0,69,3100,64,1,44.9
New York Jets,2016,27,16,,,13,12,11,10,3,3,4,2,31,27,51,87.1,26,24,92.3,70,4425,39,55.7,63.2,76,3236,59,1,42.6
Green Bay Packers,2016,28,16,1,1,6,6,15,13,6,5,2,1,30,26,53,86.7,47,44,93.6,89,5608,46,51.7,63.0,56,2420,65,0,43.2
Detroit Lions,2016,29,16,,,10,10,5,4,14,10,7,7,36,31,58,86.1,33,31,93.9,80,4935,53,66.3,61.7,62,3010,63,0,48.5
Indianapolis Colts,2016,30,16,,,3,3,7,7,12,10,9,7,31,27,54,87.1,44,44,100.0,89,5697,49,55.1,64.0,56,2711,74,1,48.4
Washington Redskins,2016,31,16,,,12,12,14,12,9,7,7,3,42,34,53,81.0,39,36,92.3,92,5788,65,70.7,62.9,49,2210,61,0,45.1
Chicago Bears,2016,32,16,,,8,7,8,7,4,3,3,1,23,18,54,78.3,32,31,96.9,65,4024,26,40.0,61.9,68,2995,67,0,44.0
Jacksonville Jaguars,2017,1,16,,,6,6,14,13,10,9,5,2,35,30,56,85.7,41,37,90.2,92,5439,48,52.2,59.1,88,3835,65,1,43.6
Baltimore Ravens,2017,2,16,,,7,7,11,11,12,11,7,5,37,34,57,91.9,39,39,100.0,90,5601,55,61.1,62.2,85,3765,67,1,44.3
Seattle Seahawks,2017,3,16,,,6,6,10,7,12,8,1,,29,21,49,72.4,38,37,97.4,80,4962,39,48.8,62.0,92,4140,74,0,45.0
Los Angeles Rams,2017,4,16,1,1,10,10,13,11,12,12,7,6,43,40,56,93.0,51,48,94.1,103,6586,78,75.7,63.9,65,3113,70,0,47.9
Arizona Cardinals,2017,5,16,1,1,7,7,14,10,13,10,5,4,40,32,57,80.0,26,23,88.5,77,4715,34,44.2,61.2,88,4159,63,0,47.3
New York Jets,2017,6,16,1,1,6,6,4,4,17,12,2,2,30,25,57,83.3,29,29,100.0,72,4404,45,62.5,61.2,94,4378,70,0,46.6
Houston Texans,2017,7,16,,,4,3,10,8,7,6,4,3,25,20,55,80.0,35,32,91.4,76,4764,49,64.5,62.7,92,4507,68,0,49.0
Washington Redskins,2017,8,16,1,1,12,12,6,5,6,5,3,1,28,24,55,85.7,39,36,92.3,79,4987,53,67.1,63.1,83,3794,64,0,45.7
Tennessee Titans,2017,9,16,,,10,10,7,7,20,16,5,2,42,35,52,83.3,33,31,93.9,80,5120,47,58.8,64.0,75,3729,74,0,49.7
Kansas City Chiefs,2017,10,16,,,8,8,20,19,12,10,5,4,45,41,53,91.1,40,40,100.0,97,6232,71,73.2,64.2,65,2937,77,0,45.2
Detroit Lions,2017,11,16,2,2,4,4,10,10,8,7,11,7,35,30,58,85.7,41,40,97.6,91,5769,47,51.6,63.4,73,3189,64,0,43.7
Minnesota Vikings,2017,12,16,,,8,8,14,12,7,6,9,6,38,32,53,84.2,39,34,87.2,89,5638,44,49.4,63.3,71,2995,56,0,42.2
San Francisco 49ers,2017,13,16,,,8,7,11,11,18,17,4,4,41,39,52,95.1,30,28,93.3,83,5166,64,77.1,62.2,75,3255,59,0,43.4
Los Angeles Chargers,2017,14,16,,,11,11,8,6,8,2,3,1,30,20,50,66.7,42,37,88.1,,,,,,74,3558,69,0,48.1
New Orleans Saints,2017,15,16,,,10,10,5,4,16,13,5,4,36,31,53,86.1,50,47,94.0,95,6037,59,62.1,63.5,60,2822,68,0,47.0
Philadelphia Eagles,2017,16,16,,,5,5,8,5,14,13,7,6,34,29,61,85.3,44,40,90.9,94,5834,45,47.9,62.1,68,3033,62,1,44.6
New England Patriots,2017,17,16,,,16,16,9,9,11,8,4,4,40,37,62,92.5,47,45,95.7,99,6228,40,40.4,62.9,58,2515,60,0,43.4
New York Giants,2017,18,16,,,8,8,5,3,9,4,3,3,25,18,52,72.0,23,20,87.0,62,3759,26,41.9,60.6,97,4187,69,2,43.2
Cincinnati Bengals,2017,19,16,,,6,6,8,7,5,4,1,1,20,18,51,90.0,34,32,94.1,67,4210,31,46.3,62.8,89,4102,63,1,46.1
Indianapolis Colts,2017,20,16,,,11,11,10,7,7,6,6,5,34,29,54,85.3,24,22,91.7,70,4385,46,65.7,62.6,85,3765,61,1,44.3
Buffalo Bills,2017,21,16,,,6,6,9,9,9,7,9,7,33,29,56,87.9,29,29,100.0,74,4361,37,50.0,58.9,79,3528,60,0,44.7
Pittsburgh Steelers,2017,22,16,,,10,10,14,12,10,9,4,4,38,35,53,92.1,39,37,94.9,90,5681,46,51.1,63.1,64,2763,62,0,43.2
Carolina Panthers,2017,23,16,,,8,8,11,11,10,10,1,,30,29,48,96.7,37,34,91.9,83,5313,70,84.3,64.0,71,3268,63,0,46.0
Chicago Bears,2017,24,16,1,1,5,5,2,2,10,6,4,2,22,16,55,72.7,28,26,92.9,60,3780,28,46.7,63.0,87,4087,69,0,47.0
Miami Dolphins,2017,25,16,,,6,6,8,8,7,6,2,1,23,21,54,91.3,29,26,89.7,67,4013,28,41.8,59.9,83,3695,64,0,44.5
Denver Broncos,2017,26,16,,,8,6,12,11,6,4,6,3,32,24,53,75.0,27,27,100.0,73,4309,45,61.6,59.0,76,3358,60,2,44.2
Dallas Cowboys,2017,27,16,1,1,6,5,8,6,9,7,5,3,29,22,56,75.9,39,36,92.3,80,5159,45,56.3,64.5,66,2908,62,0,44.1
Tampa Bay Buccaneers,2017,28,16,,,7,7,10,9,10,6,7,3,34,25,50,73.5,31,28,90.3,77,4704,27,35.1,61.1,66,2857,62,1,43.3
Cleveland Browns,2017,29,16,,,5,5,6,4,6,4,3,2,20,15,54,75.0,26,25,96.2,57,3350,33,57.9,58.8,82,3827,67,1,46.7
Atlanta Falcons,2017,30,16,1,1,6,6,13,10,10,9,9,8,39,34,57,87.2,35,35,100.0,84,5332,49,58.3,63.5,53,2379,62,0,44.9
Green Bay Packers,2017,31,16,,,8,8,4,2,4,4,3,1,19,15,50,78.9,35,33,94.3,68,4248,36,52.9,62.5,71,3155,62,0,44.4
Oakland Raiders,2017,32,16,,,5,5,7,5,5,3,4,3,21,16,53,76.2,34,33,97.1,64,4058,48,75.0,63.4,69,3271,65,0,47.4
Seattle Seahawks,2018,1,16,,,2,2,11,9,9,8,5,3,27,22,56,81.5,51,48,94.1,83,5055,42,50.6,60.9,79,3760,69,1,47.6
Houston Texans,2018,2,16,1,1,9,9,11,11,15,12,6,4,42,37,54,88.1,41,39,95.1,92,5885,58,63.0,64.0,74,3238,61,0,43.8
New York Jets,2018,3,16,,,4,4,13,12,12,11,7,6,36,33,56,91.7,33,30,90.9,83,5311,60,72.3,64.0,82,3763,67,0,45.9
New England Patriots,2018,4,16,,,11,11,10,10,6,4,5,2,32,27,52,84.4,50,49,98.0,93,5784,50,53.8,62.2,64,2886,66,0,45.1
Denver Broncos,2018,5,16,,,5,5,6,6,7,7,7,2,25,20,53,80.0,35,35,100.0,73,4473,42,57.5,61.3,85,3786,66,0,44.5
Green Bay Packers,2018,6,16,,,4,4,11,10,15,11,7,5,37,30,53,81.1,36,34,94.4,84,5229,41,48.8,62.3,72,3176,67,1,44.1
Cleveland Browns,2018,7,16,,,4,4,9,9,9,5,3,1,25,19,51,76.0,34,28,82.4,79,4972,52,65.8,62.9,85,3767,79,2,44.3
Miami Dolphins,2018,8,16,,,7,7,3,3,9,7,1,1,20,18,50,90.0,36,35,97.2,70,4395,55,78.6,62.8,88,3884,65,1,44.1
Minnesota Vikings,2018,9,16,,,6,5,12,11,12,5,2,1,32,22,52,68.8,37,36,97.3,79,4791,44,55.7,60.6,73,3256,70,1,44.6
Kansas City Chiefs,2018,10,16,,,9,9,7,7,7,6,4,2,27,24,54,88.9,69,65,94.2,111,7060,72,64.9,63.6,45,2021,67,0,44.9
Chicago Bears,2018,11,16,,,6,6,10,7,12,9,2,1,30,23,50,76.7,45,42,93.3,89,5627,65,73.0,63.2,63,2792,65,1,44.3
Los Angeles Rams,2018,12,16,1,1,13,12,13,13,8,4,6,4,41,34,56,82.9,53,51,96.2,107,6849,77,72.0,64.0,43,1991,68,0,46.3
Baltimore Ravens,2018,13,16,,,12,12,9,9,11,9,7,5,39,35,56,89.7,37,36,97.3,92,5765,58,63.0,62.7,61,2843,65,1,46.6
Pittsburgh Steelers,2018,14,16,,,3,3,8,6,11,6,1,1,23,16,50,69.6,49,44,89.8,85,5328,50,58.8,62.7,64,2780,69,0,43.4
Tennessee Titans,2018,15,16,,,6,5,13,13,7,5,4,3,30,26,54,86.7,31,28,90.3,72,4536,45,62.5,63.0,75,3484,62,1,46.5
Buffalo Bills,2018,16,16,,,3,3,8,8,10,7,7,4,28,22,54,78.6,26,25,96.2,66,3958,30,45.5,60.0,82,3513,60,1,42.8
New York Giants,2018,17,16,,,9,9,13,13,6,6,5,4,33,32,57,97.0,32,31,96.9,85,5186,51,60.0,61.0,71,3226,60,0,45.4
Detroit Lions,2018,18,16,,,8,8,12,12,7,5,5,3,32,28,54,87.5,30,30,100.0,79,4802,37,46.8,60.8,74,3311,61,0,44.7
Cincinnati Bengals,2018,19,16,,,4,4,8,7,6,6,5,2,23,19,51,82.6,41,39,95.1,79,4969,45,57.0,62.9,72,3119,69,1,43.3
Jacksonville Jaguars,2018,20,16,,,6,6,9,9,5,4,6,4,26,23,57,88.5,23,22,95.7,64,3908,41,64.1,61.1,86,3872,72,0,45.0
Arizona Cardinals,2018,21,16,,,3,3,4,4,5,3,5,2,17,12,55,70.6,24,23,95.8,56,3534,28,50.0,63.1,94,4568,64,0,48.6
Los Angeles Chargers,2018,22,16,,,8,8,7,7,11,8,3,1,29,24,59,82.8,43,36,83.7,88,5526,27,30.7,62.8,62,2644,66,1,42.6
Washington Redskins,2018,23,16,,,5,5,7,7,12,10,5,4,29,26,56,89.7,26,25,96.2,70,4443,56,80.0,63.5,79,3580,63,0,45.3
San Francisco 49ers,2018,24,16,,,9,9,13,13,10,9,2,2,34,33,53,97.1,29,27,93.1,81,5065,52,64.2,62.5,69,2973,64,1,43.1
Indianapolis Colts,2018,25,16,,,8,8,7,6,6,5,6,4,27,23,54,85.2,47,44,93.6,88,5435,59,67.0,61.8,57,2629,63,0,46.1
Atlanta Falcons,2018,26,16,,,5,5,5,5,9,9,7,6,26,25,57,96.2,43,41,95.3,89,5578,51,57.3,62.7,62,2729,57,2,44.0
Oakland Raiders,2018,27,16,,,8,8,3,3,15,12,6,4,32,27,52,84.4,28,27,96.4,71,4326,29,40.8,60.9,70,3023,64,0,43.2
Dallas Cowboys,2018,28,16,,,10,10,8,6,11,7,7,6,36,29,62,80.6,33,32,97.0,77,4984,52,67.5,64.7,60,2670,63,0,44.5
Tampa Bay Buccaneers,2018,29,16,,,5,5,12,11,8,3,2,1,27,20,59,74.1,44,40,90.9,86,5349,51,59.3,62.2,58,2567,64,1,44.3
Philadelphia Eagles,2018,30,16,,,7,7,11,10,8,7,5,2,31,26,56,83.9,35,33,94.3,82,5210,57,69.5,63.5,61,2938,68,0,48.2
New Orleans Saints,2018,31,16,1,1,5,5,9,9,12,11,3,2,30,28,54,93.3,53,52,98.1,103,6598,64,62.1,64.1,43,1996,60,0,46.4
Carolina Panthers,2018,32,16,,,4,4,7,6,4,4,6,5,21,19,63,90.5,41,37,90.2,78,4938,60,76.9,63.3,61,2759,59,0,45.2
New England Patriots,2019,1,16,1,1,13,12,9,8,10,5,1,1,34,27,51,79.4,45,39,86.7,92,5701,59,64.1,62.0,81,3638,65,0,44.9
Tennessee Titans,2019,2,16,,,,,4,2,9,4,5,2,18,8,53,44.4,52,50,96.2,78,4814,39,50.0,61.7,78,3672,70,0,47.1
Seattle Seahawks,2019,3,16,,,6,6,11,11,7,4,4,2,28,23,54,82.1,44,40,90.9,85,5337,59,69.4,62.8,74,3341,63,0,45.1
New Orleans Saints,2019,4,16,1,1,9,9,6,6,15,13,5,3,36,32,58,88.9,49,48,98.0,95,6128,74,77.9,64.5,60,2770,64,0,46.2
Detroit Lions,2019,5,16,,,11,11,3,2,9,6,8,7,31,26,56,83.9,36,35,97.2,80,4899,25,31.3,61.2,76,3445,62,0,45.3
Carolina Panthers,2019,6,16,,,5,4,5,5,11,8,11,8,32,25,55,78.1,35,31,88.6,76,4658,66,86.8,61.3,75,3452,62,0,46.0
New York Jets,2019,7,16,,,2,2,8,7,12,7,6,3,28,19,54,67.9,27,23,85.2,68,4117,32,47.1,60.5,87,3991,63,0,45.9
Los Angeles Rams,2019,8,16,,,7,7,8,7,11,5,7,5,33,24,58,72.7,42,42,100.0,85,5357,65,76.5,63.0,67,3128,71,1,46.7
Green Bay Packers,2019,9,16,1,1,2,2,11,11,8,7,2,1,24,22,54,91.7,41,40,97.6,79,5031,49,62.0,63.7,77,3386,66,0,44.0
San Francisco 49ers,2019,10,16,,,11,11,11,9,13,10,4,,39,30,48,76.9,50,49,98.0,98,6202,49,50.0,63.3,52,2333,65,0,44.9
Buffalo Bills,2019,11,16,,,5,5,8,7,10,9,5,1,28,22,51,78.6,32,30,93.8,74,4579,42,56.8,61.9,80,3313,67,1,41.4
Arizona Cardinals,2019,12,16,,,12,12,13,12,8,5,2,2,35,31,54,88.6,35,34,97.1,83,5241,45,54.2,63.1,70,3288,64,1,47.0
Tampa Bay Buccaneers,2019,13,16,,,6,6,7,5,14,11,8,5,35,27,58,77.1,48,43,89.6,98,6317,88,89.8,64.5,57,2464,63,0,43.2
Denver Broncos,2019,14,16,,,6,6,9,9,12,10,7,4,34,29,53,85.3,26,25,96.2,72,4634,55,76.4,64.4,78,3464,64,0,44.4
Chicago Bears,2019,15,16,1,1,8,8,10,9,7,3,2,2,28,23,53,82.1,29,27,93.1,67,4103,36,53.7,61.2,81,3586,75,1,44.3
Dallas Cowboys,2019,16,16,,,10,10,9,7,12,8,9,5,40,30,63,75.0,46,46,100.0,92,5545,51,55.4,60.3,51,2079,58,1,40.8
Minnesota Vikings,2019,17,16,,,10,10,9,9,7,5,3,3,29,27,50,93.1,44,40,90.9,88,5660,66,75.0,64.3,62,2802,59,0,45.2
Kansas City Chiefs,2019,18,16,,,9,9,10,9,13,13,6,3,38,34,56,89.5,48,45,93.8,98,6157,60,61.2,62.8,49,2126,68,1,43.4
Philadelphia Eagles,2019,19,16,,,7,7,8,8,7,5,4,2,26,22,53,84.6,37,35,94.6,81,5058,52,64.2,62.4,71,3292,61,0,46.4
Pittsburgh Steelers,2019,20,16,1,1,11,11,7,7,10,9,2,1,31,29,51,93.5,28,28,100.0,75,4735,31,41.3,63.1,74,3368,69,0,45.5
Cincinnati Bengals,2019,21,16,,,10,10,6,6,12,10,3,1,31,27,57,87.1,25,24,96.0,71,4269,46,64.8,60.1,75,3394,63,0,45.3
Washington Redskins,2019,22,16,,,8,7,9,8,10,8,3,2,30,25,53,83.3,22,21,95.5,68,4231,48,70.6,62.2,79,3919,79,0,49.6
Miami Dolphins,2019,23,16,,,7,7,9,8,9,5,5,3,30,23,54,76.7,30,29,96.7,73,4423,49,67.1,60.6,69,3105,62,0,45.0
Jacksonville Jaguars,2019,24,16,,,12,12,9,9,9,8,4,4,34,33,56,97.1,20,19,95.0,76,4583,39,51.3,60.3,75,3507,66,0,46.8
Oakland Raiders,2019,25,16,,,8,8,6,5,10,6,2,,26,19,48,73.1,36,34,94.4,71,4496,38,53.5,63.3,67,3081,74,0,46.0
Baltimore Ravens,2019,26,16,,,8,8,9,9,11,10,1,1,29,28,51,96.6,59,57,96.6,106,6646,57,53.8,62.7,41,1855,62,1,45.2
Indianapolis Colts,2019,27,16,1,1,8,7,7,7,8,3,7,4,31,22,55,71.0,39,33,84.6,79,5101,60,75.9,64.6,59,2619,60,0,44.4
Cleveland Browns,2019,28,16,,,6,6,9,9,12,9,2,1,29,25,53,86.2,35,30,85.7,79,4903,30,38.0,62.1,65,2950,71,1,45.4
New York Giants,2019,29,16,,,6,6,6,5,4,1,1,,17,12,45,70.6,39,35,89.7,72,4485,50,69.4,62.3,71,3178,62,2,44.8
Houston Texans,2019,30,16,,,5,5,8,8,6,4,6,3,25,20,54,80.0,45,40,88.9,82,5164,42,51.2,63.0,57,2599,71,0,45.6
Atlanta Falcons,2019,31,16,,,7,7,14,12,12,10,7,3,40,32,52,80.0,31,29,93.5,87,5114,47,54.0,58.8,53,2210,60,1,41.7
Los Angeles Chargers,2019,32,16,,,7,7,7,6,17,11,3,2,34,26,51,76.5,35,35,100.0,75,4647,36,48.0,62.0,48,2256,60,0,47.0
New Orleans Saints,2020,1,16,,,6,5,10,10,9,7,3,1,28,23,53,82.1,58,57,98.3,95,5962,71,74.7,62.8,62,2674,58,0,43.1
Pittsburgh Steelers,2020,2,16,,,6,6,7,7,10,9,1,1,24,23,59,95.8,45,41,91.1,88,5491,45,51.1,62.4,77,3470,62,0,45.1
Tampa Bay Buccaneers,2020,3,16,1,1,10,10,9,9,9,7,2,1,31,28,50,90.3,57,52,91.2,101,6493,85,84.2,64.3,55,2486,62,0,45.2
Miami Dolphins,2020,4,16,1,1,8,8,7,7,14,12,9,8,39,36,56,92.3,36,36,100.0,92,5589,64,69.6,60.8,68,3040,63,0,44.7
Los Angeles Rams,2020,5,16,,,7,6,10,9,10,7,2,1,30,24,51,80.0,42,38,90.5,81,5204,54,66.7,64.2,69,3099,63,1,44.9
Washington Football Team,2020,6,16,,,5,5,8,7,17,13,4,2,34,27,51,79.4,32,30,93.8,78,4808,65,83.3,61.6,73,3504,65,0,48.0
Seattle Seahawks,2020,7,16,,,2,2,7,7,13,13,2,2,24,24,61,100.0,53,49,92.5,93,5818,52,55.9,62.6,61,3028,67,0,49.6
Cincinnati Bengals,2020,8,16,,,3,3,15,13,10,8,6,3,34,27,55,79.4,33,32,97.0,76,4777,56,73.7,62.9,71,3350,72,0,47.2
Baltimore Ravens,2020,9,16,,,8,8,7,6,9,9,5,3,29,26,55,89.7,53,52,98.1,95,6094,65,68.4,64.1,53,2368,59,0,44.7
Buffalo Bills,2020,10,16,1,1,9,9,9,6,9,8,6,4,34,28,58,82.4,59,57,96.6,101,6469,71,70.3,64.0,41,2082,72,0,50.8
New York Jets,2020,11,16,,,7,6,10,9,6,3,5,3,28,21,55,75.0,24,20,83.3,63,3965,34,54.0,62.9,82,3598,60,0,43.9
Atlanta Falcons,2020,12,16,,,11,11,12,11,9,8,8,8,40,38,54,95.0,38,34,89.5,92,5802,46,50.0,63.1,56,2381,57,0,42.5
Arizona Cardinals,2020,13,16,,,5,5,7,6,15,10,3,2,30,23,56,76.7,46,45,97.8,87,5450,39,44.8,62.6,58,2600,61,0,44.8
San Francisco 49ers,2020,14,16,,,3,3,8,7,11,10,4,2,26,22,52,84.6,40,38,95.0,81,4871,44,54.3,60.1,67,3093,60,1,46.2
Kansas City Chiefs,2020,15,16,2,2,7,7,9,9,5,3,4,4,27,25,58,92.6,54,48,88.9,97,6130,72,74.2,63.2,52,2339,67,0,45.0
Chicago Bears,2020,16,16,,,9,9,10,10,10,9,3,2,32,30,55,93.8,37,36,97.3,86,5252,42,48.8,61.1,64,2924,64,0,45.7
Los Angeles Chargers,2020,17,16,,,8,8,6,6,13,8,6,2,33,24,53,72.7,39,36,92.3,84,5364,49,58.3,63.9,60,2669,63,3,44.5
Tennessee Titans,2020,18,16,,,3,2,6,5,11,6,8,7,28,20,55,71.4,53,51,96.2,94,5795,53,56.4,61.6,50,2256,66,1,45.1
Indianapolis Colts,2020,19,16,,,10,10,13,12,11,9,3,1,37,32,53,86.5,45,43,95.6,97,6070,46,47.4,62.6,49,2216,60,1,45.2
Denver Broncos,2020,20,16,,,6,6,5,4,8,8,16,10,35,28,58,80.0,30,25,83.3,79,4839,54,68.4,61.3,66,3040,69,1,46.1
Detroit Lions,2020,21,16,,,4,4,7,7,7,4,10,6,28,21,59,75.0,41,38,92.7,78,4735,26,33.3,60.7,59,2897,67,0,49.1
Dallas Cowboys,2020,22,16,1,1,5,5,13,13,13,12,9,3,41,34,59,82.9,36,33,91.7,92,5705,60,65.2,62.0,50,2250,58,0,45.0
Green Bay Packers,2020,23,16,1,1,1,1,5,5,5,5,4,4,16,16,57,100.0,63,59,93.7,98,6201,52,53.1,63.3,47,2092,62,1,44.5
Las Vegas Raiders,2020,24,16,,,18,18,8,8,5,3,4,4,35,33,54,94.3,47,45,95.7,95,5966,61,64.2,62.8,44,1939,63,0,44.1
Houston Texans,2020,25,16,,,8,8,9,9,8,6,6,4,31,27,54,87.1,40,37,92.5,87,5469,52,59.8,62.9,55,2531,67,0,46.0
Cleveland Browns,2020,26,16,,,5,5,6,4,12,10,1,,24,19,46,79.2,48,43,89.6,84,5325,45,53.6,63.4,51,2244,59,0,44.0
New York Giants,2020,27,16,,,3,3,11,11,9,9,6,5,32,31,55,96.9,23,21,91.3,74,4407,30,40.5,59.6,66,2911,71,1,44.1
Minnesota Vikings,2020,28,16,,,6,6,4,3,7,4,5,2,22,15,53,68.2,43,37,86.0,85,5053,53,62.4,59.4,56,2435,59,2,43.5
Philadelphia Eagles,2020,29,16,,,3,1,6,6,5,5,5,2,19,14,54,73.7,26,24,92.3,75,4626,46,61.3,61.7,74,3395,66,1,45.9
Jacksonville Jaguars,2020,30,16,,,5,4,7,6,4,2,9,6,25,18,59,72.0,28,24,85.7,73,4295,42,57.5,58.8,65,3051,67,0,46.9
Carolina Panthers,2020,31,16,,,12,11,10,10,8,7,6,1,36,29,56,80.6,36,33,91.7,81,5095,71,87.7,62.9,45,2082,67,0,46.3
New England Patriots,2020,32,16,,,6,6,7,7,12,11,3,2,28,26,51,92.9,33,30,90.9,75,4756,42,56.0,63.4,55,2678,71,0,48.7
Minnesota Vikings,2021,1,3,,,1,1,2,1,1,1,3,3,7,6,53,85.7,10,9,90.0,19,1198,15,78.9,63.1,15,727,63,0,48.5
Las Vegas Raiders,2021,2,3,,,1,1,3,3,3,3,2,2,9,9,55,100.0,8,7,87.5,18,1158,13,72.2,64.3,14,722,67,0,51.6
Arizona Cardinals,2021,3,3,,,1,1,2,2,1,,2,1,6,4,62,66.7,13,13,100.0,19,1225,16,84.2,64.5,12,618,60,0,51.5
Tampa Bay Buccaneers,2021,4,3,,,1,1,1,1,,,1,,3,2,36,66.7,14,13,92.9,19,1138,13,68.4,59.9,12,531,65,0,44.3
Houston Texans,2021,5,3,,,2,2,,,2,1,1,1,5,4,53,80.0,8,7,87.5,15,966,13,86.7,64.4,16,742,56,0,46.4
Buffalo Bills,2021,6,3,,,3,3,1,1,2,2,1,,7,6,48,85.7,10,10,100.0,19,1174,14,73.7,61.8,10,418,60,1,41.8
Carolina Panthers,2021,7,3,,,4,4,,,1,1,1,,6,5,42,83.3,8,6,75.0,16,1021,8,50.0,63.8,13,496,54,0,38.2
Washington Football Team,2021,8,3,,,,,2,2,4,4,1,,7,6,49,85.7,7,7,100.0,13,841,10,76.9,64.7,12,573,56,0,47.8
San Francisco 49ers,2021,9,3,,,,,,,2,2,2,1,4,3,52,75.0,11,11,100.0,16,1024,10,62.5,64.0,11,515,59,0,46.8
Cincinnati Bengals,2021,10,3,,,,,1,1,1,1,2,2,4,4,53,100.0,8,8,100.0,14,903,11,78.6,64.5,14,648,61,0,46.3
Jacksonville Jaguars,2021,11,3,,,,,,,1,,2,,3,,,0.0,7,5,71.4,10,595,7,70.0,59.5,16,813,64,0,50.8
Seattle Seahawks,2021,12,3,,,,,1,1,1,,1,1,3,2,53,66.7,10,9,90.0,16,1034,6,37.5,64.6,13,583,66,0,44.8
New Orleans Saints,2021,13,3,,,,,1,,1,1,1,,3,1,44,33.3,10,10,100.0,14,901,12,85.7,64.4,13,646,60,0,49.7
Denver Broncos,2021,14,3,,,2,2,3,3,4,4,,,9,9,47,100.0,7,7,100.0,19,1262,14,73.7,66.4,9,380,53,0,42.2
New England Patriots,2021,15,3,,,3,3,2,2,4,4,,,9,9,49,100.0,4,3,75.0,16,978,9,56.3,61.1,12,601,68,1,50.1
Atlanta Falcons,2021,16,3,,,2,2,1,1,1,1,,,4,4,40,100.0,4,4,100.0,10,625,4,40.0,62.5,16,720,62,0,45.0
Baltimore Ravens,2021,17,3,,,,,2,2,4,3,2,2,8,7,66,87.5,7,7,100.0,19,1200,12,63.2,63.2,9,411,54,0,45.7
Los Angeles Rams,2021,18,3,,,2,2,2,2,1,1,1,1,6,6,53,100.0,11,11,100.0,20,1285,13,65.0,64.3,7,278,51,0,39.7
Pittsburgh Steelers,2021,19,3,,,3,3,,,2,1,1,1,6,5,56,83.3,5,5,100.0,13,824,6,46.2,63.4,13,566,59,0,43.5
Green Bay Packers,2021,20,3,,,,,2,2,,,2,2,4,4,54,100.0,8,8,100.0,13,835,8,61.5,64.2,10,480,63,0,48.0
New York Giants,2021,21,3,,,2,2,2,2,1,1,2,2,7,7,55,100.0,3,3,100.0,14,886,7,50.0,63.3,11,514,61,0,46.7
Indianapolis Colts,2021,22,3,,,3,3,1,1,3,3,1,,8,7,48,87.5,3,3,100.0,13,779,6,46.2,59.9,10,469,56,0,46.9
Miami Dolphins,2021,23,3,,,,,,,3,2,1,1,4,3,50,75.0,4,4,100.0,12,754,9,75.0,62.8,13,557,61,0,42.8
Detroit Lions,2021,24,3,,,,,1,1,2,2,1,,4,3,49,75.0,6,6,100.0,14,766,6,42.9,54.7,11,532,59,0,48.4
Tennessee Titans,2021,25,3,,,1,1,4,4,2,,,,7,5,36,71.4,7,6,85.7,15,935,9,60.0,62.3,6,287,59,0,47.8
Chicago Bears,2021,26,3,,,3,3,,,1,1,,,4,4,47,100.0,4,4,100.0,11,722,8,72.7,65.6,12,602,63,0,50.2
Kansas City Chiefs,2021,27,3,,,1,1,1,1,1,1,,,3,3,43,100.0,11,11,100.0,18,1167,15,83.3,64.8,6,277,54,0,46.2
Cleveland Browns,2021,28,3,,,1,1,1,1,1,1,2,2,5,5,57,100.0,9,9,100.0,18,1170,8,44.4,65.0,5,214,52,0,42.8
Los Angeles Chargers,2021,29,3,,,3,3,2,2,2,1,,,7,6,46,85.7,5,3,60.0,16,1033,9,56.3,64.6,6,266,55,0,44.3
New York Jets,2021,30,3,,,1,1,1,1,,,1,,3,2,35,66.7,,,,7,381,3,42.9,54.4,14,672,65,0,48.0
Dallas Cowboys,2021,31,2,,,1,1,3,2,1,1,2,1,7,5,56,71.4,5,4,80.0,11,711,8,72.7,64.6,4,191,62,0,47.8
Philadelphia Eagles,2021,32,2,,,,,,,3,2,,,3,2,45,66.7,3,3,100.0,9,548,6,66.7,60.9,8,393,68,0,49.1
