Tm,Year,Rk,G,Cmp,Att,Cmp_perc,Yds,TD,TD_perc,Int,Int_perc,Lng,Y/A,AY/A,Y/C,Y/G,Rate,Sk,Yds,NY/A,ANY/A,Sk_perc,4QC,GWD,EXP
New Orleans Saints,2006,1,16,372,580,64.1,4503,27,4.7,13,2.2,86,8.0,7.9,12.4,281.4,94.9,23,123,7.5,7.4,3.8,1,2,23.27
Indianapolis Colts,2006,2,16,362,557,65.0,4308,31,5.6,9,1.6,68,7.9,8.3,12.1,269.3,101.0,15,89,7.5,7.9,2.6,3,3,121.85
Philadelphia Eagles,2006,3,16,323,544,59.4,4119,31,5.7,9,1.7,89,7.9,8.3,13.3,257.4,96.7,28,190,7.2,7.6,4.9,2,4,18.71
St. Louis Rams,2006,4,16,371,592,62.7,3962,24,4.1,8,1.4,67,7.3,7.5,11.7,247.6,92.7,49,366,6.2,6.4,7.6,2,3,19.54
Dallas Cowboys,2006,5,16,310,506,61.3,3836,26,5.1,21,4.2,56,8.0,7.2,13.1,239.8,86.5,37,231,7.1,6.3,6.8,2,3,47.69
Cincinnati Bengals,2006,6,16,327,523,62.5,3833,28,5.4,13,2.5,74,7.8,7.7,12.4,239.6,94.1,36,233,6.9,6.8,6.4,2,3,9.80
Detroit Lions,2006,7,16,372,596,62.4,3820,21,3.5,22,3.7,60,7.1,6.1,11.3,238.8,79.9,63,388,5.8,4.9,9.6,1,1,-78.45
Green Bay Packers,2006,8,16,350,630,55.6,3795,18,2.9,18,2.9,82,6.3,5.6,11.3,237.2,72.1,24,152,5.8,5.1,3.7,1,1,-70.90
Pittsburgh Steelers,2006,9,16,312,523,59.7,3733,23,4.4,23,4.4,87,7.7,6.6,12.9,233.3,80.2,49,293,6.5,5.5,8.6,3,4,-1.92
Arizona Cardinals,2006,10,16,322,545,59.1,3662,17,3.1,17,3.1,64,7.2,6.4,12.2,228.9,78.7,35,262,6.3,5.6,6.0,1,1,24.19
Baltimore Ravens,2006,11,16,328,524,62.6,3435,21,4.0,14,2.7,87,6.7,6.3,10.8,214.7,84.6,17,100,6.3,6.0,3.1,3,3,-24.05
New England Patriots,2006,12,16,326,527,61.9,3400,25,4.7,12,2.3,62,6.8,6.7,11.0,212.5,88.3,29,190,6.1,6.0,5.2,2,2,26.48
Miami Dolphins,2006,13,16,342,591,57.9,3287,16,2.7,19,3.2,52,6.1,5.1,10.5,205.4,71.2,41,290,5.2,4.4,6.5,0,1,-97.49
Chicago Bears,2006,14,16,282,514,54.9,3281,24,4.7,22,4.3,75,6.7,5.7,12.2,205.1,73.5,25,165,6.1,5.1,4.6,2,3,-64.40
Carolina Panthers,2006,15,16,325,539,60.3,3264,19,3.5,17,3.2,72,6.5,5.8,10.7,204.0,77.9,32,222,5.7,5.0,5.6,2,2,-43.74
San Diego Chargers,2006,16,16,287,466,61.6,3262,24,5.2,9,1.9,57,7.3,7.5,11.9,203.9,93.0,28,150,6.6,6.8,5.7,4,4,32.25
New York Jets,2006,17,16,313,488,64.1,3153,17,3.5,16,3.3,71,6.9,6.1,10.7,197.1,82.1,34,199,6.0,5.3,6.5,1,2,1.91
Minnesota Vikings,2006,18,16,332,540,61.5,3123,13,2.4,20,3.7,50,6.3,5.1,10.2,195.2,72.2,43,279,5.4,4.3,7.4,2,3,-118.61
New York Giants,2006,19,16,301,523,57.6,3058,24,4.6,18,3.4,55,6.2,5.6,10.8,191.1,76.8,25,186,5.6,5.0,4.6,2,2,-57.37
Seattle Seahawks,2006,20,16,292,512,57.0,3054,26,5.1,22,4.3,72,6.6,5.7,11.5,190.9,76.0,49,315,5.4,4.6,8.7,4,5,-69.41
Washington Redskins,2006,21,16,274,470,58.3,3027,19,4.0,10,2.1,74,6.8,6.6,11.6,189.2,83.4,19,147,6.2,6.0,3.9,2,2,-8.62
Kansas City Chiefs,2006,22,16,272,450,60.4,3000,18,4.0,12,2.7,78,7.2,6.8,11.9,187.5,84.7,41,243,6.1,5.7,8.4,3,4,-15.36
Cleveland Browns,2006,23,16,318,512,62.1,2898,15,2.9,25,4.9,75,6.3,4.7,10.2,181.1,69.7,54,349,5.1,3.7,9.5,1,1,-181.69
Jacksonville Jaguars,2006,24,16,266,446,59.6,2882,17,3.8,14,3.1,51,6.9,6.2,11.5,180.1,80.0,30,178,6.1,5.4,6.3,0,1,-54.58
Denver Broncos,2006,25,16,256,454,56.4,2799,20,4.4,18,4.0,83,6.6,5.7,11.7,174.9,74.7,31,196,5.8,4.9,6.4,2,3,-81.01
Tampa Bay Buccaneers,2006,26,16,296,535,55.3,2798,14,2.6,18,3.4,64,5.6,4.6,10.1,174.9,66.2,33,196,4.9,4.0,5.8,2,3,-200.46
Houston Texans,2006,27,16,329,481,68.4,2778,14,2.9,13,2.7,53,6.3,5.7,9.2,173.6,83.8,43,254,5.3,4.7,8.2,1,3,-71.23
Buffalo Bills,2006,28,16,268,431,62.2,2719,19,4.4,14,3.2,83,7.1,6.5,11.4,169.9,84.6,47,332,5.7,5.2,9.8,1,3,-68.60
San Francisco 49ers,2006,29,16,257,444,57.9,2685,16,3.6,16,3.6,75,6.5,5.6,11.2,167.8,74.4,36,205,5.6,4.8,7.5,1,2,-82.37
Tennessee Titans,2006,30,16,226,447,50.6,2596,13,2.9,19,4.3,53,6.1,4.8,12.2,162.3,61.8,29,152,5.5,4.2,6.1,4,5,-99.52
Oakland Raiders,2006,31,16,263,483,54.5,2420,7,1.4,24,5.0,57,5.9,4.0,10.8,151.3,56.2,72,430,4.4,2.7,13.0,,,-213.88
Atlanta Falcons,2006,32,16,222,416,53.4,2371,21,5.0,15,3.6,55,6.4,5.8,12.1,148.2,75.2,47,311,5.1,4.6,10.2,0,1,-69.18
New England Patriots,2007,1,16,403,586,68.8,4731,50,8.5,9,1.5,69,8.3,9.3,12.1,295.7,116.0,21,128,7.8,8.8,3.5,4,4,207.30
Green Bay Packers,2007,2,16,383,578,66.3,4334,30,5.2,15,2.6,82,7.7,7.6,11.6,270.9,95.9,19,127,7.3,7.1,3.2,2,4,64.60
New Orleans Saints,2007,3,16,440,652,67.5,4314,28,4.3,18,2.8,58,6.8,6.4,10.1,269.6,89.4,16,109,6.5,6.1,2.4,1,1,37.37
Dallas Cowboys,2007,4,16,342,531,64.4,4105,36,6.8,19,3.6,59,8.1,7.8,12.5,256.6,97.1,25,185,7.4,7.1,4.5,2,2,90.41
Arizona Cardinals,2007,5,16,356,590,60.3,4065,32,5.4,24,4.1,62,7.2,6.4,11.9,254.1,83.4,24,163,6.6,5.9,3.9,2,2,-47.80
Indianapolis Colts,2007,6,16,355,551,64.4,4033,32,5.8,14,2.5,73,7.6,7.6,11.8,252.1,96.1,23,139,7.0,7.0,4.0,1,2,126.30
Cincinnati Bengals,2007,7,16,373,575,64.9,4012,26,4.5,20,3.5,70,7.2,6.5,11.1,250.8,86.7,17,119,6.8,6.1,2.9,2,2,24.37
Seattle Seahawks,2007,8,16,371,590,62.9,3964,30,5.1,13,2.2,65,7.1,7.1,11.3,247.8,91.8,36,217,6.3,6.4,5.8,2,2,12.63
Detroit Lions,2007,9,16,368,587,62.7,3878,19,3.2,22,3.7,91,7.2,6.1,11.5,242.4,79.4,54,338,6.0,5.1,8.4,2,3,-47.34
Philadelphia Eagles,2007,10,16,350,577,60.7,3755,24,4.2,15,2.6,75,6.9,6.6,11.4,234.7,84.6,49,250,6.0,5.7,7.8,1,1,-0.89
Houston Texans,2007,11,16,346,529,65.4,3751,24,4.5,21,4.0,77,7.4,6.5,11.3,234.4,86.1,22,174,6.8,6.0,4.0,1,1,-44.00
Cleveland Browns,2007,12,16,305,545,56.0,3726,29,5.3,20,3.7,78,7.1,6.5,12.7,232.9,80.7,19,140,6.6,6.0,3.4,2,2,-58.03
Denver Broncos,2007,13,16,326,515,63.3,3584,21,4.1,15,2.9,68,7.3,6.8,11.5,224.0,86.7,32,175,6.6,6.1,5.9,2,3,4.25
Washington Redskins,2007,14,16,319,525,60.8,3463,18,3.4,11,2.1,54,6.9,6.6,11.4,216.4,84.2,29,159,6.3,6.0,5.2,1,2,-13.42
Chicago Bears,2007,15,16,327,569,57.5,3362,18,3.2,21,3.7,81,6.5,5.5,11.3,210.1,72.2,43,339,5.5,4.5,7.0,4,4,-98.91
Tampa Bay Buccaneers,2007,16,16,316,490,64.5,3357,18,3.7,8,1.6,69,7.3,7.3,11.3,209.8,91.7,36,222,6.4,6.4,6.8,1,2,-82.22
Jacksonville Jaguars,2007,17,16,288,469,61.4,3328,28,6.0,8,1.7,80,7.5,7.9,12.1,208.0,97.1,31,167,6.7,7.1,6.2,2,3,60.65
Atlanta Falcons,2007,18,16,336,555,60.5,3293,18,3.2,15,2.7,74,6.4,5.9,10.6,205.8,78.9,47,280,5.5,4.9,7.8,1,2,-107.52
St. Louis Rams,2007,19,16,333,574,58.0,3233,19,3.3,28,4.9,40,6.2,4.7,10.7,202.1,67.0,48,328,5.2,3.8,7.7,,,-111.66
Kansas City Chiefs,2007,20,16,335,563,59.5,3181,17,3.0,20,3.6,58,6.3,5.3,10.5,198.8,73.0,55,344,5.1,4.2,8.9,2,3,-105.50
New York Giants,2007,21,16,302,544,55.5,3154,23,4.2,20,3.7,60,6.2,5.4,11.2,197.1,73.0,28,222,5.5,4.7,4.9,3,3,-95.78
Pittsburgh Steelers,2007,22,16,282,442,63.8,3071,34,7.7,14,3.2,83,7.7,7.8,12.1,191.9,99.9,47,347,6.3,6.4,9.6,1,2,30.85
Baltimore Ravens,2007,23,16,341,557,61.2,3035,13,2.3,14,2.5,79,5.9,5.3,9.7,189.7,75.2,39,273,5.1,4.5,6.5,0,1,-119.27
Miami Dolphins,2007,24,16,318,558,57.0,3031,12,2.2,16,2.9,64,5.9,5.1,10.4,189.4,69.6,42,288,5.1,4.3,7.0,1,1,-104.60
New York Jets,2007,25,16,310,512,60.5,3014,15,2.9,19,3.7,57,6.5,5.4,10.7,188.4,73.9,53,316,5.3,4.4,9.4,1,2,-100.36
San Diego Chargers,2007,26,16,281,471,59.7,3005,22,4.7,16,3.4,49,6.7,6.1,11.3,187.8,81.3,24,170,6.1,5.5,4.8,1,1,-26.35
Tennessee Titans,2007,27,16,288,464,62.1,2878,9,1.9,17,3.7,73,6.6,5.4,10.7,179.9,72.6,30,199,5.8,4.6,6.1,1,2,-48.43
Minnesota Vikings,2007,28,16,249,432,57.6,2745,12,2.8,14,3.2,79,6.8,5.9,11.8,171.6,74.2,38,193,5.8,5.0,8.1,2,3,-40.66
Carolina Panthers,2007,29,16,285,505,56.4,2735,19,3.8,17,3.4,74,5.8,5.1,10.3,170.9,71.9,33,206,5.1,4.4,6.1,2,3,-75.52
Buffalo Bills,2007,30,16,263,445,59.1,2634,12,2.7,14,3.1,85,6.4,5.5,10.8,164.6,73.8,26,208,5.6,4.8,5.5,3,5,-97.57
Oakland Raiders,2007,31,16,260,451,57.6,2631,17,3.8,20,4.4,59,6.4,5.2,11.1,164.4,70.9,41,262,5.3,4.2,8.3,1,1,-82.32
San Francisco 49ers,2007,32,16,274,513,53.4,2320,15,2.9,17,3.3,57,5.2,4.3,9.8,145.0,64.3,55,365,4.1,3.3,9.7,3,2,-237.06
New Orleans Saints,2008,1,16,413,636,64.9,4977,34,5.3,18,2.8,84,8.0,7.8,12.3,311.1,95.4,13,92,7.7,7.5,2.0,2,2,105.43
Arizona Cardinals,2008,2,16,418,630,66.3,4674,31,4.9,15,2.4,79,7.7,7.7,11.7,292.1,96.1,28,201,7.1,7.0,4.3,1,1,93.52
Denver Broncos,2008,3,16,386,620,62.3,4471,25,4.0,18,2.9,93,7.3,6.8,11.8,279.4,85.9,12,74,7.1,6.6,1.9,3,4,70.84
Houston Texans,2008,4,16,367,555,66.1,4267,21,3.8,20,3.6,65,8.1,7.2,12.2,266.7,88.4,32,207,7.3,6.5,5.5,2,2,-21.81
Indianapolis Colts,2008,5,16,393,585,67.2,4094,27,4.6,12,2.1,75,7.1,7.1,10.6,255.9,94.7,14,86,6.8,6.8,2.3,4,6,101.97
Philadelphia Eagles,2008,6,16,362,606,59.7,3911,23,3.8,16,2.6,90,6.7,6.3,11.2,244.4,81.4,23,149,6.2,5.8,3.7,2,1,-2.37
San Diego Chargers,2008,7,16,312,478,65.3,3858,34,7.1,11,2.3,67,8.4,8.8,12.8,241.1,105.5,25,151,7.7,8.0,5.0,3,4,77.21
Green Bay Packers,2008,8,16,343,541,63.4,3813,28,5.2,13,2.4,71,7.5,7.4,11.8,238.3,93.3,34,231,6.6,6.6,5.9,1,2,35.57
Dallas Cowboys,2008,9,16,328,547,60.0,3789,29,5.3,20,3.7,75,7.3,6.7,12.2,236.8,84.9,31,199,6.6,6.0,5.4,2,2,-26.73
Miami Dolphins,2008,10,16,330,491,67.2,3632,20,4.1,7,1.4,80,7.7,7.8,11.4,227.0,97.6,26,129,7.0,7.2,5.0,1,2,30.72
Tampa Bay Buccaneers,2008,11,16,355,562,63.2,3619,18,3.2,13,2.3,71,6.7,6.3,10.7,226.2,83.8,32,169,6.1,5.7,5.4,3,5,-63.70
New England Patriots,2008,12,16,339,534,63.5,3569,21,3.9,11,2.1,76,7.1,7.0,11.2,223.1,89.1,48,221,6.1,6.0,8.2,2,2,13.74
San Francisco 49ers,2008,13,16,309,509,60.7,3379,21,4.1,19,3.7,63,7.3,6.5,12.1,211.2,81.4,55,345,6.0,5.2,9.8,3,4,-65.60
Atlanta Falcons,2008,14,16,265,434,61.1,3336,16,3.7,11,2.5,70,7.9,7.5,13.0,208.5,87.7,17,104,7.4,7.0,3.8,2,4,61.20
Jacksonville Jaguars,2008,15,16,335,537,62.4,3332,15,2.8,13,2.4,41,6.7,6.2,10.8,208.3,81.4,42,288,5.8,5.3,7.3,3,3,-22.38
New York Jets,2008,16,16,347,529,65.6,3303,22,4.2,23,4.3,56,6.6,5.5,10.1,206.4,80.2,30,213,5.9,4.8,5.4,1,2,-5.03
Pittsburgh Steelers,2008,17,16,303,506,59.9,3301,19,3.8,15,3.0,65,7.1,6.5,11.9,206.3,81.9,49,306,5.9,5.4,8.8,4,4,-61.19
New York Giants,2008,18,16,298,491,60.7,3177,23,4.7,10,2.0,48,6.8,6.8,11.3,198.6,88.2,28,176,6.1,6.1,5.4,3,3,18.71
Carolina Panthers,2008,19,16,246,414,59.4,3158,15,3.6,12,2.9,65,7.9,7.4,13.4,197.4,84.7,20,130,7.3,6.7,4.6,4,5,-4.15
Kansas City Chiefs,2008,20,16,310,541,57.3,3129,23,4.3,16,3.0,75,6.2,5.7,10.8,195.6,77.5,37,229,5.4,5.0,6.4,0,1,-70.43
Chicago Bears,2008,21,16,304,528,57.6,3061,20,3.8,14,2.7,65,6.1,5.7,10.6,191.3,77.1,29,168,5.5,5.1,5.2,3,3,-105.03
Buffalo Bills,2008,22,16,309,479,64.5,3040,14,2.9,15,3.1,87,6.9,6.1,10.7,190.0,81.3,38,262,5.9,5.1,7.4,3,3,-88.49
Washington Redskins,2008,23,16,318,510,62.4,3025,14,2.7,6,1.2,67,6.5,6.5,10.3,189.1,85.2,38,266,5.5,5.5,6.9,1,3,-77.42
Detroit Lions,2008,24,16,281,509,55.2,2960,18,3.5,19,3.7,96,6.5,5.5,11.7,185.0,71.3,52,339,5.3,4.4,9.3,,,-135.13
Minnesota Vikings,2008,25,16,267,452,59.1,2956,22,4.9,17,3.8,99,7.1,6.4,12.0,184.8,81.5,43,261,6.0,5.3,8.7,5,5,-12.32
St. Louis Rams,2008,26,16,292,520,56.2,2947,11,2.1,19,3.7,80,6.3,5.1,11.2,184.2,66.9,45,321,5.2,4.1,8.0,1,1,-164.26
Tennessee Titans,2008,27,16,265,453,58.5,2819,13,2.9,9,2.0,56,6.4,6.1,11.0,176.2,78.8,12,83,6.1,5.8,2.6,1,3,13.75
Baltimore Ravens,2008,28,16,261,433,60.3,2808,16,3.7,12,2.8,70,7.1,6.6,11.8,175.5,82.8,33,277,6.0,5.6,7.1,1,1,-66.17
Seattle Seahawks,2008,29,16,262,474,55.3,2617,18,3.8,15,3.2,90,6.0,5.3,10.8,163.6,72.5,36,214,5.1,4.5,7.1,1,1,-65.33
Cincinnati Bengals,2008,30,16,303,513,59.1,2406,11,2.1,15,2.9,79,5.2,4.3,8.8,150.4,68.0,51,271,4.3,3.5,9.0,,,-168.38
Cleveland Browns,2008,31,16,238,488,48.8,2380,11,2.3,20,4.1,70,5.2,3.8,10.7,148.8,54.8,24,157,4.6,3.3,4.7,2,3,-161.27
Oakland Raiders,2008,32,16,222,421,52.7,2369,13,3.1,11,2.6,84,6.3,5.7,11.9,148.1,71.6,39,270,5.2,4.6,8.5,1,2,-103.28
Houston Texans,2009,1,16,399,593,67.3,4654,29,4.9,17,2.9,72,8.1,7.8,12.0,290.9,96.3,25,149,7.5,7.2,4.0,2,4,89.38
Indianapolis Colts,2009,2,16,402,601,66.9,4515,34,5.7,19,3.2,80,7.7,7.4,11.5,282.2,95.4,13,90,7.4,7.1,2.1,7,7,164.84
New England Patriots,2009,3,16,390,592,65.9,4436,28,4.7,13,2.2,81,7.7,7.6,11.6,277.3,95.6,18,104,7.3,7.2,3.0,1,1,76.95
New Orleans Saints,2009,4,16,378,544,69.5,4355,34,6.3,12,2.2,75,8.3,8.5,11.9,272.2,106.0,20,135,7.7,8.0,3.5,2,4,137.36
San Diego Chargers,2009,5,16,338,519,65.1,4338,29,5.6,10,1.9,81,8.7,8.9,13.3,271.1,103.1,26,168,8.0,8.2,4.8,3,5,110.33
Dallas Cowboys,2009,6,16,347,550,63.1,4287,26,4.7,9,1.6,80,8.2,8.4,12.9,267.9,97.6,34,196,7.3,7.5,5.8,3,3,34.16
Green Bay Packers,2009,7,16,357,553,64.6,4180,30,5.4,8,1.4,83,8.1,8.6,12.6,261.3,101.8,51,312,6.9,7.3,8.4,2,2,77.06
Minnesota Vikings,2009,8,16,377,553,68.2,4156,34,6.1,7,1.3,63,8.0,8.6,11.7,259.8,107.3,34,247,7.1,7.7,5.8,2,2,160.28
Pittsburgh Steelers,2009,9,16,351,536,65.5,4148,28,5.2,14,2.6,60,8.4,8.3,12.8,259.3,98.1,50,348,7.1,7.0,8.5,2,3,33.64
Philadelphia Eagles,2009,10,16,335,553,60.6,4089,27,4.9,13,2.4,71,7.9,7.8,13.1,255.6,92.0,38,291,6.9,6.8,6.4,2,3,-0.58
New York Giants,2009,11,16,338,542,62.4,4019,28,5.2,14,2.6,74,7.8,7.7,12.6,251.2,93.2,32,227,7.0,6.9,5.6,1,2,61.56
Arizona Cardinals,2009,12,16,392,594,66.0,4016,27,4.5,18,3.0,45,7.1,6.6,10.7,251.0,89.1,26,184,6.5,6.0,4.2,1,2,-17.36
Denver Broncos,2009,13,16,341,558,61.1,3627,21,3.8,13,2.3,87,6.9,6.6,11.2,226.7,84.4,34,198,6.1,5.8,5.7,3,3,-29.76
Atlanta Falcons,2009,14,16,332,570,58.2,3571,26,4.6,17,3.0,90,6.5,6.1,11.1,223.2,80.4,27,126,6.0,5.6,4.5,2,4,5.22
Seattle Seahawks,2009,15,16,372,609,61.1,3503,20,3.3,19,3.1,53,6.2,5.4,10.1,218.9,76.7,41,268,5.4,4.7,6.3,0,1,-92.30
Washington Redskins,2009,16,16,340,533,63.8,3490,21,3.9,16,3.0,84,7.1,6.6,11.2,218.1,85.5,46,307,6.0,5.5,7.9,1,1,-52.22
Chicago Bears,2009,17,16,340,563,60.4,3473,27,4.8,27,4.8,71,6.5,5.3,10.8,217.1,75.6,35,204,5.8,4.7,5.9,2,4,-100.63
Baltimore Ravens,2009,18,16,321,510,62.9,3419,21,4.1,13,2.5,72,7.1,6.8,11.3,213.7,87.4,36,218,6.3,6.0,6.6,1,2,-11.18
Jacksonville Jaguars,2009,19,16,315,519,60.7,3356,15,2.9,10,1.9,63,6.9,6.6,11.4,209.8,83.2,44,243,6.0,5.7,7.8,3,4,-57.20
Miami Dolphins,2009,20,16,331,545,60.7,3170,15,2.8,19,3.5,67,6.2,5.2,10.3,198.1,73.3,34,226,5.5,4.5,5.9,3,3,-43.71
Detroit Lions,2009,21,16,316,585,54.0,3168,16,2.7,32,5.5,75,5.9,4.0,11.0,198.0,58.1,43,303,5.0,3.3,6.8,1,1,-148.76
San Francisco 49ers,2009,22,16,312,528,59.1,3052,23,4.4,14,2.7,73,6.2,5.9,10.6,190.8,80.8,40,241,5.4,5.1,7.0,1,1,-70.07
Tennessee Titans,2009,23,16,271,476,56.9,3031,16,3.4,15,3.2,69,6.5,5.8,11.5,189.4,74.8,15,73,6.2,5.5,3.1,3,6,-70.45
Tampa Bay Buccaneers,2009,24,16,279,524,53.2,2973,18,3.4,29,5.5,47,6.0,4.2,11.2,185.8,59.8,33,161,5.3,3.6,5.9,2,2,-118.73
Kansas City Chiefs,2009,25,16,296,536,55.2,2922,18,3.4,17,3.2,61,5.9,5.2,10.8,182.6,70.8,45,261,5.0,4.3,7.7,1,2,-106.75
Cincinnati Bengals,2009,26,16,286,477,60.0,2890,21,4.4,13,2.7,73,6.6,6.2,11.0,180.6,82.7,29,244,5.7,5.4,5.7,3,5,-31.31
Carolina Panthers,2009,27,16,264,465,56.8,2799,16,3.4,20,4.3,66,6.6,5.4,11.6,174.9,70.5,33,271,5.6,4.5,6.6,2,3,-57.72
St. Louis Rams,2009,28,16,312,543,57.5,2686,12,2.2,21,3.9,50,5.5,4.2,9.5,167.9,64.0,44,284,4.6,3.4,7.5,0,1,-163.97
Oakland Raiders,2009,29,16,255,485,52.6,2557,10,2.1,18,3.7,86,5.9,4.7,11.3,159.8,62.0,49,318,4.8,3.6,9.2,4,4,-181.93
Buffalo Bills,2009,30,16,256,441,58.0,2515,17,3.9,19,4.3,98,6.3,5.2,10.9,157.2,71.7,46,274,5.2,4.1,9.4,1,2,-98.88
New York Jets,2009,31,16,210,393,53.4,2380,12,3.1,21,5.3,65,6.6,4.8,12.4,148.8,62.0,30,216,5.6,4.0,7.1,,,-74.97
Cleveland Browns,2009,32,16,219,443,49.4,2076,11,2.5,18,4.1,59,5.1,3.8,10.3,129.8,55.8,30,179,4.4,3.1,6.3,0,2,-152.34
Indianapolis Colts,2010,1,16,450,679,66.3,4609,33,4.9,17,2.5,73,6.9,6.8,10.4,288.1,91.9,16,91,6.6,6.5,2.3,0,2,103.16
San Diego Chargers,2010,2,16,359,544,66.0,4519,30,5.5,13,2.4,59,8.7,8.8,13.2,282.4,101.9,38,227,7.8,7.8,6.5,1,1,117.04
New Orleans Saints,2010,3,16,450,661,68.1,4441,33,5.0,22,3.3,80,7.0,6.5,10.3,277.6,90.8,26,195,6.5,6.0,3.8,4,5,79.91
Houston Texans,2010,4,16,365,574,63.6,4144,24,4.2,12,2.1,60,7.6,7.5,12.0,259.0,92.0,32,226,6.8,6.7,5.3,2,2,61.63
Green Bay Packers,2010,5,16,352,541,65.1,4124,31,5.7,13,2.4,86,8.0,8.1,12.4,257.8,98.9,38,231,7.1,7.2,6.6,0,1,79.78
Dallas Cowboys,2010,6,16,379,576,65.8,4042,29,5.0,19,3.3,71,7.3,6.8,11.1,252.6,90.4,31,166,6.7,6.2,5.1,2,3,-20.99
Denver Broncos,2010,7,16,334,580,57.6,4038,25,4.3,12,2.1,71,7.4,7.4,12.9,252.4,86.8,40,269,6.5,6.4,6.5,2,2,2.29
Washington Redskins,2010,8,16,349,605,57.7,3931,21,3.5,19,3.1,76,7.1,6.4,12.3,245.7,78.1,46,348,6.0,5.4,7.1,2,3,-38.61
Philadelphia Eagles,2010,9,16,348,561,62.0,3906,28,5.0,13,2.3,91,7.5,7.5,12.1,244.1,92.1,49,309,6.4,6.4,8.0,4,3,25.24
New York Giants,2010,10,16,339,539,62.9,3885,31,5.8,25,4.6,92,7.4,6.5,11.8,242.8,85.3,16,117,7.0,6.1,2.9,1,1,40.06
New England Patriots,2010,11,16,331,507,65.3,3847,37,7.3,5,1.0,79,7.9,8.9,12.2,240.4,109.8,25,175,7.2,8.2,4.7,2,3,94.97
Detroit Lions,2010,12,16,383,633,60.5,3810,26,4.1,16,2.5,87,6.3,6.0,10.4,238.1,82.0,27,191,5.8,5.5,4.1,4,3,-44.82
Cincinnati Bengals,2010,13,16,365,590,61.9,3767,26,4.4,20,3.4,78,6.8,6.1,10.9,235.4,82.4,28,221,6.1,5.5,4.5,1,1,-12.18
Pittsburgh Steelers,2010,14,16,298,479,62.2,3601,22,4.6,9,1.9,56,8.1,8.2,13.1,225.1,95.2,43,289,6.9,7.0,8.2,2,4,-13.33
Atlanta Falcons,2010,15,16,361,577,62.6,3567,28,4.9,9,1.6,46,6.5,6.7,10.3,222.9,90.8,23,158,5.9,6.2,3.8,5,6,63.64
Miami Dolphins,2010,16,16,335,557,60.1,3527,17,3.1,21,3.8,57,6.7,5.7,11.2,220.4,74.8,38,228,5.9,4.9,6.4,0,1,-62.67
Tampa Bay Buccaneers,2010,17,16,306,494,61.9,3361,26,5.3,6,1.2,64,7.2,7.7,11.6,210.1,96.2,30,203,6.4,6.9,5.7,5,5,-0.56
San Francisco 49ers,2010,18,16,282,500,56.4,3356,19,3.8,15,3.0,66,7.2,6.6,12.8,209.8,79.4,44,257,6.2,5.6,8.1,2,2,-25.12
Seattle Seahawks,2010,19,16,324,544,59.6,3341,14,2.6,20,3.7,87,6.5,5.4,10.9,208.8,72.1,35,195,5.8,4.7,6.0,0,0,-92.97
Baltimore Ravens,2010,20,16,308,491,62.7,3335,25,5.1,10,2.0,67,7.4,7.5,11.8,208.4,93.6,40,294,6.3,6.4,7.5,2,4,38.02
St. Louis Rams,2010,21,16,354,590,60.0,3268,18,3.1,15,2.5,49,6.0,5.4,9.9,204.3,76.5,34,244,5.2,4.7,5.4,,,-79.28
New York Jets,2010,22,16,288,525,54.9,3242,20,3.8,14,2.7,74,6.5,6.1,11.9,202.6,76.5,28,178,5.9,5.4,5.1,3,5,-47.35
Oakland Raiders,2010,23,16,279,491,56.8,3180,18,3.7,16,3.3,73,7.1,6.3,12.4,198.8,77.5,44,291,5.9,5.3,8.2,2,2,-47.46
Buffalo Bills,2010,24,16,296,519,57.0,3158,24,4.6,21,4.0,65,6.5,5.6,11.4,197.4,75.2,34,213,5.7,4.9,6.1,1,1,-88.79
Tennessee Titans,2010,25,16,273,474,57.6,3107,24,5.1,15,3.2,80,6.9,6.5,12.0,194.2,82.6,27,171,6.2,5.8,5.4,1,2,35.49
Minnesota Vikings,2010,26,16,305,505,60.4,3097,14,2.8,26,5.1,53,6.6,4.8,10.9,193.6,67.7,36,230,5.7,4.1,6.7,1,2,-67.68
Jacksonville Jaguars,2010,27,16,291,469,62.0,3065,26,5.5,21,4.5,75,7.2,6.2,11.5,191.6,83.4,38,291,6.0,5.2,7.5,1,5,-28.21
Chicago Bears,2010,28,16,276,466,59.2,3015,23,4.9,21,4.5,89,7.3,6.2,12.3,188.4,79.5,56,382,5.8,4.8,10.7,4,4,-104.10
Cleveland Browns,2010,29,16,296,478,61.9,2989,13,2.7,18,3.8,65,6.7,5.6,10.8,186.8,75.0,36,214,5.8,4.7,7.0,1,2,-70.35
Kansas City Chiefs,2010,30,16,274,475,57.7,2968,27,5.7,8,1.7,75,6.7,7.1,11.6,185.5,90.1,32,221,5.9,6.2,6.3,1,2,-8.83
Arizona Cardinals,2010,31,16,285,561,50.8,2921,10,1.8,19,3.4,74,5.8,4.7,11.5,182.6,60.5,50,343,4.8,3.7,8.2,2,3,-159.18
Carolina Panthers,2010,32,16,256,484,52.9,2289,9,1.9,21,4.3,88,5.4,3.9,10.3,143.1,57.0,50,346,4.3,2.9,9.4,1,1,-176.20
New Orleans Saints,2011,1,16,472,662,71.3,5347,46,6.9,14,2.1,79,8.3,8.8,11.7,334.2,110.5,24,158,7.8,8.2,3.5,3,4,195.28
New England Patriots,2011,2,16,402,612,65.7,5084,39,6.4,12,2.0,99,8.6,9.0,13.1,317.8,105.7,32,173,7.9,8.3,5.0,1,2,184.43
Green Bay Packers,2011,3,16,376,552,68.1,4924,51,9.2,8,1.4,93,9.3,10.5,13.7,307.8,122.6,41,237,8.3,9.4,6.9,1,2,178.73
Detroit Lions,2011,4,16,423,666,63.5,4814,41,6.2,16,2.4,73,7.6,7.8,12.0,300.9,97.2,36,257,6.9,7.0,5.1,3,4,87.26
New York Giants,2011,5,16,359,589,61.0,4734,29,4.9,16,2.7,99,8.4,8.1,13.7,295.9,92.9,28,199,7.7,7.4,4.5,5,6,97.15
San Diego Chargers,2011,6,16,366,582,62.9,4426,27,4.6,20,3.4,58,7.9,7.3,12.6,276.6,88.7,30,198,7.2,6.6,4.9,1,1,45.53
Dallas Cowboys,2011,7,16,376,570,66.0,4201,33,5.8,12,2.1,77,7.8,8.0,11.8,262.6,100.1,39,252,6.9,7.1,6.4,4,4,61.74
Atlanta Falcons,2011,8,16,365,594,61.4,4192,29,4.9,13,2.2,80,7.3,7.3,12.0,262.0,91.1,26,173,6.8,6.8,4.2,3,3,61.72
Philadelphia Eagles,2011,9,16,330,554,59.6,4110,22,4.0,25,4.5,73,7.7,6.5,13.0,256.9,78.3,32,166,7.0,5.8,5.5,0,1,-24.82
Pittsburgh Steelers,2011,10,16,341,539,63.3,4054,21,3.9,15,2.8,95,8.0,7.6,12.7,253.4,89.7,42,279,7.0,6.5,7.2,1,1,-9.51
Oakland Raiders,2011,11,16,315,524,60.1,3962,20,3.8,23,4.4,78,7.9,6.6,13.1,247.6,79.4,25,157,7.2,6.1,4.6,1,2,-30.61
Tennessee Titans,2011,12,16,353,584,60.4,3923,22,3.8,14,2.4,80,7.0,6.7,11.7,245.2,84.4,24,190,6.5,6.1,3.9,2,3,-2.36
Carolina Panthers,2011,13,16,312,519,60.1,3829,21,4.0,17,3.3,91,7.9,7.2,13.1,239.3,84.8,35,260,6.9,6.3,6.3,1,1,10.36
Washington Redskins,2011,14,16,346,591,58.5,3773,19,3.2,24,4.1,51,6.9,5.7,11.7,235.8,73.3,41,285,6.0,4.9,6.5,2,2,-96.27
Buffalo Bills,2011,15,16,356,578,61.6,3703,24,4.2,25,4.3,60,6.7,5.6,10.8,231.4,77.0,23,154,6.2,5.1,3.8,2,2,-61.82
Tampa Bay Buccaneers,2011,16,16,365,588,62.1,3650,17,2.9,24,4.1,65,6.5,5.3,10.5,228.1,73.6,32,188,5.9,4.7,5.2,1,2,-121.12
Arizona Cardinals,2011,17,16,307,550,55.8,3567,21,3.8,23,4.2,73,7.2,6.1,12.9,222.9,73.9,54,387,5.9,4.9,8.9,6,6,-55.04
Houston Texans,2011,18,16,288,467,61.7,3506,20,4.3,9,1.9,80,7.9,7.9,12.8,219.1,92.7,33,190,7.0,7.0,6.6,1,3,20.22
Baltimore Ravens,2011,19,16,314,544,57.7,3423,21,3.9,12,2.2,74,6.7,6.5,11.6,213.9,81.7,33,206,5.9,5.7,5.7,2,3,18.28
Cincinnati Bengals,2011,20,16,308,535,57.6,3340,21,3.9,14,2.6,84,6.6,6.2,11.4,208.8,79.6,25,167,6.0,5.6,4.5,5,5,-23.05
New York Jets,2011,21,16,310,547,56.7,3297,26,4.8,18,3.3,74,6.5,5.9,11.4,206.1,78.4,40,245,5.6,5.1,6.8,4,4,-95.61
Seattle Seahawks,2011,22,16,299,509,58.7,3105,15,2.9,14,2.8,61,6.8,6.1,11.5,194.1,77.6,50,339,5.6,5.0,8.9,1,1,-49.87
Miami Dolphins,2011,23,16,280,469,59.7,3091,20,4.3,13,2.8,65,7.3,6.9,12.2,193.2,84.9,52,334,5.9,5.6,10.0,1,1,-32.91
Cleveland Browns,2011,24,16,320,570,56.1,3090,16,2.8,13,2.3,76,5.8,5.3,10.3,193.1,72.8,39,210,5.1,4.6,6.4,1,3,-85.14
Kansas City Chiefs,2011,25,16,299,500,59.8,3080,13,2.6,18,3.6,52,6.6,5.5,11.0,192.5,73.0,34,208,5.8,4.7,6.4,1,2,-71.50
Chicago Bears,2011,26,16,268,473,56.7,3011,18,3.8,20,4.2,81,7.1,5.9,12.5,188.2,73.8,49,335,5.8,4.7,9.4,1,1,-117.67
Indianapolis Colts,2011,27,16,302,534,56.6,2995,14,2.6,14,2.6,87,6.0,5.4,10.7,187.2,72.2,35,228,5.3,4.6,6.2,1,1,-82.24
Minnesota Vikings,2011,28,16,286,510,56.1,2957,20,3.9,17,3.3,72,6.4,5.7,11.4,184.8,74.6,49,298,5.3,4.6,8.8,0,2,-90.24
San Francisco 49ers,2011,29,16,277,451,61.4,2930,18,4.0,5,1.1,56,7.1,7.4,11.5,183.1,91.4,44,263,5.9,6.2,8.9,5,5,-12.98
St. Louis Rams,2011,30,16,292,549,53.2,2870,9,1.6,10,1.8,68,5.9,5.4,11.2,179.4,69.0,55,388,4.8,4.3,9.1,1,1,-155.47
Denver Broncos,2011,31,16,217,429,50.6,2434,20,4.7,13,3.0,56,6.3,5.9,12.5,152.1,73.5,42,274,5.2,4.8,8.9,5,5,-87.83
Jacksonville Jaguars,2011,32,16,240,469,51.2,2179,12,2.6,15,3.2,74,5.4,4.4,10.5,136.2,62.2,44,331,4.2,3.4,8.6,,,-137.83
New Orleans Saints,2012,1,16,423,671,63.0,4997,43,6.4,19,2.8,80,7.7,7.7,12.3,312.3,96.4,26,190,7.2,7.2,3.7,1,2,102.68
Detroit Lions,2012,2,16,445,740,60.1,4927,22,3.0,17,2.3,57,6.9,6.5,11.5,307.9,81.5,29,212,6.4,6.0,3.8,3,3,1.85
Dallas Cowboys,2012,3,16,434,658,66.0,4729,29,4.4,19,2.9,85,7.6,7.2,11.5,295.6,91.3,36,263,6.8,6.4,5.2,5,5,61.50
New England Patriots,2012,4,16,402,641,62.7,4662,34,5.3,9,1.4,83,7.6,8.0,12.0,291.4,97.7,27,182,7.0,7.4,4.0,1,2,190.90
Denver Broncos,2012,5,16,402,588,68.4,4534,37,6.3,11,1.9,71,7.9,8.4,11.6,283.4,105.3,21,137,7.4,7.8,3.4,3,3,172.72
Atlanta Falcons,2012,6,16,422,615,68.6,4509,32,5.2,14,2.3,80,7.7,7.7,11.2,281.8,99.1,28,210,7.0,7.0,4.4,4,6,117.46
Indianapolis Colts,2012,7,16,339,628,54.0,4128,23,3.7,18,2.9,70,7.0,6.4,12.9,258.0,76.4,41,246,6.2,5.6,6.1,4,7,-10.93
Oakland Raiders,2012,8,16,376,629,59.8,4084,24,3.8,16,2.5,64,6.8,6.4,11.4,255.3,82.4,27,208,6.2,5.9,4.1,2,2,-17.81
Green Bay Packers,2012,9,16,374,558,67.0,4049,40,7.2,8,1.4,73,7.8,8.6,11.6,253.1,108.3,51,293,6.6,7.4,8.4,2,3,88.15
Tampa Bay Buccaneers,2012,10,16,311,566,54.9,3983,27,4.8,17,3.0,95,7.3,6.9,13.3,248.9,81.8,26,161,6.7,6.3,4.4,1,1,2.82
Houston Texans,2012,11,16,354,554,63.9,3830,22,4.0,13,2.3,60,7.3,7.0,11.4,239.4,89.2,28,216,6.6,6.3,4.8,2,2,65.61
New York Giants,2012,12,16,323,539,59.9,3825,26,4.8,15,2.8,80,7.4,7.1,12.3,239.1,87.2,20,142,6.8,6.6,3.6,3,3,34.43
Philadelphia Eagles,2012,13,16,367,618,59.4,3791,18,2.9,15,2.4,77,6.6,6.1,11.1,236.9,78.6,48,284,5.7,5.2,7.2,4,4,-88.31
Pittsburgh Steelers,2012,14,16,354,574,61.7,3787,27,4.7,14,2.4,82,7.0,6.8,11.3,236.7,88.1,37,225,6.2,6.1,6.1,3,4,1.60
Baltimore Ravens,2012,15,16,334,560,59.6,3739,22,3.9,11,2.0,61,7.1,7.0,12.0,233.7,86.4,38,257,6.3,6.2,6.4,3,3,84.85
Carolina Panthers,2012,16,16,284,490,58.0,3683,19,3.9,12,2.4,82,8.0,7.7,13.8,230.2,86.5,36,244,7.0,6.7,6.8,1,1,50.12
Cincinnati Bengals,2012,17,16,335,540,62.0,3578,28,5.2,16,3.0,73,7.1,6.8,11.4,223.6,88.1,46,229,6.1,5.8,7.8,2,4,-44.25
St. Louis Rams,2012,18,16,332,557,59.6,3550,22,3.9,14,2.5,80,6.8,6.5,11.4,221.9,82.7,35,233,6.0,5.7,5.9,4,3,-53.35
Cleveland Browns,2012,19,16,328,566,58.0,3435,16,2.8,18,3.2,71,6.5,5.6,11.2,214.7,73.5,36,233,5.7,4.9,6.0,1,1,-72.74
Washington Redskins,2012,20,16,291,442,65.8,3422,24,5.4,8,1.8,88,8.3,8.6,12.6,213.9,102.1,33,244,7.2,7.5,6.9,4,3,42.35
Jacksonville Jaguars,2012,21,16,328,586,56.0,3419,20,3.4,17,2.9,81,6.4,5.8,11.4,213.7,74.7,50,327,5.4,4.8,7.9,1,1,-121.73
Tennessee Titans,2012,22,16,318,540,58.9,3323,17,3.1,16,3.0,71,6.6,5.9,11.2,207.7,76.9,39,254,5.7,5.1,6.7,2,3,-48.58
San Francisco 49ers,2012,23,16,289,436,66.3,3298,23,5.3,8,1.8,57,8.1,8.4,12.3,206.1,101.2,41,253,6.9,7.1,8.6,1,1,31.69
San Diego Chargers,2012,24,16,338,528,64.0,3295,26,4.9,15,2.8,80,6.8,6.5,10.7,205.9,88.5,49,311,5.7,5.4,8.5,,,-19.70
Buffalo Bills,2012,25,16,309,511,60.5,3269,24,4.7,17,3.3,68,6.7,6.2,11.1,204.3,82.2,30,161,6.0,5.5,5.5,0,1,-44.82
Miami Dolphins,2012,26,16,293,504,58.1,3182,13,2.6,13,2.6,80,6.8,6.2,11.7,198.9,76.7,37,243,5.9,5.3,6.8,1,1,-16.92
Seattle Seahawks,2012,27,16,259,405,64.0,3031,27,6.7,10,2.5,67,8.0,8.2,12.5,189.4,100.6,33,203,6.9,7.1,7.5,3,4,56.49
Arizona Cardinals,2012,28,16,337,608,55.4,3005,11,1.8,21,3.5,53,5.6,4.4,10.0,187.8,63.1,58,378,4.5,3.4,8.7,3,3,-197.65
Chicago Bears,2012,29,16,287,485,59.2,2999,21,4.3,16,3.3,60,6.8,6.2,11.5,187.4,80.4,44,299,5.7,5.1,8.3,1,1,-20.74
New York Jets,2012,30,16,272,493,55.2,2891,14,2.8,19,3.9,66,6.4,5.3,11.7,180.7,68.3,47,287,5.4,4.3,8.7,2,2,-97.34
Minnesota Vikings,2012,31,16,300,483,62.1,2751,18,3.7,12,2.5,65,6.1,5.7,9.8,171.9,81.2,32,184,5.3,5.0,6.2,1,2,-31.08
Kansas City Chiefs,2012,32,16,273,475,57.5,2713,8,1.7,20,4.2,57,6.2,4.6,10.8,169.6,63.8,40,224,5.3,3.8,7.8,1,1,-137.23
Denver Broncos,2013,1,16,461,675,68.3,5444,55,8.1,10,1.5,78,8.3,9.2,12.1,340.3,114.4,20,128,7.8,8.8,2.9,2,2,287.73
New Orleans Saints,2013,2,16,446,651,68.5,4918,39,6.0,12,1.8,76,7.9,8.3,11.6,307.4,104.5,37,244,7.1,7.5,5.4,2,2,185.93
Detroit Lions,2013,3,16,371,634,58.5,4482,29,4.6,19,3.0,87,7.3,6.9,12.5,280.1,84.2,23,168,6.8,6.4,3.5,2,3,68.02
San Diego Chargers,2013,4,16,378,544,69.5,4328,32,5.9,11,2.0,60,8.2,8.5,11.8,270.5,105.5,30,150,7.5,7.8,5.2,4,4,198.23
Chicago Bears,2013,5,16,373,579,64.4,4281,32,5.5,13,2.2,80,7.7,7.8,11.9,267.6,96.9,30,169,7.0,7.1,4.9,4,4,82.77
Green Bay Packers,2013,6,16,366,570,64.2,4268,25,4.4,16,2.8,83,8.0,7.6,12.4,266.8,91.7,45,270,6.9,6.6,7.3,4,3,96.35
Atlanta Falcons,2013,7,16,445,659,67.5,4243,26,3.9,17,2.6,81,6.9,6.5,10.2,265.2,89.5,44,298,6.0,5.7,6.3,1,1,78.39
Cincinnati Bengals,2013,8,16,364,587,62.0,4136,33,5.6,20,3.4,82,7.4,6.9,11.9,258.5,89.0,29,182,6.7,6.3,4.7,1,3,76.42
Philadelphia Eagles,2013,9,16,310,508,61.0,4110,32,6.3,9,1.8,70,8.7,9.1,14.2,256.9,102.7,46,296,7.4,7.8,8.3,1,1,112.65
New England Patriots,2013,10,16,380,628,60.5,4087,25,4.0,11,1.8,81,6.9,6.9,11.4,255.4,87.3,40,256,6.1,6.1,6.0,5,5,111.56
Cleveland Browns,2013,11,16,379,681,55.7,4040,26,3.8,20,2.9,95,6.4,5.9,11.5,252.5,75.7,49,332,5.5,5.0,6.7,1,2,-69.51
Pittsburgh Steelers,2013,12,16,377,586,64.3,4017,28,4.8,14,2.4,67,7.3,7.2,11.4,251.1,92.3,43,289,6.4,6.3,6.8,1,3,73.16
Arizona Cardinals,2013,13,16,363,574,63.2,4002,24,4.2,22,3.8,91,7.5,6.6,11.8,250.1,83.9,41,289,6.5,5.7,6.7,3,4,43.51
Dallas Cowboys,2013,14,16,375,586,64.0,3954,33,5.6,12,2.0,82,7.2,7.4,11.3,247.1,95.7,35,272,6.4,6.6,5.6,2,4,75.00
Houston Texans,2013,15,16,371,633,58.6,3813,19,3.0,22,3.5,66,6.6,5.6,11.3,238.3,74.0,42,370,5.6,4.7,6.2,2,2,-67.58
Washington Redskins,2013,16,16,355,611,58.1,3751,20,3.3,19,3.1,62,6.6,5.9,11.4,234.4,76.1,43,306,5.7,5.0,6.6,1,2,-32.07
Indianapolis Colts,2013,17,16,350,582,60.1,3725,23,4.0,10,1.7,73,6.8,6.8,11.3,232.8,86.5,32,227,6.1,6.1,5.2,3,3,86.19
Baltimore Ravens,2013,18,16,363,619,58.6,3590,19,3.1,23,3.7,74,6.3,5.3,10.8,224.4,72.0,48,324,5.4,4.4,7.2,2,4,-9.75
New York Giants,2013,19,16,325,567,57.3,3588,18,3.2,29,5.1,70,6.8,5.2,11.9,224.3,67.6,40,287,5.9,4.4,6.6,1,2,-26.23
Miami Dolphins,2013,20,16,357,594,60.1,3567,24,4.0,19,3.2,67,6.7,6.0,11.1,222.9,80.1,58,399,5.5,4.9,8.9,4,3,18.44
Tennessee Titans,2013,21,16,328,533,61.5,3496,22,4.1,16,3.0,77,7.0,6.4,11.3,218.5,83.6,37,214,6.1,5.6,6.5,3,4,59.04
Jacksonville Jaguars,2013,22,16,349,592,59.0,3441,16,2.7,21,3.5,67,6.3,5.3,10.7,215.1,71.8,50,310,5.4,4.4,7.8,1,1,-67.74
Minnesota Vikings,2013,23,16,325,546,59.5,3427,18,3.3,19,3.5,79,6.7,5.8,11.2,214.2,76.0,44,218,5.8,5.0,7.5,3,2,-4.06
Oakland Raiders,2013,24,16,298,519,57.4,3340,17,3.3,20,3.9,73,7.0,5.9,12.2,208.8,73.9,44,289,5.9,4.9,7.8,,,-30.22
Kansas City Chiefs,2013,25,16,333,546,61.0,3340,24,4.4,8,1.5,71,6.5,6.7,10.7,208.8,88.6,41,221,5.7,5.9,7.0,1,1,58.82
Seattle Seahawks,2013,26,16,267,420,63.6,3236,27,6.4,9,2.1,80,8.4,8.7,13.1,202.3,102.4,44,272,7.0,7.3,9.5,3,4,113.15
St. Louis Rams,2013,27,16,301,506,59.5,3125,22,4.3,11,2.2,81,6.6,6.5,11.2,195.3,84.8,36,235,5.8,5.7,6.6,1,1,19.80
Buffalo Bills,2013,28,16,299,522,57.3,3103,16,3.1,15,2.9,59,6.5,5.8,11.3,193.9,75.0,48,270,5.4,4.8,8.4,2,3,-48.93
Carolina Panthers,2013,29,16,292,473,61.7,3043,24,5.1,13,2.7,79,7.1,6.9,11.6,190.2,88.8,43,336,5.9,5.7,8.3,4,4,64.58
San Francisco 49ers,2013,30,16,244,417,58.5,2979,21,5.0,8,1.9,64,7.7,7.8,13.2,186.2,91.7,39,231,6.5,6.7,8.6,2,3,71.53
New York Jets,2013,31,16,266,480,55.4,2932,13,2.7,22,4.6,69,6.8,5.3,12.3,183.3,66.6,47,338,5.6,4.2,8.9,2,5,-66.96
Tampa Bay Buccaneers,2013,32,16,291,514,56.6,2820,22,4.3,12,2.3,85,6.2,6.0,10.9,176.3,79.6,47,361,5.0,4.8,8.4,2,2,-37.36
Indianapolis Colts,2014,1,16,410,661,62.0,4894,42,6.4,16,2.4,80,7.7,7.8,12.3,305.9,96.8,29,168,7.1,7.3,4.2,1,1,144.43
Pittsburgh Steelers,2014,2,16,411,612,67.2,4825,33,5.4,10,1.6,94,8.2,8.5,12.2,301.6,103.2,33,172,7.5,7.8,5.1,2,3,180.29
New Orleans Saints,2014,3,16,456,659,69.2,4764,33,5.0,17,2.6,69,7.5,7.4,10.9,297.8,97.0,30,188,6.9,6.8,4.4,2,2,147.22
Denver Broncos,2014,4,16,399,607,65.7,4661,40,6.6,15,2.5,86,7.9,8.1,12.0,291.3,101.3,17,118,7.5,7.7,2.7,1,1,162.22
Atlanta Falcons,2014,5,16,418,632,66.1,4553,28,4.4,15,2.4,79,7.5,7.3,11.4,284.6,93.4,31,205,6.9,6.7,4.7,3,3,93.29
Philadelphia Eagles,2014,6,16,384,621,61.8,4356,27,4.3,21,3.4,72,7.4,6.7,11.9,272.3,84.8,32,225,6.7,6.1,4.9,2,3,75.18
New York Giants,2014,7,16,383,607,63.1,4272,30,4.9,14,2.3,80,7.4,7.3,11.7,267.0,92.2,30,198,6.7,6.7,4.7,1,1,84.41
Green Bay Packers,2014,8,16,349,536,65.1,4261,38,7.1,6,1.1,80,8.3,9.2,12.7,266.3,109.9,30,186,7.5,8.4,5.3,1,1,215.46
New England Patriots,2014,9,16,392,609,64.4,4121,34,5.6,9,1.5,69,7.0,7.5,10.9,257.6,97.5,26,170,6.5,6.9,4.1,2,2,187.79
San Diego Chargers,2014,10,16,380,574,66.2,4098,31,5.4,18,3.1,59,7.5,7.2,11.3,256.1,93.4,37,198,6.7,6.4,6.1,3,3,114.61
Washington Redskins,2014,11,16,364,547,66.5,4047,18,3.3,18,3.3,81,8.2,7.3,12.3,252.9,88.8,58,414,6.7,5.9,9.6,1,3,34.27
Detroit Lions,2014,12,16,365,604,60.4,4030,22,3.6,12,2.0,73,7.1,6.9,11.7,251.9,85.9,45,254,6.2,6.1,6.9,5,5,84.73
Baltimore Ravens,2014,13,16,344,554,62.1,3819,27,4.9,12,2.2,80,7.2,7.2,11.6,238.7,91.0,19,167,6.7,6.7,3.3,2,2,159.57
Arizona Cardinals,2014,14,16,320,568,56.3,3808,21,3.7,12,2.1,81,7.0,6.8,12.5,238.0,81.8,28,182,6.4,6.2,4.7,3,3,51.96
Chicago Bears,2014,15,16,396,609,65.0,3792,30,4.9,19,3.1,74,6.6,6.2,10.2,237.0,87.3,41,243,5.8,5.4,6.3,1,1,0.11
Dallas Cowboys,2014,16,16,328,476,68.9,3784,37,7.8,11,2.3,68,8.4,8.9,12.2,236.5,110.9,30,224,7.5,8.0,5.9,3,4,185.49
Miami Dolphins,2014,17,16,394,595,66.2,3729,27,4.5,12,2.0,50,6.8,6.8,10.3,233.1,92.5,46,337,5.8,5.8,7.2,2,1,81.58
Buffalo Bills,2014,18,16,363,579,62.7,3614,23,4.0,13,2.2,84,6.7,6.4,10.6,225.9,86.0,39,242,5.8,5.6,6.3,2,3,18.12
Carolina Panthers,2014,19,16,327,545,60.0,3511,23,4.2,12,2.2,51,7.0,6.9,11.7,219.4,86.2,42,317,6.0,5.8,7.2,3,2,57.94
Cleveland Browns,2014,20,16,274,502,54.6,3465,12,2.4,16,3.2,81,7.3,6.4,13.4,216.6,72.8,31,213,6.5,5.6,5.8,4,4,24.15
Cincinnati Bengals,2014,21,16,323,503,64.2,3421,20,4.0,17,3.4,81,7.1,6.3,11.0,213.8,84.2,23,130,6.5,5.8,4.4,4,3,16.91
Tennessee Titans,2014,22,16,299,513,58.3,3412,20,3.9,16,3.1,80,7.3,6.7,12.5,213.3,81.0,50,326,6.1,5.5,8.9,,,-32.48
St. Louis Rams,2014,23,16,327,515,63.5,3400,20,3.9,16,3.1,63,7.2,6.6,11.3,212.5,84.9,47,295,6.0,5.5,8.4,1,2,1.40
Houston Texans,2014,24,16,295,485,60.8,3352,22,4.5,13,2.7,76,7.1,6.8,11.7,209.5,86.4,26,108,6.6,6.3,5.1,1,1,53.97
Tampa Bay Buccaneers,2014,25,16,301,531,56.7,3297,21,4.0,20,3.8,56,6.8,5.9,12.0,206.1,75.2,52,326,5.7,4.8,8.9,1,1,-19.50
Oakland Raiders,2014,26,16,365,629,58.0,3275,22,3.5,16,2.5,77,5.5,5.0,9.5,204.7,74.4,28,181,5.0,4.6,4.3,1,1,-57.96
Seattle Seahawks,2014,27,16,287,454,63.2,3250,20,4.4,7,1.5,80,7.7,7.9,12.2,203.1,95.1,42,242,6.6,6.7,8.5,1,4,89.42
Minnesota Vikings,2014,28,16,322,517,62.3,3244,17,3.3,18,3.5,87,6.9,6.0,11.1,202.8,79.2,51,322,5.7,4.9,9.0,3,3,7.68
Kansas City Chiefs,2014,29,16,320,493,64.9,3182,18,3.7,6,1.2,70,7.0,7.1,10.7,198.9,92.2,49,246,5.9,6.0,9.0,3,3,59.70
San Francisco 49ers,2014,30,16,292,487,60.0,3063,20,4.1,10,2.1,80,7.0,6.9,11.7,191.4,86.3,52,344,5.7,5.6,9.6,3,2,43.51
Jacksonville Jaguars,2014,31,16,325,557,58.3,3001,15,2.7,18,3.2,63,6.2,5.3,10.6,187.6,72.0,71,450,4.8,4.0,11.3,1,1,-104.40
New York Jets,2014,32,16,287,498,57.6,2946,16,3.2,15,3.0,74,6.4,5.7,11.2,184.1,75.1,47,260,5.4,4.8,8.6,1,2,-16.70
New Orleans Saints,2015,1,16,460,667,69.0,4970,32,4.8,12,1.8,80,7.8,8.0,11.3,310.6,100.6,32,235,7.1,7.3,4.6,1,2,179.28
Arizona Cardinals,2015,2,16,353,562,62.8,4616,35,6.2,13,2.3,68,8.5,8.7,13.5,288.5,100.9,27,159,7.8,8.0,4.6,1,4,201.00
Pittsburgh Steelers,2015,3,16,391,590,66.3,4603,26,4.4,21,3.6,88,8.2,7.5,12.3,287.7,91.2,33,219,7.4,6.7,5.3,2,3,102.05
San Diego Chargers,2015,4,16,442,667,66.3,4591,30,4.5,13,1.9,80,7.3,7.3,11.0,286.9,94.5,40,264,6.5,6.5,5.7,1,2,87.75
New England Patriots,2015,5,16,404,629,64.2,4587,36,5.7,7,1.1,76,7.7,8.3,11.9,286.7,101.9,38,225,6.9,7.5,5.7,2,2,173.24
Atlanta Falcons,2015,6,16,410,621,66.0,4379,21,3.4,17,2.7,70,7.4,6.9,11.2,273.7,87.8,32,223,6.7,6.2,4.9,4,4,123.31
New York Giants,2015,7,16,392,623,62.9,4347,36,5.8,14,2.2,87,7.2,7.4,11.5,271.7,94.5,27,157,6.7,6.8,4.2,1,2,81.80
Baltimore Ravens,2015,8,16,426,676,63.0,4271,21,3.1,21,3.1,50,6.6,5.8,10.4,266.9,79.4,24,178,6.1,5.4,3.4,3,3,11.05
Detroit Lions,2015,9,16,420,632,66.5,4212,33,5.2,14,2.2,57,7.1,7.1,10.6,263.3,95.1,44,251,6.2,6.3,6.5,2,3,78.49
Jacksonville Jaguars,2015,10,16,355,607,58.5,4108,35,5.8,18,3.0,90,7.3,7.1,12.5,256.8,88.1,51,320,6.2,6.1,7.8,3,4,48.17
Washington Redskins,2015,11,16,386,555,69.5,4095,30,5.4,11,2.0,78,7.7,7.9,11.1,255.9,102.0,27,199,7.0,7.2,4.6,2,3,131.48
Philadelphia Eagles,2015,12,16,405,623,65.0,4087,23,3.7,18,2.9,78,7.0,6.4,10.7,255.4,85.6,37,254,6.2,5.7,5.6,0,2,36.96
New York Jets,2015,13,16,362,604,59.9,4057,33,5.5,16,2.6,69,6.9,6.8,11.5,253.6,88.0,22,113,6.5,6.4,3.5,2,3,97.10
Denver Broncos,2015,14,16,368,606,60.7,3970,19,3.1,23,3.8,75,7.0,5.9,11.5,248.1,76.3,39,246,6.2,5.1,6.0,5,5,0.38
Cincinnati Bengals,2015,15,16,334,505,66.1,3923,31,6.1,9,1.8,80,8.1,8.6,12.3,245.2,104.1,32,181,7.3,7.7,6.0,3,3,143.69
Oakland Raiders,2015,16,16,373,605,61.7,3879,34,5.6,14,2.3,68,6.8,6.9,11.1,242.4,91.0,33,250,6.1,6.2,5.2,4,4,56.83
Tampa Bay Buccaneers,2015,17,16,312,535,58.3,3852,22,4.1,15,2.8,68,7.6,7.1,13.0,240.8,84.2,27,190,6.9,6.4,4.8,2,3,78.43
Houston Texans,2015,18,16,358,619,57.8,3833,29,4.7,12,1.9,61,6.6,6.7,11.4,239.6,85.3,36,246,5.9,5.9,5.5,3,3,23.79
Miami Dolphins,2015,19,16,365,588,62.1,3811,24,4.1,12,2.0,54,7.2,7.1,11.6,238.2,88.9,45,420,6.0,5.9,7.1,2,2,27.85
Seattle Seahawks,2015,20,16,333,489,68.1,3790,34,7.0,8,1.6,80,8.3,9.0,12.2,236.9,109.8,46,271,7.1,7.7,8.6,2,2,174.73
Cleveland Browns,2015,21,16,371,609,60.9,3782,20,3.3,12,2.0,61,6.8,6.6,11.2,236.4,84.0,53,374,5.7,5.5,8.0,1,1,4.27
Indianapolis Colts,2015,22,16,355,619,57.4,3704,26,4.2,19,3.1,87,6.3,5.8,11.1,231.5,77.5,37,224,5.6,5.1,5.6,2,4,14.98
Chicago Bears,2015,23,16,334,523,63.9,3663,21,4.0,12,2.3,87,7.3,7.1,11.5,228.9,89.7,34,180,6.6,6.4,6.1,4,4,49.51
Carolina Panthers,2015,24,16,300,501,59.9,3589,35,7.0,10,2.0,74,7.7,8.2,12.9,224.3,99.2,33,284,6.7,7.2,6.2,3,4,104.14
Tennessee Titans,2015,25,16,342,551,62.1,3503,25,4.5,17,3.1,61,7.1,6.6,11.4,218.9,85.5,54,390,5.8,5.4,8.9,2,2,-11.27
Green Bay Packers,2015,26,16,348,573,60.7,3503,31,5.4,8,1.4,65,6.7,7.1,11.0,218.9,92.7,47,322,5.7,6.1,7.6,2,2,91.30
Dallas Cowboys,2015,27,16,334,528,63.3,3471,16,3.0,22,4.2,67,7.0,5.7,11.0,216.9,76.6,33,206,6.2,5.0,5.9,2,3,-28.10
Buffalo Bills,2015,28,16,295,465,63.4,3343,23,4.9,9,1.9,63,7.7,7.9,12.2,208.9,95.6,42,257,6.6,6.7,8.3,1,2,40.41
San Francisco 49ers,2015,29,16,322,526,61.2,3316,16,3.0,12,2.3,76,6.9,6.5,11.3,207.3,82.6,53,330,5.7,5.3,9.2,2,2,-22.67
Kansas City Chiefs,2015,30,16,310,473,65.5,3255,20,4.2,7,1.5,80,7.4,7.6,11.3,203.4,95.4,46,238,6.3,6.4,8.9,1,1,35.53
Minnesota Vikings,2015,31,16,294,454,64.8,2928,14,3.1,9,2.0,52,7.1,6.9,11.0,183.0,87.9,45,318,5.9,5.6,9.0,1,2,18.96
St. Louis Rams,2015,32,16,273,473,57.7,2805,11,2.3,11,2.3,68,6.2,5.6,10.7,175.3,74.1,18,126,5.7,5.2,3.7,1,1,-48.78
New Orleans Saints,2016,1,16,472,674,70.0,5074,38,5.6,15,2.2,98,7.8,7.9,11.1,317.1,102.5,27,184,7.2,7.4,3.9,2,4,116.53
Washington Redskins,2016,2,16,407,607,67.1,4758,25,4.1,12,2.0,80,8.2,8.1,12.2,297.4,97.4,23,190,7.6,7.5,3.7,4,4,147.00
Atlanta Falcons,2016,3,16,374,537,69.6,4725,38,7.1,7,1.3,76,9.2,10.1,13.3,295.3,116.8,37,235,8.2,9.0,6.4,1,2,243.07
New England Patriots,2016,4,16,368,550,66.9,4308,32,5.8,2,0.4,79,8.1,9.1,12.1,269.3,109.5,24,148,7.5,8.5,4.2,2,2,231.01
Indianapolis Colts,2016,5,16,370,584,63.4,4202,32,5.5,15,2.6,64,7.7,7.6,12.1,262.6,94.5,44,289,6.7,6.6,7.0,4,4,102.28
Pittsburgh Steelers,2016,6,16,381,596,63.9,4202,33,5.5,15,2.5,72,7.3,7.3,11.5,262.6,93.9,21,175,6.8,6.8,3.4,3,3,71.45
Green Bay Packers,2016,7,16,403,620,65.0,4199,40,6.5,8,1.3,60,7.2,7.9,11.0,262.4,102.3,35,246,6.4,7.1,5.3,0,2,179.05
San Diego Chargers,2016,8,16,349,580,60.2,4198,33,5.7,21,3.6,59,7.6,7.1,12.6,262.4,87.6,36,188,6.8,6.4,5.8,1,1,62.52
Arizona Cardinals,2016,9,16,383,646,59.3,4136,28,4.3,17,2.6,80,6.8,6.5,11.6,258.5,83.5,41,289,6.0,5.7,6.0,1,3,21.20
Seattle Seahawks,2016,10,16,368,567,64.9,4124,23,4.1,12,2.1,59,7.8,7.7,12.0,257.8,93.4,42,298,6.8,6.6,6.9,4,3,61.78
Detroit Lions,2016,11,16,388,594,65.3,4111,24,4.0,10,1.7,73,7.3,7.3,11.2,256.9,93.3,37,216,6.5,6.6,5.9,8,8,76.12
Baltimore Ravens,2016,12,16,439,679,64.7,4100,20,2.9,16,2.4,95,6.4,5.9,9.9,256.3,82.6,33,243,5.8,5.3,4.6,2,2,-50.35
Oakland Raiders,2016,13,16,379,596,63.6,4051,29,4.9,7,1.2,75,6.9,7.4,10.9,253.2,95.3,18,86,6.6,7.0,2.9,7,7,63.90
Chicago Bears,2016,14,16,347,559,62.1,3969,19,3.4,19,3.4,64,7.4,6.6,11.9,248.1,81.8,28,170,6.8,6.0,4.8,,,-14.33
Cincinnati Bengals,2016,15,16,364,563,64.7,3942,18,3.2,8,1.4,86,7.5,7.5,11.6,246.4,91.8,41,264,6.5,6.5,6.8,2,1,72.64
Tampa Bay Buccaneers,2016,16,16,355,578,61.4,3926,29,5.0,18,3.1,45,7.2,6.8,11.7,245.4,87.0,35,239,6.4,6.0,5.7,1,3,78.88
New York Giants,2016,17,16,377,598,63.0,3879,26,4.3,16,2.7,75,6.7,6.4,10.7,242.4,86.0,22,148,6.3,5.9,3.5,3,6,0.05
Minnesota Vikings,2016,18,16,414,588,70.4,3836,20,3.4,5,0.9,71,7.0,7.3,9.9,239.8,97.7,38,283,6.1,6.4,6.1,1,1,49.94
Kansas City Chiefs,2016,19,16,365,546,66.8,3740,19,3.5,8,1.5,80,7.2,7.2,10.7,233.8,93.2,32,174,6.5,6.5,5.5,3,3,34.94
Jacksonville Jaguars,2016,20,16,369,626,58.9,3728,24,3.8,16,2.6,51,6.3,5.9,10.6,233.0,79.5,34,197,5.6,5.3,5.2,1,1,12.29
Denver Broncos,2016,21,16,339,570,59.5,3685,20,3.5,11,1.9,76,6.9,6.7,11.5,230.3,83.9,40,229,6.0,5.9,6.6,3,2,-9.53
Carolina Panthers,2016,22,16,306,563,54.4,3685,21,3.7,19,3.4,88,7.0,6.3,12.9,230.3,75.1,36,277,6.2,5.4,6.0,,,-12.06
Dallas Cowboys,2016,23,16,325,483,67.3,3631,25,5.2,6,1.2,83,7.9,8.3,11.7,226.9,103.0,28,168,7.1,7.6,5.5,5,5,103.88
Philadelphia Eagles,2016,24,16,380,609,62.4,3585,16,2.6,14,2.3,73,6.2,5.7,10.0,224.1,79.2,33,213,5.6,5.1,5.1,1,1,15.12
Tennessee Titans,2016,25,16,307,504,60.9,3541,29,5.8,11,2.2,60,7.4,7.5,12.1,221.3,93.7,28,179,6.7,6.8,5.3,2,2,42.90
Miami Dolphins,2016,26,16,316,477,66.2,3500,27,5.7,15,3.1,74,7.8,7.5,11.8,218.8,95.5,30,216,6.9,6.6,5.9,4,5,17.75
New York Jets,2016,27,16,311,550,56.5,3466,16,2.9,25,4.5,69,6.6,5.2,11.7,216.6,67.6,35,179,5.9,4.5,6.0,1,1,-61.88
Cleveland Browns,2016,28,16,338,567,59.6,3264,15,2.6,14,2.5,58,6.5,5.9,10.9,204.0,77.4,66,429,5.2,4.6,10.4,,,-9.70
Houston Texans,2016,29,16,347,583,59.5,3176,15,2.6,16,2.7,53,5.9,5.1,9.9,198.5,73.3,32,242,5.2,4.5,5.2,4,4,-28.35
Buffalo Bills,2016,30,16,286,474,60.3,3036,17,3.6,7,1.5,84,6.9,6.9,11.4,189.8,86.7,46,214,5.8,5.9,8.8,1,1,36.85
Los Angeles Rams,2016,31,16,312,536,58.2,2951,14,2.6,20,3.7,66,6.2,5.0,10.6,184.4,69.5,49,362,5.0,4.0,8.4,1,2,-123.49
San Francisco 49ers,2016,32,16,287,491,58.5,2911,21,4.3,10,2.0,75,6.4,6.4,11.0,181.9,83.4,47,255,5.4,5.4,8.7,1,1,-37.65
Los Angeles Chargers,2017,1,16,366,583,62.8,4431,28,4.8,11,1.9,75,7.8,7.9,12.4,276.9,95.1,18,120,7.4,7.5,3.0,2,2,85.54
New England Patriots,2017,2,16,389,587,66.3,4418,32,5.5,8,1.4,64,7.9,8.3,11.9,276.1,102.6,35,201,7.1,7.6,5.6,2,2,197.94
Pittsburgh Steelers,2017,3,16,384,590,65.1,4380,29,4.9,15,2.5,97,7.7,7.5,11.8,273.8,94.1,24,154,7.1,7.0,3.9,3,4,84.45
Tampa Bay Buccaneers,2017,4,16,378,605,62.5,4366,26,4.3,14,2.3,70,7.6,7.4,12.2,272.9,90.6,40,241,6.8,6.6,6.2,2,3,41.13
New Orleans Saints,2017,5,16,386,536,72.0,4189,23,4.3,8,1.5,54,8.1,8.3,11.2,261.8,103.9,20,145,7.5,7.7,3.6,2,2,78.77
Detroit Lions,2017,6,16,374,570,65.6,4183,29,5.1,11,1.9,71,7.8,8.0,12.0,261.4,98.4,47,287,6.8,6.9,7.6,1,4,18.05
Kansas City Chiefs,2017,7,16,363,543,66.9,4104,26,4.8,8,1.5,79,8.0,8.3,11.9,256.5,100.8,37,222,7.1,7.4,6.4,1,4,35.89
Atlanta Falcons,2017,8,16,343,530,64.7,3990,21,4.0,12,2.3,88,7.8,7.6,12.1,249.4,92.4,24,156,7.2,7.0,4.3,2,3,56.35
San Francisco 49ers,2017,9,16,362,607,59.6,3925,15,2.5,15,2.5,83,7.0,6.4,11.7,245.3,78.8,43,310,6.0,5.5,6.6,2,2,-67.29
Los Angeles Rams,2017,10,16,320,518,61.8,3831,28,5.4,7,1.4,94,7.8,8.2,12.6,239.4,98.3,28,192,7.0,7.5,5.1,1,1,44.57
Minnesota Vikings,2017,11,16,357,527,67.7,3753,25,4.7,8,1.5,65,7.5,7.7,11.0,234.6,99.1,27,176,6.8,7.0,4.9,1,3,85.46
Washington Redskins,2017,12,16,347,540,64.3,3751,27,5.0,13,2.4,74,7.6,7.5,11.8,234.4,93.9,41,342,6.5,6.4,7.1,1,4,13.11
Philadelphia Eagles,2017,13,16,341,564,60.5,3737,38,6.7,9,1.6,72,7.0,7.7,11.6,233.6,97.6,36,230,6.2,6.8,6.0,2,3,136.52
Seattle Seahawks,2017,14,16,340,555,61.3,3657,34,6.1,12,2.2,74,7.2,7.4,11.7,228.6,94.4,43,322,6.1,6.3,7.2,2,2,11.73
Arizona Cardinals,2017,15,16,339,598,56.7,3640,21,3.5,18,3.0,52,6.7,6.0,11.7,227.5,76.2,52,339,5.6,5.0,8.0,5,5,-70.67
Oakland Raiders,2017,16,16,347,558,62.2,3631,23,4.1,14,2.5,87,6.7,6.4,10.8,226.9,85.3,24,130,6.2,5.9,4.1,1,1,-30.02
Jacksonville Jaguars,2017,17,16,316,527,60.0,3593,21,4.0,13,2.5,75,7.1,6.7,11.8,224.6,84.4,24,123,6.5,6.2,4.4,1,1,42.05
Miami Dolphins,2017,18,16,373,602,62.0,3535,24,4.0,21,3.5,65,6.3,5.5,10.2,220.9,78.7,33,257,5.6,4.8,5.2,3,4,-54.81
New York Giants,2017,19,16,373,608,61.3,3479,20,3.3,14,2.3,77,6.1,5.7,9.9,217.4,79.8,34,201,5.4,5.1,5.3,0,1,-95.57
Denver Broncos,2017,20,16,332,566,58.7,3333,19,3.4,22,3.9,54,6.5,5.4,11.0,208.3,73.0,52,335,5.4,4.4,8.4,,,-94.36
Houston Texans,2017,21,16,299,525,57.0,3278,28,5.3,17,3.2,72,6.9,6.6,12.2,204.9,82.8,54,366,5.7,5.3,9.3,1,1,-26.24
Cleveland Browns,2017,22,16,312,574,54.4,3228,15,2.6,28,4.9,56,6.2,4.5,11.3,201.8,61.4,50,309,5.2,3.6,8.0,,,-180.26
Tennessee Titans,2017,23,16,306,496,61.7,3191,14,2.8,17,3.4,75,6.8,5.9,11.1,199.4,77.1,35,203,6.0,5.1,6.6,3,4,-59.14
New York Jets,2017,24,16,323,510,63.3,3182,19,3.7,12,2.4,69,6.9,6.6,10.8,198.9,86.1,47,319,5.7,5.4,8.4,1,2,-11.78
Green Bay Packers,2017,25,16,352,562,62.6,3167,25,4.4,18,3.2,72,6.3,5.7,10.0,197.9,81.9,51,365,5.2,4.7,8.3,4,4,-62.02
Dallas Cowboys,2017,26,16,309,493,62.7,3141,22,4.5,13,2.6,81,6.7,6.5,10.8,196.3,86.3,32,185,6.0,5.7,6.1,0,4,-15.90
Cincinnati Bengals,2017,27,16,304,510,59.6,3122,25,4.9,12,2.4,77,6.6,6.6,11.1,195.1,86.0,40,264,5.7,5.6,7.3,3,3,-23.46
Carolina Panthers,2017,28,16,293,501,58.5,3077,22,4.4,16,3.2,64,6.6,6.1,11.3,192.3,79.8,35,242,5.7,5.2,6.5,1,3,-6.15
Baltimore Ravens,2017,29,16,363,567,64.0,3030,20,3.5,13,2.3,66,5.7,5.4,8.9,189.4,81.4,27,205,5.1,4.8,4.5,,,-80.15
Indianapolis Colts,2017,30,16,285,487,58.5,2892,13,2.7,9,1.8,80,6.6,6.3,11.3,180.8,79.7,56,334,5.3,5.1,10.3,0,1,-95.71
Buffalo Bills,2017,31,16,289,476,60.7,2825,16,3.4,10,2.1,47,6.5,6.2,10.7,176.6,82.1,47,261,5.4,5.2,9.0,1,3,-66.00
Chicago Bears,2017,32,16,291,473,61.5,2811,13,2.7,12,2.5,70,6.5,5.9,10.6,175.7,79.1,39,274,5.5,4.9,7.6,0,2,-73.49
Tampa Bay Buccaneers,2018,1,16,408,625,65.3,5125,36,5.8,26,4.2,75,8.6,7.9,13.1,320.3,94.1,41,233,7.7,7.0,6.2,0,1,159.05
Pittsburgh Steelers,2018,2,16,459,689,66.6,5008,35,5.1,17,2.5,97,7.5,7.4,11.3,313.0,95.5,24,166,7.0,6.9,3.4,2,3,161.94
Kansas City Chiefs,2018,3,16,385,583,66.0,4955,50,8.6,12,2.1,89,8.8,9.6,13.3,309.7,113.8,26,171,8.1,8.9,4.3,2,2,266.71
Atlanta Falcons,2018,4,16,428,617,69.4,4653,36,5.8,7,1.1,75,8.0,8.7,11.6,290.8,108.0,42,296,7.1,7.7,6.4,1,1,180.60
Los Angeles Rams,2018,5,16,368,568,64.8,4507,32,5.6,12,2.1,70,8.3,8.5,12.9,281.7,100.7,33,223,7.5,7.7,5.5,4,4,173.99
Indianapolis Colts,2018,6,16,432,644,67.1,4461,39,6.1,15,2.3,68,7.1,7.3,10.6,278.8,98.2,18,134,6.7,6.9,2.7,3,3,148.05
Philadelphia Eagles,2018,7,16,422,599,70.5,4275,29,4.8,11,1.8,83,7.6,7.7,10.7,267.2,100.7,40,249,6.7,6.8,6.3,4,4,129.50
New England Patriots,2018,8,16,378,574,65.9,4258,29,5.1,11,1.9,63,7.7,7.8,11.7,266.1,97.8,21,147,7.2,7.3,3.5,1,2,194.27
Green Bay Packers,2018,9,16,392,640,61.3,4238,25,3.9,4,0.6,75,7.2,7.7,11.8,264.9,93.7,53,391,6.1,6.6,7.6,3,3,71.30
Los Angeles Chargers,2018,10,16,348,512,68.0,4089,32,6.3,12,2.3,75,8.4,8.6,12.4,255.6,104.9,34,227,7.5,7.7,6.2,3,3,168.12
New York Giants,2018,11,16,382,583,65.5,4047,23,3.9,12,2.1,58,7.6,7.4,11.5,252.9,92.7,47,358,6.4,6.3,7.5,1,2,77.66
New Orleans Saints,2018,12,16,381,519,73.4,4042,33,6.4,7,1.3,72,8.0,8.7,11.0,252.6,112.3,20,132,7.5,8.1,3.7,6,7,215.12
Minnesota Vikings,2018,13,16,425,606,70.1,4036,30,5.0,10,1.7,75,7.1,7.3,10.1,252.3,99.7,40,262,6.2,6.5,6.2,1,0,52.77
Cleveland Browns,2018,14,16,353,574,61.5,4007,29,5.1,17,3.0,71,7.4,7.1,12.1,250.4,88.8,38,254,6.5,6.2,6.2,4,4,48.28
San Francisco 49ers,2018,15,16,331,532,62.2,3867,26,4.9,20,3.8,85,8.0,7.3,12.8,241.7,87.8,48,380,6.7,6.0,8.3,0,1,61.30
Carolina Panthers,2018,16,16,378,563,67.1,3836,28,5.0,16,2.8,82,7.2,6.9,10.8,239.8,92.9,32,235,6.4,6.2,5.4,2,2,80.29
Houston Texans,2018,17,16,345,506,68.2,3781,26,5.1,9,1.8,73,8.2,8.5,12.1,236.3,102.9,62,384,6.7,6.9,10.9,5,5,109.94
Oakland Raiders,2018,18,16,382,556,68.7,3751,19,3.4,10,1.8,66,7.3,7.2,10.6,234.4,93.6,52,306,6.2,6.1,8.6,3,3,30.85
Denver Broncos,2018,19,16,367,588,62.4,3695,19,3.2,15,2.6,64,6.7,6.2,10.7,230.9,82.1,34,235,5.9,5.5,5.5,3,4,26.00
Detroit Lions,2018,20,16,375,574,65.3,3576,22,3.8,12,2.1,67,6.7,6.5,10.3,223.5,88.5,41,268,5.8,5.7,6.7,0,1,67.19
Chicago Bears,2018,21,16,344,512,67.2,3564,28,5.5,14,2.7,70,7.3,7.2,10.9,222.8,95.4,33,183,6.5,6.4,6.1,2,2,97.62
Baltimore Ravens,2018,22,16,334,556,60.1,3558,18,3.2,9,1.6,74,6.7,6.6,11.1,222.4,84.0,32,150,6.1,6.0,5.4,0,1,61.49
Dallas Cowboys,2018,23,16,356,527,67.6,3538,22,4.2,8,1.5,90,7.4,7.5,10.9,221.1,96.7,56,347,6.1,6.2,9.6,3,5,64.95
Cincinnati Bengals,2018,24,16,331,542,61.1,3290,27,5.0,13,2.4,49,6.6,6.5,10.8,205.6,87.0,37,279,5.7,5.6,6.4,3,4,65.06
New York Jets,2018,25,16,299,524,57.1,3165,18,3.4,19,3.6,76,6.5,5.6,11.4,197.8,73.0,37,239,5.6,4.8,6.6,1,1,-40.27
Jacksonville Jaguars,2018,26,16,329,536,61.4,3109,15,2.8,13,2.4,80,6.4,5.9,10.4,194.3,79.1,53,322,5.3,4.8,9.0,0,1,-65.36
Seattle Seahawks,2018,27,16,280,427,65.6,3093,35,8.2,7,1.6,66,8.1,9.0,12.3,193.3,110.9,51,355,6.5,7.3,10.7,2,4,114.50
Washington Redskins,2018,28,16,311,509,61.1,3021,16,3.1,15,2.9,79,6.5,5.8,10.6,188.8,78.1,44,266,5.5,4.8,8.0,1,1,-24.87
Tennessee Titans,2018,29,16,293,437,67.0,2975,16,3.7,12,2.7,66,7.4,6.9,11.1,185.9,89.8,47,280,6.1,5.7,9.7,4,5,16.34
Miami Dolphins,2018,30,16,292,455,64.2,2900,26,5.7,13,2.9,75,7.3,7.1,11.3,181.3,93.0,52,409,5.7,5.6,10.3,4,4,-19.71
Buffalo Bills,2018,31,16,271,499,54.3,2794,13,2.6,23,4.6,75,6.2,4.6,11.4,174.6,62.6,41,288,5.2,3.7,7.6,2,3,-88.45
Arizona Cardinals,2018,32,16,283,495,57.2,2523,15,3.0,18,3.6,75,5.8,4.8,10.2,157.7,69.0,52,361,4.6,3.7,9.5,1,2,-106.25
Tampa Bay Buccaneers,2019,1,16,382,630,60.6,4845,33,5.2,30,4.8,71,8.1,7.0,13.4,302.8,84.1,47,282,7.2,6.1,6.9,2,2,95.89
Dallas Cowboys,2019,2,16,388,597,65.0,4751,30,5.0,11,1.8,62,8.2,8.4,12.6,296.9,99.5,23,151,7.7,7.8,3.7,,,179.23
Atlanta Falcons,2019,3,16,459,684,67.1,4714,29,4.2,15,2.2,93,7.4,7.2,11.0,294.6,93.8,50,335,6.4,6.3,6.8,3,2,129.42
Los Angeles Rams,2019,4,16,397,632,62.8,4499,22,3.5,17,2.7,66,7.4,6.9,11.8,281.2,85.6,22,170,6.9,6.4,3.4,1,2,88.77
Kansas City Chiefs,2019,5,16,378,576,65.6,4498,30,5.2,5,0.9,83,8.1,8.8,12.4,281.1,104.4,25,192,7.5,8.1,4.2,2,2,247.81
Los Angeles Chargers,2019,6,16,394,597,66.0,4426,24,4.0,20,3.4,84,7.8,7.1,11.8,276.6,89.0,34,222,7.0,6.3,5.4,1,2,118.36
New Orleans Saints,2019,7,16,418,581,71.9,4244,36,6.2,6,1.0,61,7.6,8.4,10.6,265.3,110.2,25,187,7.0,7.7,4.1,2,4,180.79
New England Patriots,2019,8,16,378,620,61.0,3961,25,4.0,9,1.5,59,6.7,6.9,11.0,247.6,88.2,28,192,6.1,6.3,4.3,1,1,77.78
Oakland Raiders,2019,9,16,367,523,70.2,3926,22,4.2,8,1.5,75,7.9,8.0,11.2,245.4,101.0,29,184,7.1,7.3,5.3,2,3,109.15
Detroit Lions,2019,10,16,344,571,60.2,3900,28,4.9,15,2.6,75,7.3,7.1,12.2,243.8,88.2,43,287,6.4,6.2,7.0,2,1,69.11
Philadelphia Eagles,2019,11,16,391,613,63.8,3833,27,4.4,8,1.3,53,6.6,6.9,10.4,239.6,92.1,37,230,5.9,6.2,5.7,2,4,81.78
Miami Dolphins,2019,12,16,371,615,60.3,3804,22,3.6,18,2.9,51,6.7,6.1,11.1,237.8,80.0,58,313,5.7,5.1,8.6,3,4,35.26
San Francisco 49ers,2019,13,16,331,478,69.2,3792,28,5.9,13,2.7,75,8.4,8.4,12.2,237.0,103.1,36,237,7.4,7.3,7.0,4,4,149.98
Seattle Seahawks,2019,14,16,341,517,66.0,3791,31,6.0,6,1.2,60,7.9,8.6,12.1,236.9,105.3,48,319,6.7,7.3,8.5,4,5,135.88
Houston Texans,2019,15,16,355,534,66.5,3783,27,5.1,14,2.6,54,7.6,7.5,11.5,236.4,95.3,49,300,6.5,6.3,8.4,3,5,120.55
Jacksonville Jaguars,2019,16,16,364,589,61.8,3760,24,4.1,8,1.4,70,6.8,7.0,11.1,235.0,90.0,42,263,6.0,6.1,6.7,3,3,22.45
Green Bay Packers,2019,17,16,356,573,62.1,3733,26,4.5,4,0.7,74,7.0,7.6,11.3,233.3,95.3,36,284,6.1,6.7,5.9,2,3,133.36
New York Giants,2019,18,16,376,607,61.9,3731,30,4.9,17,2.8,75,6.7,6.4,10.8,233.2,86.4,43,339,5.7,5.5,6.6,1,2,1.19
Cincinnati Bengals,2019,19,16,356,616,57.8,3652,18,2.9,16,2.6,66,6.5,5.9,11.2,228.3,76.2,48,342,5.5,5.0,7.2,,,-25.99
Carolina Panthers,2019,20,16,382,633,60.3,3650,17,2.7,21,3.3,52,6.5,5.6,10.8,228.1,74.7,58,484,5.3,4.4,8.4,0,1,-12.64
Tennessee Titans,2019,21,16,297,448,66.3,3582,29,6.5,8,1.8,91,8.8,9.3,13.3,223.9,108.3,56,374,7.1,7.5,11.1,2,3,94.26
Cleveland Browns,2019,22,16,318,539,59.0,3554,22,4.1,21,3.9,89,7.1,6.2,12.1,222.1,78.4,41,293,6.1,5.3,7.1,1,1,31.79
Minnesota Vikings,2019,23,16,319,466,68.5,3523,26,5.6,8,1.7,66,8.0,8.3,11.7,220.2,103.9,28,206,7.1,7.5,5.7,1,1,124.69
Arizona Cardinals,2019,24,16,355,554,64.1,3477,20,3.6,12,2.2,88,6.9,6.6,10.7,217.3,87.0,50,320,5.8,5.5,8.3,1,2,35.16
Chicago Bears,2019,25,16,371,580,64.0,3291,20,3.4,12,2.1,53,6.2,5.9,9.6,205.7,83.9,45,282,5.3,5.0,7.2,3,3,9.95
Buffalo Bills,2019,26,16,299,513,58.3,3229,21,4.1,12,2.3,53,6.8,6.5,11.6,201.8,82.8,40,247,5.8,5.6,7.2,4,5,14.89
Baltimore Ravens,2019,27,16,289,440,65.7,3225,37,8.4,8,1.8,83,7.6,8.5,11.6,201.6,109.0,28,125,6.9,7.7,6.0,1,2,149.06
Denver Broncos,2019,28,16,312,504,61.9,3115,16,3.2,10,2.0,75,6.7,6.5,10.9,194.7,84.1,41,286,5.7,5.5,7.5,1,2,12.57
New York Jets,2019,29,16,323,521,62.0,3111,19,3.6,16,3.1,92,6.6,6.0,10.7,194.4,80.6,52,332,5.4,4.8,9.1,2,3,-54.05
Indianapolis Colts,2019,30,16,307,513,59.8,3108,22,4.3,10,1.9,50,6.5,6.4,10.8,194.3,85.0,32,206,5.7,5.7,5.9,2,2,51.76
Pittsburgh Steelers,2019,31,16,315,510,61.8,2981,18,3.5,19,3.7,79,6.3,5.3,10.2,186.3,76.1,32,233,5.5,4.6,5.9,1,2,-6.50
Washington Redskins,2019,32,16,298,479,62.2,2812,18,3.8,13,2.7,75,6.7,6.2,10.8,175.8,83.0,50,393,5.3,4.9,9.5,1,1,-45.16
Kansas City Chiefs,2020,1,16,420,630,66.7,4854,40,6.3,7,1.1,75,7.9,8.7,11.9,303.4,107.3,24,151,7.4,8.2,3.7,3,3,255.89
Tampa Bay Buccaneers,2020,2,16,410,626,65.5,4626,42,6.7,12,1.9,50,7.6,8.1,11.6,289.1,102.8,22,150,7.1,7.6,3.4,3,3,269.68
Buffalo Bills,2020,3,16,410,596,68.8,4620,40,6.7,11,1.8,56,8.0,8.5,11.7,288.8,107.6,27,166,7.4,7.9,4.3,2,3,239.80
Houston Texans,2020,4,16,383,546,70.1,4538,33,6.0,7,1.3,77,8.9,9.5,12.6,283.6,112.3,50,305,7.6,8.2,8.4,,,167.25
Atlanta Falcons,2020,5,16,408,628,65.0,4363,27,4.3,11,1.8,63,7.4,7.4,11.3,272.7,93.9,41,257,6.5,6.6,6.1,,,155.83
Los Angeles Chargers,2020,6,16,413,627,65.9,4329,31,4.9,10,1.6,72,7.3,7.5,11.0,270.6,97.0,34,219,6.5,6.8,5.1,2,4,155.91
Las Vegas Raiders,2020,7,16,369,551,67.0,4217,28,5.1,10,1.8,85,8.0,8.2,11.9,263.6,100.4,28,166,7.3,7.5,4.8,3,5,133.30
Dallas Cowboys,2020,8,16,413,639,64.6,4161,25,3.9,13,2.0,69,7.1,6.9,10.9,260.1,89.9,44,350,6.1,6.0,6.4,3,4,48.16
Green Bay Packers,2020,9,16,372,526,70.7,4106,48,9.1,5,1.0,78,8.2,9.6,11.6,256.6,121.5,21,193,7.5,8.9,3.8,1,2,256.47
Detroit Lions,2020,10,16,374,582,64.3,4104,27,4.6,13,2.2,73,7.6,7.5,11.8,256.5,93.3,42,293,6.6,6.5,6.7,3,4,117.49
Indianapolis Colts,2020,11,16,371,552,67.2,4053,24,4.3,11,2.0,55,7.6,7.6,11.3,253.3,95.9,21,133,7.1,7.0,3.7,2,3,166.22
San Francisco 49ers,2020,12,16,371,570,65.1,4033,25,4.4,17,3.0,76,7.6,7.1,11.6,252.1,90.1,39,287,6.6,6.2,6.4,1,1,86.06
Los Angeles Rams,2020,13,16,392,590,66.4,4014,20,3.4,14,2.4,56,7.1,6.7,10.7,250.9,88.4,25,169,6.5,6.2,4.1,0,1,71.12
Minnesota Vikings,2020,14,16,349,516,67.6,4009,35,6.8,13,2.5,71,8.3,8.5,12.2,250.6,105.0,39,256,7.2,7.4,7.0,1,3,140.98
Pittsburgh Steelers,2020,15,16,428,656,65.2,4003,35,5.3,11,1.7,84,6.3,6.6,9.6,250.2,93.5,14,126,6.0,6.3,2.1,4,4,138.47
Seattle Seahawks,2020,16,16,388,563,68.9,3941,40,7.1,13,2.3,62,7.5,7.9,10.9,246.3,105.0,48,304,6.5,6.8,7.9,3,3,117.25
Arizona Cardinals,2020,17,16,387,575,67.3,3916,27,4.7,13,2.3,80,7.1,7.1,10.6,244.8,94.1,29,186,6.5,6.4,4.8,3,4,74.08
Carolina Panthers,2020,18,16,373,550,67.8,3888,16,2.9,16,2.9,75,7.5,6.8,11.1,243.0,87.5,36,241,6.6,6.0,6.1,,,60.94
New Orleans Saints,2020,19,16,370,522,70.9,3758,28,5.4,8,1.5,52,7.6,7.9,10.7,234.9,104.1,29,187,6.8,7.2,5.3,1,3,124.81
Miami Dolphins,2020,20,16,370,559,66.2,3736,24,4.3,13,2.3,70,7.0,6.9,10.6,233.5,91.2,34,201,6.3,6.1,5.7,3,3,89.14
Jacksonville Jaguars,2020,21,16,387,616,62.8,3699,25,4.1,16,2.6,73,6.4,6.1,10.2,231.2,83.9,44,256,5.6,5.3,6.7,1,1,3.97
Chicago Bears,2020,22,16,402,614,65.5,3655,26,4.2,16,2.6,53,6.4,6.1,9.8,228.4,86.5,36,270,5.6,5.3,5.5,3,3,37.48
Tennessee Titans,2020,23,16,316,485,65.2,3653,33,6.8,7,1.4,75,7.9,8.6,12.1,228.3,105.9,25,173,7.2,7.8,4.9,5,6,191.17
Cleveland Browns,2020,24,16,315,501,62.9,3539,27,5.4,8,1.6,75,7.4,7.7,11.7,221.2,96.6,26,162,6.7,7.1,4.9,2,2,130.48
Washington Football Team,2020,25,16,389,601,64.7,3465,16,2.7,16,2.7,68,6.3,5.7,9.8,216.6,80.1,50,331,5.3,4.7,7.7,2,2,-22.49
Denver Broncos,2020,26,16,317,556,57.0,3451,21,3.8,23,4.1,92,6.6,5.5,11.6,215.7,72.5,32,222,5.9,4.8,5.4,2,2,3.23
Cincinnati Bengals,2020,27,16,372,581,64.0,3448,19,3.3,11,1.9,72,6.5,6.3,10.2,215.5,85.7,48,345,5.5,5.3,7.6,1,1,28.77
Philadelphia Eagles,2020,28,16,334,598,55.9,3327,22,3.7,20,3.3,81,6.2,5.5,11.2,207.9,72.9,65,401,5.0,4.3,9.8,3,2,-18.65
New York Giants,2020,29,16,321,517,62.1,3026,12,2.3,11,2.1,53,6.5,6.0,10.4,189.1,79.6,50,310,5.3,4.9,8.8,0,0,-11.80
New England Patriots,2020,30,16,283,440,64.3,2890,12,2.7,14,3.2,50,7.1,6.2,11.0,180.6,81.1,37,234,6.1,5.2,7.8,1,3,4.99
New York Jets,2020,31,16,292,499,58.5,2796,16,3.2,14,2.8,69,6.2,5.6,10.7,174.8,75.9,43,319,5.2,4.6,7.9,,,-43.13
Baltimore Ravens,2020,32,16,257,406,63.3,2739,27,6.7,11,2.7,70,7.2,7.3,11.4,171.2,95.7,32,180,6.3,6.4,7.3,1,1,36.43
Las Vegas Raiders,2021,1,2,62,93,66.7,782,4,4.3,1,1.1,61,8.8,9.2,13.2,391.0,104.1,5,35,8.0,8.3,5.1,1,1,38.00
Kansas City Chiefs,2021,2,2,51,67,76.1,667,6,9.0,1,1.5,75,10.1,11.3,13.3,333.5,131.4,2,13,9.7,10.8,2.9,1,1,45.17
Arizona Cardinals,2021,3,2,50,68,73.5,651,7,10.3,3,4.4,77,10.1,10.2,13.8,325.5,121.5,5,38,8.9,9.0,6.8,1,1,9.00
Los Angeles Chargers,2021,4,2,62,88,70.5,647,2,2.3,3,3.4,42,7.7,6.6,10.9,323.5,86.1,4,28,7.0,6.0,4.3,1,1,16.45
Tampa Bay Buccaneers,2021,5,2,56,86,65.1,638,9,10.5,2,2.3,47,7.6,8.7,11.7,319.0,113.3,3,17,7.2,8.2,3.4,1,1,20.02
Dallas Cowboys,2021,6,2,65,85,76.5,612,3,3.5,2,2.4,48,7.5,7.2,9.8,306.0,99.1,3,28,7.0,6.6,3.4,0,1,25.64
Los Angeles Rams,2021,7,2,39,56,69.6,582,5,8.9,1,1.8,67,10.7,11.7,15.4,291.0,127.0,2,17,10.0,11.0,3.4,1,1,36.83
Minnesota Vikings,2021,8,2,59,82,72.0,578,5,6.1,0,0.0,64,7.4,8.6,10.3,289.0,113.2,4,28,6.7,7.9,4.7,,,23.43
Carolina Panthers,2021,9,2,50,73,68.5,564,3,4.1,1,1.4,57,8.0,8.2,11.7,282.0,100.5,3,20,7.4,7.6,3.9,,,23.68
Seattle Seahawks,2021,10,2,40,54,74.1,561,6,11.1,0,0.0,69,11.1,13.3,14.9,280.5,146.9,6,36,9.4,11.4,10.0,,,25.84
Denver Broncos,2021,11,2,54,70,77.1,557,4,5.7,0,0.0,55,8.5,9.6,11.0,278.5,120.7,5,35,7.4,8.5,6.7,,,30.88
Detroit Lions,2021,12,2,64,93,68.8,550,5,5.4,2,2.2,46,6.3,6.4,9.1,275.0,94.6,4,34,5.7,5.8,4.1,,,3.69
Houston Texans,2021,13,2,39,62,62.9,509,4,6.5,1,1.6,52,8.4,8.9,13.3,254.5,104.1,2,9,8.0,8.5,3.1,,,28.82
Cleveland Browns,2021,14,2,40,49,81.6,503,1,2.0,2,4.1,44,10.9,9.5,13.4,251.5,101.9,4,31,9.5,8.2,7.5,,,17.00
San Francisco 49ers,2021,15,2,40,56,71.4,500,3,5.4,0,0.0,79,9.1,10.1,12.7,250.0,117.3,1,8,8.8,9.8,1.8,,,26.98
Tennessee Titans,2021,16,2,49,76,64.5,482,1,1.3,1,1.3,51,7.4,7.1,11.5,241.0,85.7,9,83,5.7,5.4,10.6,1,1,0.81
New York Giants,2021,17,2,44,69,63.8,482,2,2.9,0,0.0,42,7.5,8.1,11.7,241.0,96.0,6,34,6.4,7.0,8.0,,,16.42
Pittsburgh Steelers,2021,18,2,45,72,62.5,469,2,2.8,1,1.4,52,6.7,6.6,10.7,234.5,85.6,4,14,6.2,6.1,5.3,1,1,10.08
Indianapolis Colts,2021,19,2,47,74,63.5,468,3,4.1,2,2.7,42,7.1,6.7,11.1,234.0,86.7,6,55,5.9,5.5,7.5,,,8.80
Washington Football Team,2021,20,2,48,67,71.6,453,3,4.5,1,1.5,56,7.0,7.3,9.8,226.5,99.8,2,18,6.6,6.8,2.9,1,1,7.72
Baltimore Ravens,2021,21,2,37,56,66.1,447,2,3.6,2,3.6,49,8.5,7.6,12.8,223.5,89.4,4,27,7.5,6.6,6.7,1,1,9.73
Philadelphia Eagles,2021,22,2,39,59,66.1,438,3,5.1,0,0.0,91,7.7,8.7,11.6,219.0,106.2,3,16,7.1,8.0,4.8,,,17.83
Jacksonville Jaguars,2021,23,2,42,84,50.0,433,4,4.8,5,6.0,41,5.4,3.6,10.7,216.5,57.1,2,17,5.0,3.3,2.3,,,-7.03
Atlanta Falcons,2021,24,2,56,83,67.5,429,2,2.4,3,3.6,24,5.6,4.4,8.3,214.5,74.6,4,35,4.9,3.8,4.6,,,-16.44
New England Patriots,2021,25,2,51,69,73.9,427,1,1.4,0,0.0,32,6.8,7.1,9.2,213.5,96.7,4,40,5.8,6.1,5.5,,,7.83
Buffalo Bills,2021,26,2,47,84,56.0,425,3,3.6,1,1.2,41,5.3,5.5,9.6,212.5,77.9,4,24,4.8,5.0,4.5,,,-2.99
Green Bay Packers,2021,27,2,42,62,67.7,413,4,6.5,2,3.2,50,7.4,7.2,10.9,206.5,97.2,5,43,6.2,6.0,7.5,,,11.76
Cincinnati Bengals,2021,28,2,39,57,68.4,396,4,7.0,3,5.3,50,8.2,7.2,12.0,198.0,94.8,9,72,6.0,5.2,13.6,0,1,-9.56
New York Jets,2021,29,2,39,70,55.7,391,2,2.9,5,7.1,40,6.7,4.0,12.0,195.5,56.1,10,77,4.9,2.6,12.5,,,-19.12
Miami Dolphins,2021,30,2,41,71,57.7,330,1,1.4,2,2.8,36,5.4,4.4,9.4,165.0,65.7,8,54,4.2,3.3,10.1,,,-18.95
Chicago Bears,2021,31,2,44,64,68.8,271,1,1.6,2,3.1,21,5.2,4.1,7.5,135.5,73.2,6,61,3.9,2.9,8.6,,,-8.05
New Orleans Saints,2021,32,2,26,43,60.5,231,5,11.6,2,4.7,55,6.1,6.3,10.1,115.5,97.2,4,31,4.9,5.1,8.5,,,4.05
