Tm,Year,Rk,G,Att,Yds,TD,Lng,Y/A,Y/G,Fmb,EXP
Atlanta Falcons,2006,1,16,537,2939,9,90,5.5,183.7,18,-23.87
San Diego Chargers,2006,2,16,522,2578,32,85,4.9,161.1,19,-24.15
Jacksonville Jaguars,2006,3,16,513,2541,23,76,5.0,158.8,16,-16.46
Washington Redskins,2006,4,16,490,2216,13,38,4.5,138.5,20,-42.65
Tennessee Titans,2006,5,16,469,2214,15,70,4.7,138.4,29,-61.05
San Francisco 49ers,2006,6,16,438,2172,12,72,5.0,135.8,24,-88.24
New York Giants,2006,7,16,455,2156,14,55,4.7,134.8,23,-38.68
Denver Broncos,2006,8,16,488,2152,12,72,4.4,134.5,29,-49.57
Kansas City Chiefs,2006,9,16,513,2143,17,47,4.2,133.9,25,-65.39
Pittsburgh Steelers,2006,10,16,469,1992,16,76,4.2,124.5,27,-65.62
Philadelphia Eagles,2006,11,16,416,1984,13,71,4.8,124.0,26,-32.86
New England Patriots,2006,12,16,499,1969,20,50,3.9,123.1,27,-95.59
Dallas Cowboys,2006,13,16,472,1936,21,77,4.1,121.0,21,-74.83
Seattle Seahawks,2006,14,16,484,1923,8,37,4.0,120.2,21,-114.29
Chicago Bears,2006,15,16,503,1918,14,30,3.8,119.9,26,-68.43
Minnesota Vikings,2006,16,16,442,1820,12,95,4.1,113.8,31,-74.00
St. Louis Rams,2006,17,16,424,1805,13,59,4.3,112.8,20,-55.02
Indianapolis Colts,2006,18,16,439,1762,17,41,4.0,110.1,13,-83.82
New Orleans Saints,2006,19,16,472,1761,19,57,3.7,110.1,23,-107.78
New York Jets,2006,20,16,491,1738,15,32,3.5,108.6,21,-130.96
Houston Texans,2006,21,16,431,1685,13,35,3.9,105.3,28,-36.94
Miami Dolphins,2006,22,16,402,1673,7,55,4.2,104.6,19,-80.13
Green Bay Packers,2006,23,16,431,1663,9,70,3.9,103.9,25,-101.20
Carolina Panthers,2006,24,16,423,1659,7,43,3.9,103.7,21,-75.46
Baltimore Ravens,2006,25,16,476,1637,11,52,3.4,102.3,21,-124.62
Cincinnati Bengals,2006,26,16,435,1629,14,22,3.7,101.8,25,-83.75
Buffalo Bills,2006,27,16,420,1552,9,57,3.7,97.0,28,-80.45
Tampa Bay Buccaneers,2006,28,16,404,1523,6,38,3.8,95.2,27,-85.05
Oakland Raiders,2006,29,16,394,1519,5,59,3.9,94.9,32,-127.43
Arizona Cardinals,2006,30,16,419,1338,12,18,3.2,83.6,31,-102.27
Cleveland Browns,2006,31,16,372,1335,7,33,3.6,83.4,23,-119.96
Detroit Lions,2006,32,16,304,1129,9,52,3.7,70.6,26,-96.32
Minnesota Vikings,2007,1,16,494,2634,22,84,5.3,164.6,27,-5.46
Jacksonville Jaguars,2007,2,16,522,2391,18,80,4.6,149.4,18,-53.47
Pittsburgh Steelers,2007,3,16,511,2168,9,45,4.2,135.5,21,-40.83
New York Giants,2007,4,16,469,2148,15,88,4.6,134.3,26,-62.52
Tennessee Titans,2007,5,16,543,2109,17,42,3.9,131.8,32,-111.09
Oakland Raiders,2007,6,16,508,2086,11,48,4.1,130.4,42,-87.37
San Diego Chargers,2007,7,16,485,2039,19,74,4.2,127.4,17,-77.34
Philadelphia Eagles,2007,8,16,421,1974,12,40,4.7,123.4,24,-29.36
Denver Broncos,2007,9,16,429,1957,10,62,4.6,122.3,30,-68.61
Cleveland Browns,2007,10,16,440,1895,13,66,4.3,118.4,22,-49.73
Tampa Bay Buccaneers,2007,11,16,449,1872,15,31,4.2,117.0,18,-58.11
Washington Redskins,2007,12,16,498,1871,15,32,3.8,116.9,35,-158.70
New England Patriots,2007,13,16,451,1849,17,59,4.1,115.6,14,-66.44
Carolina Panthers,2007,14,16,451,1824,7,75,4.0,114.0,25,-84.83
Buffalo Bills,2007,15,16,448,1800,8,56,4.0,112.5,20,-69.26
Baltimore Ravens,2007,16,16,446,1797,11,46,4.0,112.3,35,-97.29
Dallas Cowboys,2007,17,16,419,1746,14,54,4.2,109.1,21,-41.38
Indianapolis Colts,2007,18,16,446,1706,19,23,3.8,106.6,14,-67.18
New York Jets,2007,19,16,446,1701,6,49,3.8,106.3,20,-63.21
Seattle Seahawks,2007,20,16,430,1619,9,46,3.8,101.2,21,-114.02
Green Bay Packers,2007,21,16,388,1597,13,66,4.1,99.8,25,-93.55
Houston Texans,2007,22,16,417,1586,12,41,3.8,99.1,26,-35.73
Miami Dolphins,2007,23,16,389,1569,14,60,4.0,98.1,25,-40.55
Cincinnati Bengals,2007,24,16,416,1556,10,45,3.7,97.3,20,-67.12
St. Louis Rams,2007,25,16,404,1527,5,54,3.8,95.4,25,-69.27
Atlanta Falcons,2007,26,16,385,1520,7,67,3.9,95.0,18,-77.20
San Francisco 49ers,2007,27,16,357,1477,8,43,4.1,92.3,36,-64.91
New Orleans Saints,2007,28,16,392,1466,14,26,3.7,91.6,25,-82.53
Arizona Cardinals,2007,29,16,402,1440,9,27,3.6,90.0,27,-100.69
Chicago Bears,2007,30,16,423,1330,8,43,3.1,83.1,34,-75.71
Detroit Lions,2007,31,16,324,1288,13,53,4.0,80.5,35,-66.00
Kansas City Chiefs,2007,32,16,383,1248,6,54,3.3,78.0,22,-66.24
New York Giants,2008,1,16,502,2518,19,77,5.0,157.4,18,-58.58
Atlanta Falcons,2008,2,16,560,2443,23,70,4.4,152.7,18,-78.18
Carolina Panthers,2008,3,16,504,2437,30,69,4.8,152.3,12,-24.70
Baltimore Ravens,2008,4,16,592,2376,20,82,4.0,148.5,28,-118.02
Minnesota Vikings,2008,5,16,519,2332,15,67,4.5,145.8,31,-79.91
New England Patriots,2008,6,16,513,2278,21,49,4.4,142.4,17,-26.15
Tennessee Titans,2008,7,16,508,2199,24,80,4.3,137.4,18,-83.81
Washington Redskins,2008,8,16,478,2095,12,31,4.4,130.9,20,-78.38
New York Jets,2008,9,16,422,2004,20,61,4.7,125.3,22,-47.35
Oakland Raiders,2008,10,16,459,1987,9,67,4.3,124.2,28,-108.67
Miami Dolphins,2008,11,16,448,1897,18,62,4.2,118.6,18,-116.35
Denver Broncos,2008,12,16,387,1862,15,71,4.8,116.4,18,-22.74
Houston Texans,2008,13,16,432,1846,16,71,4.3,115.4,28,-40.25
Buffalo Bills,2008,14,16,439,1842,16,50,4.2,115.1,33,-81.58
Tampa Bay Buccaneers,2008,15,16,451,1837,13,68,4.1,114.8,21,-118.67
Kansas City Chiefs,2008,16,16,379,1810,9,65,4.8,113.1,20,-44.65
Green Bay Packers,2008,17,16,437,1805,11,73,4.1,112.8,25,-42.97
Jacksonville Jaguars,2008,18,16,426,1774,17,46,4.2,110.9,23,-46.00
Seattle Seahawks,2008,19,16,417,1768,10,45,4.2,110.5,20,-44.46
San Diego Chargers,2008,20,16,421,1726,13,45,4.1,107.9,18,-27.95
Dallas Cowboys,2008,21,16,401,1723,12,60,4.3,107.7,29,-46.26
Philadelphia Eagles,2008,22,16,427,1697,15,39,4.0,106.1,16,-96.79
Pittsburgh Steelers,2008,23,16,460,1690,16,34,3.7,105.6,28,-126.83
Chicago Bears,2008,24,16,434,1673,15,50,3.9,104.6,19,-51.58
St. Louis Rams,2008,25,16,417,1649,8,56,4.0,103.1,18,-59.98
Cleveland Browns,2008,26,16,409,1605,6,72,3.9,100.3,17,-47.74
San Francisco 49ers,2008,27,16,397,1599,10,41,4.0,99.9,36,-56.80
New Orleans Saints,2008,28,16,398,1594,20,43,4.0,99.6,18,-38.91
Cincinnati Bengals,2008,29,16,420,1520,6,46,3.6,95.0,27,-100.88
Detroit Lions,2008,30,16,352,1332,10,50,3.8,83.3,31,-39.84
Indianapolis Colts,2008,31,16,370,1274,13,38,3.4,79.6,13,-83.25
Arizona Cardinals,2008,32,16,340,1178,14,35,3.5,73.6,27,-117.91
New York Jets,2009,1,16,607,2756,21,71,4.5,172.3,24,-83.44
Tennessee Titans,2009,2,16,499,2592,19,91,5.2,162.0,27,-30.31
Carolina Panthers,2009,3,16,525,2498,18,77,4.8,156.1,23,-55.03
Miami Dolphins,2009,4,16,509,2231,22,68,4.4,139.4,27,-26.62
Baltimore Ravens,2009,5,16,468,2200,22,77,4.7,137.5,19,-44.20
New Orleans Saints,2009,6,16,468,2106,21,55,4.5,131.6,25,-72.37
Dallas Cowboys,2009,7,16,436,2103,14,66,4.8,131.4,20,-51.42
Cleveland Browns,2009,8,16,498,2087,10,71,4.2,130.4,21,-47.91
Cincinnati Bengals,2009,9,16,505,2056,9,61,4.1,128.5,24,-80.94
Jacksonville Jaguars,2009,10,16,447,2029,19,80,4.5,126.8,26,-31.64
Kansas City Chiefs,2009,11,16,438,1929,8,76,4.4,120.6,31,-74.14
New England Patriots,2009,12,16,466,1921,19,55,4.1,120.1,17,-43.48
Minnesota Vikings,2009,13,16,467,1918,19,64,4.1,119.9,19,-136.97
Green Bay Packers,2009,14,16,438,1885,20,62,4.3,117.8,20,5.05
Atlanta Falcons,2009,15,16,451,1876,15,58,4.2,117.3,19,-79.13
Buffalo Bills,2009,16,16,424,1867,6,47,4.4,116.7,24,-90.07
New York Giants,2009,17,16,443,1837,14,38,4.1,114.8,30,-84.31
Denver Broncos,2009,18,16,440,1836,9,45,4.2,114.8,15,-70.46
Pittsburgh Steelers,2009,19,16,428,1793,10,60,4.2,112.1,21,-99.78
St. Louis Rams,2009,20,16,411,1784,4,58,4.3,111.5,24,-66.81
Oakland Raiders,2009,21,16,410,1701,7,60,4.1,106.3,30,-102.38
Philadelphia Eagles,2009,22,16,384,1637,14,67,4.3,102.3,23,-36.90
Tampa Bay Buccaneers,2009,23,16,404,1627,5,35,4.0,101.7,25,-93.99
Detroit Lions,2009,24,16,409,1616,9,64,4.0,101.0,25,-38.37
San Francisco 49ers,2009,25,16,371,1600,12,80,4.3,100.0,24,-57.85
Seattle Seahawks,2009,26,16,395,1566,7,62,4.0,97.9,33,-64.83
Washington Redskins,2009,27,16,391,1510,8,78,3.9,94.4,30,-87.96
Arizona Cardinals,2009,28,16,365,1494,16,50,4.1,93.4,32,-90.93
Chicago Bears,2009,29,16,373,1492,6,72,4.0,93.3,26,-96.30
Houston Texans,2009,30,16,425,1475,13,32,3.5,92.2,21,-110.06
San Diego Chargers,2009,31,16,427,1423,17,36,3.3,88.9,14,-108.29
Indianapolis Colts,2009,32,16,366,1294,16,45,3.5,80.9,11,-110.36
Kansas City Chiefs,2010,1,16,556,2627,13,80,4.7,164.2,15,-71.61
Oakland Raiders,2010,2,16,504,2494,19,71,4.9,155.9,32,-41.56
Jacksonville Jaguars,2010,3,16,512,2395,14,74,4.7,149.7,23,-0.04
New York Jets,2010,4,16,534,2374,14,53,4.4,148.4,23,-62.18
Philadelphia Eagles,2010,5,16,428,2324,18,62,5.4,145.3,33,-23.95
New York Giants,2010,6,16,480,2200,17,73,4.6,137.5,26,-81.42
Houston Texans,2010,7,16,423,2042,20,74,4.8,127.6,15,-3.23
Tampa Bay Buccaneers,2010,8,16,431,2001,9,61,4.6,125.1,24,-82.89
New England Patriots,2010,9,16,454,1973,19,36,4.3,123.3,9,-17.14
Minnesota Vikings,2010,10,16,441,1942,16,80,4.4,121.4,20,-40.01
Pittsburgh Steelers,2010,11,16,471,1924,15,50,4.1,120.3,22,-117.17
Atlanta Falcons,2010,12,16,497,1891,14,55,3.8,118.2,12,-99.59
Carolina Panthers,2010,13,16,428,1846,7,60,4.3,115.4,31,-91.98
Baltimore Ravens,2010,14,16,487,1831,11,50,3.8,114.4,22,-101.84
San Diego Chargers,2010,15,16,457,1810,18,36,4.0,113.1,25,-81.01
Dallas Cowboys,2010,16,16,428,1786,10,60,4.2,111.6,28,-68.21
Tennessee Titans,2010,17,16,406,1727,13,76,4.3,107.9,22,-93.33
Buffalo Bills,2010,18,16,401,1720,6,39,4.3,107.5,33,-73.69
San Francisco 49ers,2010,19,16,401,1657,10,64,4.1,103.6,22,-60.61
Cleveland Browns,2010,20,16,413,1646,13,68,4.0,102.9,29,-88.79
Miami Dolphins,2010,21,16,445,1643,8,51,3.7,102.7,24,-102.10
Chicago Bears,2010,22,16,414,1616,10,68,3.9,101.0,19,-102.07
Detroit Lions,2010,23,16,404,1613,11,45,4.0,100.8,20,-56.04
Green Bay Packers,2010,24,16,421,1606,11,71,3.8,100.4,20,-114.63
St. Louis Rams,2010,25,16,429,1578,9,42,3.7,98.6,14,-114.98
Denver Broncos,2010,26,16,398,1544,13,40,3.9,96.5,29,-116.00
Cincinnati Bengals,2010,27,16,428,1522,8,42,3.6,95.1,21,-125.90
New Orleans Saints,2010,28,16,380,1519,9,55,4.0,94.9,23,-128.96
Indianapolis Colts,2010,29,16,393,1483,13,49,3.8,92.7,14,-70.85
Washington Redskins,2010,30,16,351,1461,9,54,4.2,91.3,29,-75.20
Seattle Seahawks,2010,31,16,385,1424,13,39,3.7,89.0,18,-89.01
Arizona Cardinals,2010,32,16,320,1388,9,80,4.3,86.8,33,-49.82
Denver Broncos,2011,1,16,546,2632,11,60,4.8,164.5,30,-61.54
Houston Texans,2011,2,16,546,2448,18,56,4.5,153.0,20,-72.18
Carolina Panthers,2011,3,16,445,2408,26,74,5.4,150.5,13,37.84
Minnesota Vikings,2011,4,16,448,2318,18,67,5.2,144.9,20,28.20
Philadelphia Eagles,2011,5,16,450,2276,20,60,5.1,142.3,23,-0.72
New Orleans Saints,2011,6,16,431,2127,16,36,4.9,132.9,6,-23.63
Oakland Raiders,2011,7,16,466,2110,16,70,4.5,131.9,16,-108.61
San Francisco 49ers,2011,8,16,498,2044,14,55,4.1,127.8,14,-127.36
Chicago Bears,2011,9,16,456,2015,10,46,4.4,125.9,26,-61.08
Baltimore Ravens,2011,10,16,459,1996,15,70,4.3,124.8,24,-81.41
Miami Dolphins,2011,11,16,469,1987,11,76,4.2,124.2,28,-90.70
Jacksonville Jaguars,2011,12,16,489,1970,9,56,4.0,123.1,27,-90.59
Buffalo Bills,2011,13,16,391,1921,12,80,4.9,120.1,16,-41.10
Pittsburgh Steelers,2011,14,16,434,1903,13,76,4.4,118.9,16,-64.68
Kansas City Chiefs,2011,15,16,487,1893,5,34,3.9,118.3,17,-101.78
San Diego Chargers,2011,16,16,436,1864,16,41,4.3,116.5,19,-71.85
Atlanta Falcons,2011,17,16,453,1834,14,81,4.0,114.6,12,-71.79
Dallas Cowboys,2011,18,16,408,1807,5,91,4.4,112.9,24,-93.14
Cincinnati Bengals,2011,19,16,455,1778,10,42,3.9,111.1,17,-73.42
New England Patriots,2011,20,16,438,1764,18,33,4.0,110.3,13,-79.76
Seattle Seahawks,2011,21,16,444,1756,15,48,4.0,109.8,22,-63.97
New York Jets,2011,22,16,443,1692,14,31,3.8,105.8,25,-46.97
St. Louis Rams,2011,23,16,409,1667,7,47,4.1,104.2,27,-61.75
Arizona Cardinals,2011,24,16,389,1625,12,71,4.2,101.6,24,-37.19
Washington Redskins,2011,25,16,400,1614,8,39,4.0,100.9,25,-90.22
Indianapolis Colts,2011,26,16,382,1594,8,80,4.2,99.6,24,-63.82
Green Bay Packers,2011,27,16,395,1558,12,47,3.9,97.4,15,-74.56
Cleveland Browns,2011,28,16,415,1531,4,40,3.7,95.7,22,-87.66
Detroit Lions,2011,29,16,356,1523,9,88,4.3,95.2,20,-54.04
Tampa Bay Buccaneers,2011,30,16,346,1458,9,54,4.2,91.1,30,-59.77
Tennessee Titans,2011,31,16,376,1438,8,48,3.8,89.9,17,-74.84
New York Giants,2011,32,16,411,1427,17,37,3.5,89.2,18,-136.24
Washington Redskins,2012,1,16,519,2709,22,76,5.2,169.3,26,-40.93
Minnesota Vikings,2012,2,16,486,2634,16,82,5.4,164.6,21,-25.25
Seattle Seahawks,2012,3,16,536,2579,16,77,4.8,161.2,16,-30.63
San Francisco 49ers,2012,4,16,492,2491,17,50,5.1,155.7,26,-36.82
Kansas City Chiefs,2012,5,16,500,2395,9,91,4.8,149.7,26,-60.06
Buffalo Bills,2012,6,16,442,2217,12,62,5.0,138.6,23,-41.53
New England Patriots,2012,7,16,523,2184,25,47,4.2,136.5,14,-65.96
Houston Texans,2012,8,16,508,2123,19,81,4.2,132.7,12,-76.71
Carolina Panthers,2012,9,16,462,2088,21,72,4.5,130.5,22,-37.81
Chicago Bears,2012,10,16,470,1970,11,46,4.2,123.1,20,-77.09
Baltimore Ravens,2012,11,16,444,1901,17,78,4.3,118.8,14,-57.13
New York Jets,2012,12,16,494,1896,12,61,3.8,118.5,32,-58.81
Philadelphia Eagles,2012,13,16,413,1874,10,65,4.5,117.1,37,-85.50
New York Giants,2012,14,16,409,1862,18,52,4.6,116.4,13,-42.63
Tampa Bay Buccaneers,2012,15,16,416,1837,13,70,4.4,114.8,16,-28.30
Denver Broncos,2012,16,16,481,1832,12,31,3.8,114.5,22,-109.60
Miami Dolphins,2012,17,16,440,1802,15,65,4.1,112.6,25,-70.61
Cincinnati Bengals,2012,18,16,430,1745,11,48,4.1,109.1,19,-43.34
St. Louis Rams,2012,19,16,410,1714,5,53,4.2,107.1,24,-73.79
Green Bay Packers,2012,20,16,433,1702,9,41,3.9,106.4,16,-63.59
Tennessee Titans,2012,21,16,378,1687,10,94,4.5,105.4,21,-52.27
Indianapolis Colts,2012,22,16,440,1671,11,26,3.8,104.4,21,-60.84
Detroit Lions,2012,23,16,391,1613,17,67,4.1,100.8,24,-58.88
Cleveland Browns,2012,24,16,396,1593,12,35,4.0,99.6,22,-49.42
New Orleans Saints,2012,25,16,370,1577,10,56,4.3,98.6,13,-21.33
Pittsburgh Steelers,2012,26,16,412,1537,8,34,3.7,96.1,33,-102.56
San Diego Chargers,2012,27,16,411,1461,4,52,3.6,91.3,24,-94.71
Oakland Raiders,2012,28,16,376,1420,4,64,3.8,88.8,22,-95.21
Atlanta Falcons,2012,29,16,378,1397,12,43,3.7,87.3,9,-127.40
Jacksonville Jaguars,2012,30,16,358,1369,5,59,3.8,85.6,20,-59.03
Dallas Cowboys,2012,31,16,355,1265,8,48,3.6,79.1,20,-85.16
Arizona Cardinals,2012,32,16,352,1204,10,52,3.4,75.3,25,-88.97
Philadelphia Eagles,2013,1,16,500,2566,19,65,5.1,160.4,19,27.32
Buffalo Bills,2013,2,16,546,2307,15,77,4.2,144.2,32,-9.61
San Francisco 49ers,2013,3,16,505,2201,18,51,4.4,137.6,20,6.19
Seattle Seahawks,2013,4,16,509,2188,14,43,4.3,136.8,26,-35.48
Washington Redskins,2013,5,16,453,2164,14,45,4.8,135.3,30,-3.91
New York Jets,2013,6,16,493,2158,12,69,4.4,134.9,15,-19.66
Green Bay Packers,2013,7,16,459,2136,17,67,4.7,133.5,19,26.99
Minnesota Vikings,2013,8,16,423,2081,23,78,4.9,130.1,23,34.90
New England Patriots,2013,9,16,470,2065,19,47,4.4,129.1,24,-10.74
Kansas City Chiefs,2013,10,16,442,2056,17,46,4.7,128.5,21,-10.39
Carolina Panthers,2013,11,16,483,2026,14,56,4.2,126.6,12,28.31
Oakland Raiders,2013,12,16,437,2000,16,93,4.6,125.0,27,-8.62
San Diego Chargers,2013,13,16,486,1965,9,51,4.0,122.8,14,3.15
Tennessee Titans,2013,14,16,462,1894,16,39,4.1,118.4,27,-3.37
Denver Broncos,2013,15,16,461,1873,16,45,4.1,117.1,27,-11.91
Chicago Bears,2013,16,16,404,1828,13,55,4.5,114.3,21,2.28
Detroit Lions,2013,17,16,445,1792,15,39,4.0,112.0,28,-38.56
Cincinnati Bengals,2013,18,16,481,1755,14,35,3.6,109.7,20,-33.68
St. Louis Rams,2013,19,16,426,1752,10,65,4.1,109.5,20,-34.95
Indianapolis Colts,2013,20,16,409,1743,15,51,4.3,108.9,14,10.05
Houston Texans,2013,21,16,414,1743,7,60,4.2,108.9,21,-8.90
Tampa Bay Buccaneers,2013,22,16,420,1612,6,80,3.8,100.8,18,-35.85
Arizona Cardinals,2013,23,16,422,1540,12,80,3.6,96.3,22,-37.87
Dallas Cowboys,2013,24,16,336,1504,12,45,4.5,94.0,18,23.69
New Orleans Saints,2013,25,16,391,1473,10,38,3.8,92.1,12,-13.91
Miami Dolphins,2013,26,16,349,1440,8,55,4.1,90.0,16,-32.00
Pittsburgh Steelers,2013,27,16,394,1383,9,43,3.5,86.4,16,-47.23
Cleveland Browns,2013,28,16,348,1383,4,45,4.0,86.4,17,-2.58
New York Giants,2013,29,16,381,1332,11,49,3.5,83.3,26,-75.93
Baltimore Ravens,2013,30,16,423,1328,7,47,3.1,83.0,15,-76.41
Jacksonville Jaguars,2013,31,16,378,1260,7,48,3.3,78.8,18,-49.18
Atlanta Falcons,2013,32,16,321,1247,11,50,3.9,77.9,17,-21.90
Seattle Seahawks,2014,1,16,525,2762,20,79,5.3,172.6,23,68.39
Dallas Cowboys,2014,2,16,508,2354,16,65,4.6,147.1,21,-4.39
New York Jets,2014,3,16,507,2280,11,71,4.5,142.5,25,-10.54
San Francisco 49ers,2014,4,16,470,2176,10,90,4.6,136.0,18,-27.95
Houston Texans,2014,5,16,551,2161,12,51,3.9,135.1,19,-34.23
Cincinnati Bengals,2014,6,16,492,2147,19,89,4.4,134.2,20,2.79
Carolina Panthers,2014,7,16,473,2036,10,69,4.3,127.3,25,-6.19
Baltimore Ravens,2014,8,16,448,2019,16,52,4.5,126.2,16,-17.36
Philadelphia Eagles,2014,9,16,474,1992,16,53,4.2,124.5,25,-30.60
Kansas City Chiefs,2014,10,16,420,1918,18,63,4.6,119.9,22,10.36
Green Bay Packers,2014,11,16,435,1917,14,44,4.4,119.8,19,-33.08
Miami Dolphins,2014,12,16,399,1872,12,97,4.7,117.0,27,-2.97
New Orleans Saints,2014,13,16,406,1818,16,67,4.5,113.6,22,9.64
Minnesota Vikings,2014,14,16,413,1804,12,67,4.4,112.8,12,9.01
Denver Broncos,2014,15,16,443,1785,15,47,4.0,111.6,16,-19.29
Pittsburgh Steelers,2014,16,16,423,1752,10,81,4.1,109.5,16,-25.17
Cleveland Browns,2014,17,16,477,1728,17,36,3.6,108.0,17,-34.46
New England Patriots,2014,18,16,438,1727,13,43,3.9,107.9,13,6.99
Washington Redskins,2014,19,16,401,1691,15,30,4.2,105.7,31,-12.05
St. Louis Rams,2014,20,16,395,1635,11,89,4.1,102.2,27,-40.74
Jacksonville Jaguars,2014,21,16,360,1633,9,62,4.5,102.1,15,-4.56
Indianapolis Colts,2014,22,16,415,1612,9,49,3.9,100.8,31,-53.39
New York Giants,2014,23,16,449,1603,13,50,3.6,100.2,21,-30.98
Atlanta Falcons,2014,24,16,372,1498,11,55,4.0,93.6,16,-20.02
Buffalo Bills,2014,25,16,402,1482,7,53,3.7,92.6,22,-56.16
Tennessee Titans,2014,26,16,356,1447,6,52,4.1,90.4,23,-40.59
Chicago Bears,2014,27,16,355,1441,8,32,4.1,90.1,19,1.62
Detroit Lions,2014,28,16,396,1422,11,57,3.6,88.9,21,-27.68
Tampa Bay Buccaneers,2014,29,16,353,1375,7,63,3.9,85.9,29,-39.97
San Diego Chargers,2014,30,16,398,1367,6,52,3.4,85.4,15,-40.11
Arizona Cardinals,2014,31,16,397,1308,6,22,3.3,81.8,16,-49.55
Oakland Raiders,2014,32,16,337,1240,4,90,3.7,77.5,28,-72.59
Buffalo Bills,2015,1,16,509,2432,19,60,4.8,152.0,28,26.31
Carolina Panthers,2015,2,16,526,2282,19,47,4.3,142.6,12,14.79
Seattle Seahawks,2015,3,16,500,2268,10,69,4.5,141.8,17,-5.31
Minnesota Vikings,2015,4,16,474,2211,18,80,4.7,138.2,21,18.58
Tampa Bay Buccaneers,2015,5,16,455,2162,12,84,4.8,135.1,26,-7.56
Kansas City Chiefs,2015,6,16,436,2044,19,52,4.7,127.8,15,29.78
St. Louis Rams,2015,7,16,429,1956,16,71,4.6,122.3,22,-21.12
Arizona Cardinals,2015,8,16,452,1917,16,63,4.2,119.8,23,-29.55
Dallas Cowboys,2015,9,16,408,1890,8,50,4.6,118.1,18,-5.43
New York Jets,2015,10,16,448,1868,11,58,4.2,116.8,17,-12.95
Chicago Bears,2015,11,16,468,1854,13,27,4.0,115.9,20,-12.11
Green Bay Packers,2015,12,16,436,1850,8,65,4.2,115.6,24,-17.89
Cincinnati Bengals,2015,13,16,467,1805,18,38,3.9,112.8,17,-35.56
Philadelphia Eagles,2015,14,16,442,1743,15,63,3.9,108.9,25,-32.88
Houston Texans,2015,15,16,472,1731,7,41,3.7,108.2,22,-45.56
Pittsburgh Steelers,2015,16,16,388,1724,16,55,4.4,107.8,16,-12.86
Denver Broncos,2015,17,16,411,1718,13,72,4.2,107.4,16,-34.32
New York Giants,2015,18,16,403,1609,5,39,4.0,100.6,23,-35.86
Atlanta Falcons,2015,19,16,420,1606,13,46,3.8,100.4,26,-52.73
Washington Redskins,2015,20,16,429,1566,9,48,3.7,97.9,26,-53.94
San Francisco 49ers,2015,21,16,390,1544,7,47,4.0,96.5,21,-17.83
Cleveland Browns,2015,22,16,380,1529,5,54,4.0,95.6,28,-36.96
Miami Dolphins,2015,23,16,344,1496,11,85,4.3,93.5,23,-13.04
New Orleans Saints,2015,24,16,397,1491,16,70,3.8,93.2,17,-3.84
Tennessee Titans,2015,25,16,371,1485,10,87,4.0,92.8,25,-41.93
Baltimore Ravens,2015,26,16,383,1478,8,44,3.9,92.4,13,-33.85
Jacksonville Jaguars,2015,27,16,354,1473,5,45,4.2,92.1,25,-49.26
Oakland Raiders,2015,28,16,370,1457,7,54,3.9,91.1,27,-27.22
Indianapolis Colts,2015,29,16,396,1438,6,37,3.6,89.9,19,-57.18
New England Patriots,2015,30,16,383,1404,14,38,3.7,87.8,14,-25.20
San Diego Chargers,2015,31,16,393,1358,4,53,3.5,84.9,20,-58.43
Detroit Lions,2015,32,16,354,1335,7,36,3.8,83.4,17,-27.33
Buffalo Bills,2016,1,16,492,2630,29,75,5.3,164.4,15,35.39
Dallas Cowboys,2016,2,16,499,2396,24,60,4.8,149.8,22,-9.95
Tennessee Titans,2016,3,16,476,2187,16,75,4.6,136.7,16,-31.40
San Francisco 49ers,2016,4,16,458,2019,15,47,4.4,126.2,29,-28.65
Atlanta Falcons,2016,5,16,421,1928,20,75,4.6,120.5,8,-11.02
Oakland Raiders,2016,6,16,434,1922,17,75,4.4,120.1,17,-70.84
New England Patriots,2016,7,16,482,1872,19,44,3.9,117.0,27,-116.50
Houston Texans,2016,8,16,456,1859,8,45,4.1,116.2,20,-68.97
Miami Dolphins,2016,9,16,406,1824,14,62,4.5,114.0,26,-53.07
Carolina Panthers,2016,10,16,453,1814,16,47,4.0,113.4,13,-53.01
Philadelphia Eagles,2016,11,16,438,1813,16,30,4.1,113.3,24,-54.66
New York Jets,2016,12,16,418,1802,10,35,4.3,112.6,24,-13.71
Cincinnati Bengals,2016,13,16,446,1769,17,74,4.0,110.6,20,-38.62
Pittsburgh Steelers,2016,14,16,409,1760,13,60,4.3,110.0,15,-74.26
Kansas City Chiefs,2016,15,16,412,1748,15,70,4.2,109.3,18,-49.94
New Orleans Saints,2016,16,16,404,1742,17,75,4.3,108.9,17,-16.59
Chicago Bears,2016,17,16,380,1735,10,69,4.6,108.4,26,-46.68
Arizona Cardinals,2016,18,16,399,1732,20,58,4.3,108.3,27,-30.90
Cleveland Browns,2016,19,16,350,1712,13,85,4.9,107.0,26,-30.05
Green Bay Packers,2016,20,16,374,1701,11,61,4.5,106.3,21,-50.04
Washington Redskins,2016,21,16,379,1696,17,66,4.5,106.0,19,-23.40
Jacksonville Jaguars,2016,22,16,392,1631,8,57,4.2,101.9,23,-64.26
Indianapolis Colts,2016,23,16,409,1628,13,33,4.0,101.8,16,-17.50
Tampa Bay Buccaneers,2016,24,16,453,1616,8,45,3.6,101.0,19,-85.54
Seattle Seahawks,2016,25,16,403,1591,13,75,3.9,99.4,22,-59.80
San Diego Chargers,2016,26,16,398,1510,10,48,3.8,94.4,22,-80.38
Denver Broncos,2016,27,16,410,1484,11,64,3.6,92.8,24,-77.50
Baltimore Ravens,2016,28,16,367,1463,10,41,4.0,91.4,19,-18.06
New York Giants,2016,29,16,398,1412,6,25,3.5,88.3,22,-70.14
Detroit Lions,2016,30,16,350,1310,9,42,3.7,81.9,9,-36.94
Los Angeles Rams,2016,31,16,375,1252,9,30,3.3,78.3,24,-53.77
Minnesota Vikings,2016,32,16,380,1205,9,36,3.2,75.3,20,-95.97
Jacksonville Jaguars,2017,1,16,527,2262,18,90,4.3,141.4,24,-67.81
Dallas Cowboys,2017,2,16,480,2170,18,70,4.5,135.6,11,-19.89
Philadelphia Eagles,2017,3,16,473,2115,9,71,4.5,132.2,25,-109.10
Carolina Panthers,2017,4,16,490,2102,15,69,4.3,131.4,19,-94.78
New Orleans Saints,2017,5,16,444,2070,23,74,4.7,129.4,19,-71.76
Buffalo Bills,2017,6,16,487,2017,12,48,4.1,126.1,17,-88.93
Minnesota Vikings,2017,7,16,501,1957,15,58,3.9,122.3,11,-133.79
Los Angeles Rams,2017,8,16,454,1953,17,57,4.3,122.1,29,-77.03
Kansas City Chiefs,2017,9,16,405,1903,12,70,4.7,118.9,14,-45.07
New England Patriots,2017,10,16,448,1889,16,44,4.2,118.1,13,-87.22
Baltimore Ravens,2017,11,16,460,1856,14,50,4.0,116.0,19,-49.38
Denver Broncos,2017,12,16,457,1852,8,40,4.1,115.8,26,-59.30
Atlanta Falcons,2017,13,16,430,1847,12,52,4.3,115.4,17,-96.37
Houston Texans,2017,14,16,448,1842,8,49,4.1,115.1,25,-41.89
Tennessee Titans,2017,15,16,443,1833,18,75,4.1,114.6,10,-65.47
Chicago Bears,2017,16,16,422,1788,13,53,4.2,111.8,24,-35.00
Green Bay Packers,2017,17,16,386,1724,13,46,4.5,107.8,14,5.45
Cleveland Browns,2017,18,16,384,1714,11,59,4.5,107.1,25,-44.66
New York Jets,2017,19,16,427,1702,13,75,4.0,106.4,25,-100.30
Pittsburgh Steelers,2017,20,16,437,1667,12,29,3.8,104.2,15,-116.88
San Francisco 49ers,2017,21,16,408,1662,15,61,4.1,103.9,14,-88.47
Indianapolis Colts,2017,22,16,451,1661,11,35,3.7,103.8,20,-87.60
Seattle Seahawks,2017,23,16,409,1629,4,33,4.0,101.8,18,-78.07
Los Angeles Chargers,2017,24,16,419,1595,10,87,3.8,99.7,17,-93.07
Oakland Raiders,2017,25,16,370,1554,13,52,4.2,97.1,33,-49.13
New York Giants,2017,26,16,394,1549,6,75,3.9,96.8,20,-70.19
Tampa Bay Buccaneers,2017,27,16,390,1448,8,36,3.7,90.5,27,-82.91
Washington Redskins,2017,28,16,401,1448,10,61,3.6,90.5,28,-97.98
Miami Dolphins,2017,29,16,360,1388,4,69,3.9,86.8,23,-93.59
Arizona Cardinals,2017,30,16,410,1386,6,33,3.4,86.6,19,-109.56
Cincinnati Bengals,2017,31,16,377,1366,6,25,3.6,85.4,22,-79.97
Detroit Lions,2017,32,16,363,1221,10,34,3.4,76.3,21,-105.35
Seattle Seahawks,2018,1,16,534,2560,15,61,4.8,160.0,18,18.93
Baltimore Ravens,2018,2,16,547,2441,19,43,4.5,152.6,25,22.48
Los Angeles Rams,2018,3,16,459,2231,23,56,4.9,139.4,17,65.94
Carolina Panthers,2018,4,16,416,2136,17,59,5.1,133.5,20,44.06
New England Patriots,2018,5,16,478,2037,18,34,4.3,127.3,11,6.60
Tennessee Titans,2018,6,16,456,2027,15,99,4.4,126.7,18,-0.10
New Orleans Saints,2018,7,16,471,2025,26,49,4.3,126.6,18,20.56
Houston Texans,2018,8,16,472,2021,12,97,4.3,126.3,19,-6.60
Buffalo Bills,2018,9,16,468,1984,15,45,4.2,124.0,23,-8.40
Dallas Cowboys,2018,10,16,439,1963,13,41,4.5,122.7,23,17.99
Chicago Bears,2018,11,16,468,1938,16,42,4.1,121.1,23,1.30
Denver Broncos,2018,12,16,393,1907,18,65,4.9,119.2,18,2.77
San Francisco 49ers,2018,13,16,423,1902,7,66,4.5,118.9,31,-27.70
Cleveland Browns,2018,14,16,411,1893,15,92,4.6,118.3,19,-7.07
Los Angeles Chargers,2018,15,16,399,1873,16,41,4.7,117.1,17,4.10
Kansas City Chiefs,2018,16,16,387,1855,16,45,4.8,115.9,18,35.81
Washington Redskins,2018,17,16,414,1774,12,90,4.3,110.9,18,-1.14
Miami Dolphins,2018,18,16,371,1738,7,75,4.7,108.6,17,-14.17
Jacksonville Jaguars,2018,19,16,416,1723,7,43,4.1,107.7,26,-23.44
Indianapolis Colts,2018,20,16,408,1718,13,53,4.2,107.4,17,-13.08
Cincinnati Bengals,2018,21,16,359,1682,13,51,4.7,105.1,11,-4.71
Green Bay Packers,2018,22,16,333,1667,14,67,5.0,104.2,22,47.02
Detroit Lions,2018,23,16,404,1660,11,71,4.1,103.8,14,-17.05
New York Giants,2018,24,16,354,1650,13,78,4.7,103.1,16,-0.56
Oakland Raiders,2018,25,16,387,1628,9,52,4.2,101.8,24,-41.83
New York Jets,2018,26,16,410,1622,11,77,4.0,101.4,24,-48.94
Atlanta Falcons,2018,27,16,351,1573,11,65,4.5,98.3,24,-19.08
Philadelphia Eagles,2018,28,16,398,1570,12,32,3.9,98.1,29,-30.02
Tampa Bay Buccaneers,2018,29,16,389,1523,11,28,3.9,95.2,23,-35.16
Minnesota Vikings,2018,30,16,357,1493,9,70,4.2,93.3,15,-38.02
Pittsburgh Steelers,2018,31,16,345,1445,16,30,4.2,90.3,21,-5.90
Arizona Cardinals,2018,32,16,355,1342,9,53,3.8,83.9,23,-39.85
Baltimore Ravens,2019,1,16,596,3296,21,63,5.5,206.0,18,100.56
San Francisco 49ers,2019,2,16,498,2305,23,83,4.6,144.1,19,4.93
Tennessee Titans,2019,3,16,445,2223,21,74,5.0,138.9,21,29.93
Seattle Seahawks,2019,4,16,481,2200,15,59,4.6,137.5,26,-32.78
Dallas Cowboys,2019,5,16,449,2153,18,44,4.8,134.6,15,37.08
Minnesota Vikings,2019,6,16,476,2133,19,75,4.5,133.3,29,-16.29
Indianapolis Colts,2019,7,16,471,2130,17,63,4.5,133.1,18,29.24
Buffalo Bills,2019,8,16,465,2054,13,41,4.4,128.4,23,1.29
Houston Texans,2019,9,16,434,2009,17,58,4.6,125.6,20,18.04
Arizona Cardinals,2019,10,16,396,1990,18,80,5.0,124.4,9,35.92
Philadelphia Eagles,2019,11,16,454,1939,16,65,4.3,121.2,31,-10.75
Cleveland Browns,2019,12,16,393,1901,15,88,4.8,118.8,14,-8.57
Oakland Raiders,2019,13,16,437,1893,13,60,4.3,118.3,21,-21.10
Carolina Panthers,2019,14,16,386,1819,20,84,4.7,113.7,25,-8.21
Green Bay Packers,2019,15,16,411,1795,18,56,4.4,112.2,15,0.63
New Orleans Saints,2019,16,16,405,1738,12,40,4.3,108.6,9,-7.51
Jacksonville Jaguars,2019,17,16,389,1708,3,81,4.4,106.8,21,-35.26
New England Patriots,2019,18,16,447,1703,17,33,3.8,106.4,13,-32.19
New York Giants,2019,19,16,362,1685,11,68,4.7,105.3,31,-5.58
Denver Broncos,2019,20,16,409,1662,11,40,4.1,103.9,21,-17.20
Detroit Lions,2019,21,16,407,1649,7,44,4.1,103.1,12,-28.67
Washington Redskins,2019,22,16,356,1583,9,65,4.4,98.9,21,-26.82
Kansas City Chiefs,2019,23,16,375,1569,16,91,4.2,98.1,20,18.11
Tampa Bay Buccaneers,2019,24,16,409,1521,15,49,3.7,95.1,23,-43.82
Cincinnati Bengals,2019,25,16,385,1517,9,41,3.9,94.8,25,-25.52
Los Angeles Rams,2019,26,16,401,1499,20,27,3.7,93.7,17,-41.93
Chicago Bears,2019,27,16,395,1458,8,55,3.7,91.1,13,-44.55
Los Angeles Chargers,2019,28,16,366,1453,12,40,4.0,90.8,21,-28.43
Pittsburgh Steelers,2019,29,16,395,1447,7,45,3.7,90.4,30,-64.88
Atlanta Falcons,2019,30,16,362,1361,10,28,3.8,85.1,21,-23.14
New York Jets,2019,31,16,383,1257,6,24,3.3,78.6,21,-56.47
Miami Dolphins,2019,32,16,349,1156,10,28,3.3,72.3,25,-51.64
Baltimore Ravens,2020,1,16,555,3071,24,72,5.5,191.9,25,116.76
Tennessee Titans,2020,2,16,521,2690,26,94,5.2,168.1,15,58.09
Cleveland Browns,2020,3,16,495,2374,21,59,4.8,148.4,23,33.06
New England Patriots,2020,4,16,502,2346,20,49,4.7,146.6,19,57.63
Minnesota Vikings,2020,5,16,468,2283,20,70,4.9,142.7,22,32.49
New Orleans Saints,2020,6,16,494,2265,30,49,4.6,141.6,27,49.14
Arizona Cardinals,2020,7,16,479,2237,22,69,4.7,139.8,22,49.64
Green Bay Packers,2020,8,16,443,2118,16,77,4.8,132.4,11,43.48
Philadelphia Eagles,2020,9,16,403,2027,16,82,5.0,126.7,31,30.39
Los Angeles Rams,2020,10,16,473,2018,19,61,4.3,126.1,19,-21.02
Indianapolis Colts,2020,11,16,459,1996,20,62,4.3,124.8,8,12.49
Seattle Seahawks,2020,12,16,411,1971,15,50,4.8,123.2,14,26.56
Denver Broncos,2020,13,16,442,1918,13,65,4.3,119.9,23,-13.97
Las Vegas Raiders,2020,14,16,457,1916,20,43,4.2,119.8,24,17.40
San Francisco 49ers,2020,15,16,437,1889,19,80,4.3,118.1,20,-18.51
Kansas City Chiefs,2020,16,16,403,1799,13,32,4.5,112.4,19,31.62
Dallas Cowboys,2020,17,16,430,1788,14,42,4.2,111.8,19,21.70
Los Angeles Chargers,2020,18,16,466,1784,12,36,3.8,111.5,16,-15.56
New York Giants,2020,19,16,399,1768,13,80,4.4,110.5,20,-2.39
Buffalo Bills,2020,20,16,411,1723,16,51,4.2,107.7,18,-1.50
Carolina Panthers,2020,21,16,407,1704,19,45,4.2,106.5,13,20.87
Miami Dolphins,2020,22,16,428,1688,15,31,3.9,105.5,17,-19.99
New York Jets,2020,23,16,406,1683,9,46,4.1,105.2,8,-6.76
Cincinnati Bengals,2020,24,16,411,1668,13,55,4.1,104.3,20,-28.73
Chicago Bears,2020,25,16,393,1647,12,80,4.2,102.9,20,1.57
Washington Football Team,2020,26,16,400,1611,18,40,4.0,100.7,24,19.76
Atlanta Falcons,2020,27,16,409,1532,13,62,3.7,95.8,16,-17.02
Jacksonville Jaguars,2020,28,16,337,1519,9,47,4.5,94.9,16,9.41
Tampa Bay Buccaneers,2020,29,16,369,1519,16,98,4.1,94.9,12,-11.99
Detroit Lions,2020,30,16,367,1499,17,54,4.1,93.7,13,-12.40
Houston Texans,2020,31,16,344,1466,10,48,4.3,91.6,21,-9.85
Pittsburgh Steelers,2020,32,16,373,1351,12,59,3.6,84.4,22,-45.84
Cleveland Browns,2021,1,5,175,938,12,52,5.4,187.6,6,32.22
Dallas Cowboys,2021,2,5,163,864,6,47,5.3,172.8,7,15.46
Tennessee Titans,2021,3,5,172,839,8,60,4.9,167.8,5,20.22
Baltimore Ravens,2021,4,5,152,744,6,35,4.9,148.8,7,-0.82
Buffalo Bills,2021,5,5,156,702,7,46,4.5,140.4,10,15.86
Jacksonville Jaguars,2021,6,5,122,647,6,58,5.3,129.4,7,17.39
Kansas City Chiefs,2021,7,5,126,641,3,24,5.1,128.2,7,10.04
Arizona Cardinals,2021,8,5,151,640,8,54,4.2,128.0,8,13.26
Chicago Bears,2021,9,5,149,634,6,41,4.3,126.8,5,3.01
New Orleans Saints,2021,10,5,156,629,5,23,4.0,125.8,1,-4.22
San Francisco 49ers,2021,11,5,144,610,6,38,4.2,122.0,7,-8.07
Denver Broncos,2021,12,5,130,593,3,70,4.6,118.6,2,-5.09
Philadelphia Eagles,2021,13,5,113,582,5,27,5.2,116.4,7,7.60
Indianapolis Colts,2021,14,5,133,571,3,38,4.3,114.2,4,4.89
Minnesota Vikings,2021,15,5,134,569,1,48,4.2,113.8,5,-16.93
Washington Football Team,2021,16,5,135,544,5,27,4.0,108.8,5,-3.87
Los Angeles Chargers,2021,17,5,127,542,5,21,4.3,108.4,5,7.08
Carolina Panthers,2021,18,5,147,539,7,26,3.7,107.8,4,1.40
Seattle Seahawks,2021,19,5,116,520,5,33,4.5,104.0,4,6.42
Detroit Lions,2021,20,5,119,515,4,26,4.3,103.0,6,-5.62
Green Bay Packers,2021,21,5,126,503,3,57,4.0,100.6,3,-4.89
Cincinnati Bengals,2021,22,5,126,495,3,27,3.9,99.0,1,-15.57
Los Angeles Rams,2021,23,5,128,490,4,29,3.8,98.0,5,-12.43
New York Giants,2021,24,5,120,479,5,46,4.0,95.8,7,-9.24
Atlanta Falcons,2021,25,5,123,455,2,17,3.7,91.0,7,-17.63
Tampa Bay Buccaneers,2021,26,5,103,410,4,21,4.0,82.0,6,3.67
New England Patriots,2021,27,5,109,400,3,35,3.7,80.0,7,-14.14
Houston Texans,2021,28,5,128,399,3,29,3.1,79.8,8,-19.80
Las Vegas Raiders,2021,29,5,121,393,4,31,3.2,78.6,7,-24.33
New York Jets,2021,30,5,104,370,3,17,3.6,74.0,5,5.77
Pittsburgh Steelers,2021,31,5,101,368,3,25,3.6,73.6,5,-11.11
Miami Dolphins,2021,32,5,95,352,3,24,3.7,70.4,9,-7.48
