Tm,Year,Rk,G,3DAtt,3DConv,3D_perc,4DAtt,4DConv,4D_perc,RZAtt,RZTD,RZPct
New Orleans Saints,2006,1,16,234,105,44.9,20,12,60.0,53,29,54.7
Indianapolis Colts,2006,2,16,187,105,56.1,4,0,0.0,62,41,66.1
Dallas Cowboys,2006,3,16,205,100,48.8,19,9,47.4,58,35,60.3
New York Jets,2006,4,16,226,99,43.8,16,5,31.3,48,22,45.8
New England Patriots,2006,5,16,226,96,42.5,20,16,80.0,60,36,60.0
Baltimore Ravens,2006,6,16,233,96,41.2,11,8,72.7,52,22,42.3
Green Bay Packers,2006,7,16,240,94,39.2,17,7,41.2,49,16,32.7
Pittsburgh Steelers,2006,8,16,217,93,42.9,21,10,47.6,56,28,50.0
San Diego Chargers,2006,9,16,213,92,43.2,11,6,54.5,62,42,67.7
Kansas City Chiefs,2006,10,16,219,89,40.6,15,9,60.0,48,29,60.4
Philadelphia Eagles,2006,11,16,209,88,42.1,11,5,45.5,46,26,56.5
Miami Dolphins,2006,12,16,234,88,37.6,14,7,50.0,46,20,43.5
Jacksonville Jaguars,2006,13,16,217,85,39.2,14,7,50.0,52,30,57.7
Seattle Seahawks,2006,14,16,224,85,37.9,8,2,25.0,42,22,52.4
Chicago Bears,2006,15,16,231,85,36.8,13,9,69.2,50,24,48.0
St. Louis Rams,2006,16,16,222,83,37.4,18,12,66.7,54,31,57.4
Arizona Cardinals,2006,17,16,212,83,39.2,15,10,66.7,54,25,46.3
Tampa Bay Buccaneers,2006,18,16,222,82,36.9,16,4,25.0,37,16,43.2
Atlanta Falcons,2006,19,16,220,79,35.9,20,8,40.0,47,20,42.6
Washington Redskins,2006,20,16,211,79,37.4,13,6,46.2,42,21,50.0
Denver Broncos,2006,21,16,211,78,37.0,13,7,53.8,44,24,54.5
Oakland Raiders,2006,22,16,212,77,36.3,21,7,33.3,35,10,28.6
Minnesota Vikings,2006,23,16,233,77,33.0,21,15,71.4,42,19,45.2
New York Giants,2006,24,16,203,77,37.9,15,7,46.7,51,27,52.9
Houston Texans,2006,25,16,198,77,38.9,13,9,69.2,42,24,57.1
Cincinnati Bengals,2006,26,16,201,72,35.8,9,6,66.7,52,30,57.7
San Francisco 49ers,2006,27,16,209,72,34.4,11,6,54.5,48,20,41.7
Cleveland Browns,2006,28,16,209,70,33.5,15,6,40.0,39,19,48.7
Tennessee Titans,2006,29,16,205,67,32.7,17,7,41.2,38,17,44.7
Carolina Panthers,2006,30,16,209,65,31.1,9,3,33.3,32,15,46.9
Buffalo Bills,2006,31,16,199,63,31.7,11,5,45.5,35,15,42.9
Detroit Lions,2006,32,16,190,62,32.6,22,9,40.9,45,18,40.0
Pittsburgh Steelers,2007,1,16,220,103,46.8,13,7,53.8,55,32,58.2
Indianapolis Colts,2007,2,16,203,100,49.3,10,6,60.0,69,39,56.5
Jacksonville Jaguars,2007,3,16,219,100,45.7,33,19,57.6,58,33,56.9
New Orleans Saints,2007,4,16,214,99,46.3,25,11,44.0,50,36,72.0
Philadelphia Eagles,2007,5,16,229,97,42.4,15,9,60.0,51,23,45.1
Cincinnati Bengals,2007,6,16,208,96,46.2,12,4,33.3,56,27,48.2
Washington Redskins,2007,7,16,226,92,40.7,15,6,40.0,55,27,49.1
New England Patriots,2007,8,16,191,92,48.2,21,15,71.4,72,50,69.4
New York Giants,2007,9,16,219,91,41.6,17,6,35.3,55,30,54.5
Baltimore Ravens,2007,10,16,234,90,38.5,21,11,52.4,45,19,42.2
Tennessee Titans,2007,11,16,217,89,41.0,11,2,18.2,55,20,36.4
Green Bay Packers,2007,12,16,202,86,42.6,11,5,45.5,50,27,54.0
Houston Texans,2007,13,16,193,86,44.6,15,11,73.3,46,28,60.9
Atlanta Falcons,2007,14,16,237,86,36.3,19,7,36.8,43,17,39.5
Cleveland Browns,2007,15,16,204,86,42.2,15,6,40.0,55,30,54.5
Carolina Panthers,2007,16,16,235,85,36.2,14,6,42.9,40,20,50.0
New York Jets,2007,17,16,226,85,37.6,21,10,47.6,49,18,36.7
Dallas Cowboys,2007,18,16,199,84,42.2,14,10,71.4,56,30,53.6
San Diego Chargers,2007,19,16,214,84,39.3,10,6,60.0,52,29,55.8
Tampa Bay Buccaneers,2007,20,16,213,82,38.5,13,5,38.5,46,20,43.5
Oakland Raiders,2007,21,16,229,82,35.8,24,10,41.7,35,21,60.0
St. Louis Rams,2007,22,16,223,81,36.3,20,7,35.0,39,17,43.6
Chicago Bears,2007,23,16,238,81,34.0,16,7,43.8,44,18,40.9
Miami Dolphins,2007,24,16,218,81,37.2,22,13,59.1,39,20,51.3
Denver Broncos,2007,25,16,198,80,40.4,22,7,31.8,51,25,49.0
Kansas City Chiefs,2007,26,16,232,79,34.1,18,13,72.2,35,17,48.6
Arizona Cardinals,2007,27,16,203,75,36.9,14,12,85.7,50,34,68.0
Seattle Seahawks,2007,28,16,215,75,34.9,14,6,42.9,49,28,57.1
Minnesota Vikings,2007,29,16,200,69,34.5,13,7,53.8,35,21,60.0
San Francisco 49ers,2007,30,16,220,69,31.4,17,5,29.4,29,15,51.7
Buffalo Bills,2007,31,16,195,65,33.3,18,8,44.4,34,13,38.2
Detroit Lions,2007,32,16,190,62,32.6,10,4,40.0,50,25,50.0
Indianapolis Colts,2008,1,16,201,101,50.2,16,11,68.8,50,34,68.0
Green Bay Packers,2008,2,16,224,99,44.2,18,8,44.4,48,29,60.4
New Orleans Saints,2008,3,16,200,97,48.5,18,10,55.6,62,38,61.3
New England Patriots,2008,4,16,222,96,43.2,22,17,77.3,65,33,50.8
Atlanta Falcons,2008,5,16,219,95,43.4,13,6,46.2,56,31,55.4
Baltimore Ravens,2008,6,16,232,95,40.9,11,7,63.6,51,24,47.1
Denver Broncos,2008,7,16,200,95,47.5,10,4,40.0,55,30,54.5
Philadelphia Eagles,2008,8,16,225,93,41.3,9,4,44.4,63,31,49.2
Pittsburgh Steelers,2008,9,16,224,92,41.1,12,3,25.0,49,27,55.1
Dallas Cowboys,2008,10,16,212,91,42.9,12,7,58.3,44,26,59.1
San Diego Chargers,2008,11,16,194,89,45.9,11,8,72.7,65,37,56.9
Tampa Bay Buccaneers,2008,12,16,229,88,38.4,18,10,55.6,56,22,39.3
New York Giants,2008,13,16,204,88,43.1,11,5,45.5,69,35,50.7
Jacksonville Jaguars,2008,14,16,213,87,40.8,24,14,58.3,45,25,55.6
Minnesota Vikings,2008,15,16,218,86,39.4,18,9,50.0,44,19,43.2
Arizona Cardinals,2008,16,16,198,83,41.9,16,8,50.0,65,38,58.5
Houston Texans,2008,17,16,197,83,42.1,23,14,60.9,61,28,45.9
Kansas City Chiefs,2008,18,16,214,82,38.3,18,7,38.9,45,26,57.8
Cincinnati Bengals,2008,19,16,236,82,34.7,14,7,50.0,33,15,45.5
Buffalo Bills,2008,20,16,203,81,39.9,16,7,43.8,52,25,48.1
New York Jets,2008,21,16,197,81,41.1,16,9,56.3,62,33,53.2
Tennessee Titans,2008,22,16,216,78,36.1,11,5,45.5,45,28,62.2
Chicago Bears,2008,23,16,219,78,35.6,14,6,42.9,50,28,56.0
Carolina Panthers,2008,24,16,196,77,39.3,8,3,37.5,49,32,65.3
Washington Redskins,2008,25,16,216,76,35.2,16,10,62.5,48,23,47.9
San Francisco 49ers,2008,26,16,198,75,37.9,11,5,45.5,52,27,51.9
Cleveland Browns,2008,27,16,212,72,34.0,14,6,42.9,38,14,36.8
Miami Dolphins,2008,28,16,192,71,37.0,15,10,66.7,45,27,60.0
St. Louis Rams,2008,29,16,216,69,31.9,23,11,47.8,29,10,34.5
Seattle Seahawks,2008,30,16,198,62,31.3,12,10,83.3,42,21,50.0
Oakland Raiders,2008,31,16,214,61,28.5,21,9,42.9,37,15,40.5
Detroit Lions,2008,32,16,205,59,28.8,20,10,50.0,31,19,61.3
Miami Dolphins,2009,1,16,245,120,49.0,18,13,72.2,54,33,61.1
Green Bay Packers,2009,2,16,219,103,47.0,9,3,33.3,62,34,54.8
Jacksonville Jaguars,2009,3,16,226,102,45.1,21,12,57.1,47,24,51.1
Minnesota Vikings,2009,4,16,223,100,44.8,12,8,66.7,69,43,62.3
Indianapolis Colts,2009,5,16,193,95,49.2,11,5,45.5,53,35,66.0
Cincinnati Bengals,2009,6,16,229,93,40.6,14,10,71.4,50,25,50.0
Atlanta Falcons,2009,7,16,216,91,42.1,23,16,69.6,56,29,51.8
New York Giants,2009,8,16,210,90,42.9,15,9,60.0,56,27,48.2
New England Patriots,2009,9,16,206,90,43.7,22,11,50.0,65,34,52.3
Baltimore Ravens,2009,10,16,214,89,41.6,13,6,46.2,57,30,52.6
Tennessee Titans,2009,11,16,214,89,41.6,22,12,54.5,39,22,56.4
New Orleans Saints,2009,12,16,197,88,44.7,15,6,40.0,71,41,57.7
Washington Redskins,2009,13,16,216,86,39.8,22,7,31.8,46,26,56.5
New York Jets,2009,14,16,232,86,37.1,20,15,75.0,49,24,49.0
Detroit Lions,2009,15,16,234,84,35.9,26,7,26.9,36,17,47.2
San Diego Chargers,2009,16,16,187,83,44.4,10,5,50.0,63,34,54.0
Houston Texans,2009,17,16,204,82,40.2,12,8,66.7,63,33,52.4
Dallas Cowboys,2009,18,16,202,82,40.6,11,4,36.4,50,26,52.0
Carolina Panthers,2009,19,16,220,82,37.3,20,9,45.0,40,20,50.0
Chicago Bears,2009,20,16,217,81,37.3,18,7,38.9,51,24,47.1
Pittsburgh Steelers,2009,21,16,203,80,39.4,12,8,66.7,56,27,48.2
Denver Broncos,2009,22,16,215,78,36.3,18,7,38.9,52,25,48.1
Cleveland Browns,2009,23,16,233,76,32.6,15,10,66.7,39,17,43.6
Philadelphia Eagles,2009,24,16,207,75,36.2,14,6,42.9,52,25,48.1
Seattle Seahawks,2009,25,16,225,75,33.3,19,8,42.1,48,19,39.6
St. Louis Rams,2009,26,16,226,73,32.3,28,10,35.7,34,11,32.4
Tampa Bay Buccaneers,2009,27,16,218,71,32.6,22,9,40.9,31,16,51.6
Arizona Cardinals,2009,28,16,190,69,36.3,9,5,55.6,54,38,70.4
San Francisco 49ers,2009,29,16,218,65,29.8,21,12,57.1,39,23,59.0
Oakland Raiders,2009,30,16,213,63,29.6,21,10,47.6,29,12,41.4
Kansas City Chiefs,2009,31,16,227,62,27.3,29,14,48.3,38,18,47.4
Buffalo Bills,2009,32,16,198,51,25.8,15,7,46.7,38,12,31.6
Atlanta Falcons,2010,1,16,240,112,46.7,15,11,73.3,58,35,60.3
New Orleans Saints,2010,2,16,217,106,48.8,11,5,45.5,61,31,50.8
Detroit Lions,2010,3,16,242,97,40.1,16,10,62.5,45,29,64.4
New England Patriots,2010,4,16,197,95,48.2,14,7,50.0,67,42,62.7
Pittsburgh Steelers,2010,5,16,218,94,43.1,5,2,40.0,50,24,48.0
New York Jets,2010,6,16,235,93,39.6,14,5,35.7,50,20,40.0
San Diego Chargers,2010,7,16,205,92,44.9,13,5,38.5,59,33,55.9
Miami Dolphins,2010,8,16,230,92,40.0,10,3,30.0,34,18,52.9
Indianapolis Colts,2010,9,16,204,91,44.6,8,5,62.5,56,38,67.9
Tampa Bay Buccaneers,2010,10,16,211,89,42.2,14,10,71.4,44,23,52.3
Cincinnati Bengals,2010,11,16,224,87,38.8,19,13,68.4,55,27,49.1
Dallas Cowboys,2010,12,16,211,86,40.8,22,13,59.1,47,28,59.6
Philadelphia Eagles,2010,13,16,214,85,39.7,13,9,69.2,58,31,53.4
Green Bay Packers,2010,14,16,205,85,41.5,13,5,38.5,53,32,60.4
Kansas City Chiefs,2010,15,16,226,83,36.7,23,10,43.5,52,31,59.6
Baltimore Ravens,2010,16,16,210,82,39.0,10,4,40.0,51,25,49.0
Jacksonville Jaguars,2010,17,16,203,81,39.9,25,16,64.0,46,29,63.0
Buffalo Bills,2010,18,16,211,80,37.9,24,11,45.8,37,19,51.4
Houston Texans,2010,19,16,192,79,41.1,19,9,47.4,53,33,62.3
St. Louis Rams,2010,20,16,235,78,33.2,15,8,53.3,56,20,35.7
Seattle Seahawks,2010,21,16,214,76,35.5,17,6,35.3,50,21,42.0
Cleveland Browns,2010,22,16,202,75,37.1,7,5,71.4,42,19,45.2
Oakland Raiders,2010,23,16,220,75,34.1,20,8,40.0,48,25,52.1
New York Giants,2010,24,16,206,74,35.9,11,3,27.3,54,31,57.4
Minnesota Vikings,2010,25,16,205,71,34.6,17,8,47.1,46,20,43.5
Tennessee Titans,2010,26,16,204,71,34.8,14,8,57.1,43,25,58.1
Carolina Panthers,2010,27,16,227,69,30.4,23,10,43.5,33,10,30.3
San Francisco 49ers,2010,28,16,213,68,31.9,16,8,50.0,42,20,47.6
Denver Broncos,2010,29,16,207,67,32.4,19,6,31.6,52,29,55.8
Chicago Bears,2010,30,16,195,64,32.8,7,2,28.6,51,23,45.1
Washington Redskins,2010,31,16,208,61,29.3,12,6,50.0,43,22,51.2
Arizona Cardinals,2010,32,16,209,58,27.8,18,7,38.9,37,16,43.2
New Orleans Saints,2011,1,16,208,118,56.7,10,3,30.0,75,44,58.7
San Diego Chargers,2011,2,16,211,103,48.8,11,4,36.4,54,29,53.7
Atlanta Falcons,2011,3,16,224,99,44.2,13,4,30.8,59,31,52.5
Baltimore Ravens,2011,4,16,229,97,42.4,7,4,57.1,49,25,51.0
Houston Texans,2011,5,16,224,93,41.5,11,3,27.3,60,28,46.7
Cleveland Browns,2011,6,16,238,92,38.7,18,10,55.6,31,13,41.9
Green Bay Packers,2011,7,16,189,91,48.1,8,4,50.0,66,43,65.2
Pittsburgh Steelers,2011,8,16,196,90,45.9,8,3,37.5,53,27,50.9
New England Patriots,2011,9,16,194,89,45.9,11,7,63.6,72,47,65.3
Philadelphia Eagles,2011,10,16,205,85,41.5,15,7,46.7,66,34,51.5
Minnesota Vikings,2011,11,16,216,83,38.4,18,7,38.9,53,30,56.6
Washington Redskins,2011,12,16,219,81,37.0,13,4,30.8,51,21,41.2
Kansas City Chiefs,2011,13,16,225,81,36.0,17,7,41.2,36,12,33.3
Jacksonville Jaguars,2011,14,16,241,81,33.6,17,6,35.3,35,17,48.6
Cincinnati Bengals,2011,15,16,219,80,36.5,10,4,40.0,51,23,45.1
Tennessee Titans,2011,16,16,218,80,36.7,14,10,71.4,37,22,59.5
Dallas Cowboys,2011,17,16,198,78,39.4,10,5,50.0,51,25,49.0
Seattle Seahawks,2011,18,16,228,77,33.8,15,7,46.7,46,22,47.8
New York Giants,2011,19,16,206,77,37.4,13,4,30.8,56,32,57.1
Detroit Lions,2011,20,16,212,76,35.8,14,8,57.1,58,37,63.8
Tampa Bay Buccaneers,2011,21,16,206,76,36.9,21,8,38.1,38,19,50.0
Carolina Panthers,2011,22,16,185,75,40.5,10,6,60.0,57,33,57.9
Indianapolis Colts,2011,23,16,214,74,34.6,11,4,36.4,38,16,42.1
New York Jets,2011,24,16,213,74,34.7,11,4,36.4,55,36,65.5
Oakland Raiders,2011,25,16,199,71,35.7,13,7,53.8,47,24,51.1
Miami Dolphins,2011,26,16,207,69,33.3,16,6,37.5,53,25,47.2
Chicago Bears,2011,27,16,203,66,32.5,8,2,25.0,38,20,52.6
Arizona Cardinals,2011,28,16,205,66,32.2,15,9,60.0,45,23,51.1
Denver Broncos,2011,29,16,214,66,30.8,13,3,23.1,36,17,47.2
San Francisco 49ers,2011,30,16,221,65,29.4,14,9,64.3,54,22,40.7
St. Louis Rams,2011,31,16,228,64,28.1,23,8,34.8,31,12,38.7
Buffalo Bills,2011,32,16,191,62,32.5,22,9,40.9,53,28,52.8
New England Patriots,2012,1,16,226,110,48.7,12,8,66.7,70,49,70.0
Indianapolis Colts,2012,2,16,229,98,42.8,8,7,87.5,48,26,54.2
Detroit Lions,2012,3,16,228,97,42.5,15,6,40.0,55,33,60.0
Denver Broncos,2012,4,16,213,96,45.1,5,3,60.0,66,39,59.1
Pittsburgh Steelers,2012,5,16,224,94,42.0,13,6,46.2,49,27,55.1
Dallas Cowboys,2012,6,16,212,93,43.9,11,8,72.7,49,25,51.0
Atlanta Falcons,2012,7,16,204,92,45.1,8,2,25.0,63,37,58.7
New Orleans Saints,2012,8,16,207,91,44.0,14,8,57.1,57,39,68.4
Green Bay Packers,2012,9,16,213,90,42.3,13,7,53.8,47,32,68.1
Carolina Panthers,2012,10,16,204,88,43.1,9,3,33.3,46,27,58.7
Houston Texans,2012,11,16,221,83,37.6,7,4,57.1,57,32,56.1
Tennessee Titans,2012,12,16,217,83,38.2,15,5,33.3,36,18,50.0
Philadelphia Eagles,2012,13,16,222,83,37.4,24,14,58.3,50,22,44.0
San Diego Chargers,2012,14,16,217,82,37.8,11,6,54.5,47,22,46.8
Baltimore Ravens,2012,15,16,217,80,36.9,14,6,42.9,49,28,57.1
Seattle Seahawks,2012,16,16,199,80,40.2,18,11,61.1,54,31,57.4
Chicago Bears,2012,17,16,219,80,36.5,13,5,38.5,46,23,50.0
New York Jets,2012,18,16,217,80,36.9,14,7,50.0,47,23,48.9
Miami Dolphins,2012,19,16,207,78,37.7,15,5,33.3,38,21,55.3
Minnesota Vikings,2012,20,16,210,78,37.1,11,7,63.6,52,28,53.8
New York Giants,2012,21,16,192,78,40.6,10,5,50.0,62,34,54.8
Buffalo Bills,2012,22,16,198,77,38.9,8,5,62.5,48,24,50.0
Oakland Raiders,2012,23,16,220,77,35.0,16,4,25.0,42,18,42.9
Tampa Bay Buccaneers,2012,24,16,212,76,35.8,17,7,41.2,47,28,59.6
Cincinnati Bengals,2012,25,16,217,74,34.1,16,11,68.8,57,31,54.4
Kansas City Chiefs,2012,26,16,212,70,33.0,15,7,46.7,37,10,27.0
San Francisco 49ers,2012,27,16,194,68,35.1,12,8,66.7,55,28,50.9
Washington Redskins,2012,28,16,190,68,35.8,17,12,70.6,53,32,60.4
St. Louis Rams,2012,29,16,209,67,32.1,24,13,54.2,37,19,51.4
Cleveland Browns,2012,30,16,218,67,30.7,16,7,43.8,39,17,43.6
Jacksonville Jaguars,2012,31,16,216,64,29.6,26,8,30.8,36,16,44.4
Arizona Cardinals,2012,32,16,230,58,25.2,24,10,41.7,40,16,40.0
San Diego Chargers,2013,1,16,206,101,49.0,6,5,83.3,59,30,50.8
New Orleans Saints,2013,2,16,221,97,43.9,19,9,47.4,57,32,56.1
Washington Redskins,2013,3,16,235,95,40.4,20,6,30.0,50,26,52.0
Denver Broncos,2013,4,16,205,95,46.3,9,8,88.9,67,51,76.1
Detroit Lions,2013,5,16,221,95,43.0,14,5,35.7,56,35,62.5
Tennessee Titans,2013,6,16,227,94,41.4,17,11,64.7,49,28,57.1
Cincinnati Bengals,2013,7,16,225,92,40.9,21,12,57.1,46,34,73.9
Baltimore Ravens,2013,8,16,253,92,36.4,16,6,37.5,52,24,46.2
Carolina Panthers,2013,9,16,208,91,43.8,13,10,76.9,50,29,58.0
New York Jets,2013,10,16,231,90,39.0,8,1,12.5,42,21,50.0
Atlanta Falcons,2013,11,16,207,89,43.0,14,6,42.9,52,27,51.9
Green Bay Packers,2013,12,16,216,89,41.2,13,9,69.2,65,33,50.8
Buffalo Bills,2013,13,16,244,83,34.0,14,4,28.6,44,21,47.7
Philadelphia Eagles,2013,14,16,213,83,39.0,14,7,50.0,57,30,52.6
New England Patriots,2013,15,16,221,83,37.6,15,7,46.7,65,36,55.4
Chicago Bears,2013,16,16,197,83,42.1,13,8,61.5,60,35,58.3
Cleveland Browns,2013,17,16,237,83,35.0,31,14,45.2,36,19,52.8
Houston Texans,2013,18,16,231,83,35.9,17,6,35.3,40,20,50.0
Pittsburgh Steelers,2013,19,16,216,82,38.0,15,9,60.0,53,28,52.8
Indianapolis Colts,2013,20,16,213,80,37.6,10,3,30.0,50,28,56.0
Oakland Raiders,2013,21,16,223,78,35.0,12,7,58.3,42,25,59.5
Minnesota Vikings,2013,22,16,214,78,36.4,19,10,52.6,48,25,52.1
San Francisco 49ers,2013,23,16,211,77,36.5,11,7,63.6,55,31,56.4
Miami Dolphins,2013,24,16,217,76,35.0,12,3,25.0,46,26,56.5
Seattle Seahawks,2013,25,16,204,76,37.3,11,6,54.5,57,32,56.1
Arizona Cardinals,2013,26,16,210,74,35.2,9,5,55.6,50,26,52.0
Kansas City Chiefs,2013,27,16,213,74,34.7,11,4,36.4,57,33,57.9
St. Louis Rams,2013,28,16,212,73,34.4,18,6,33.3,49,25,51.0
Jacksonville Jaguars,2013,29,16,225,70,31.1,30,13,43.3,41,18,43.9
New York Giants,2013,30,16,211,69,32.7,12,6,50.0,36,17,47.2
Tampa Bay Buccaneers,2013,31,16,221,69,31.2,22,8,36.4,37,19,51.4
Dallas Cowboys,2013,32,16,180,63,35.0,6,4,66.7,51,35,68.6
Philadelphia Eagles,2014,1,16,237,103,43.5,11,7,63.6,59,29,49.2
New York Giants,2014,2,16,235,101,43.0,16,5,31.3,61,36,59.0
New England Patriots,2014,3,16,221,98,44.3,13,7,53.8,67,39,58.2
New Orleans Saints,2014,4,16,203,98,48.3,15,8,53.3,65,39,60.0
San Diego Chargers,2014,5,16,215,97,45.1,11,5,45.5,48,26,54.2
Dallas Cowboys,2014,6,16,201,95,47.3,6,3,50.0,51,33,64.7
Denver Broncos,2014,7,16,213,94,44.1,13,6,46.2,62,39,62.9
Green Bay Packers,2014,8,16,197,93,47.2,10,4,40.0,64,37,57.8
Atlanta Falcons,2014,9,16,210,93,44.3,16,8,50.0,44,27,61.4
Pittsburgh Steelers,2014,10,16,208,93,44.7,10,5,50.0,55,29,52.7
Carolina Panthers,2014,11,16,222,93,41.9,10,6,60.0,47,22,46.8
Houston Texans,2014,12,16,235,91,38.7,17,10,58.8,48,26,54.2
New York Jets,2014,13,16,234,91,38.9,16,9,56.3,47,17,36.2
Arizona Cardinals,2014,14,16,224,90,40.2,4,3,75.0,38,16,42.1
Seattle Seahawks,2014,15,16,212,90,42.5,11,3,27.3,60,31,51.7
Indianapolis Colts,2014,16,16,217,89,41.0,15,6,40.0,60,33,55.0
Detroit Lions,2014,17,16,223,86,38.6,20,10,50.0,47,25,53.2
San Francisco 49ers,2014,18,16,213,86,40.4,18,10,55.6,44,19,43.2
Baltimore Ravens,2014,19,16,205,84,41.0,18,9,50.0,63,33,52.4
Cincinnati Bengals,2014,20,16,211,84,39.8,13,7,53.8,49,28,57.1
Buffalo Bills,2014,21,16,229,84,36.7,14,6,42.9,51,22,43.1
Minnesota Vikings,2014,22,16,211,82,38.9,12,6,50.0,39,21,53.8
Miami Dolphins,2014,23,16,200,80,40.0,19,7,36.8,68,35,51.5
Oakland Raiders,2014,24,16,236,80,33.9,15,9,60.0,29,21,72.4
Kansas City Chiefs,2014,25,16,201,80,39.8,12,5,41.7,48,28,58.3
Chicago Bears,2014,26,16,207,78,37.7,28,13,46.4,47,30,63.8
Tampa Bay Buccaneers,2014,27,16,203,76,37.4,12,4,33.3,39,21,53.8
Jacksonville Jaguars,2014,28,16,216,69,31.9,19,7,36.8,32,13,40.6
St. Louis Rams,2014,29,16,192,68,35.4,10,4,40.0,44,22,50.0
Washington Redskins,2014,30,16,197,62,31.5,16,4,25.0,48,23,47.9
Cleveland Browns,2014,31,16,207,61,29.5,14,5,35.7,49,24,49.0
Tennessee Titans,2014,32,16,196,59,30.1,17,6,35.3,39,19,48.7
Atlanta Falcons,2015,1,16,227,107,47.1,19,10,52.6,53,29,54.7
New Orleans Saints,2015,2,16,218,104,47.7,16,10,62.5,58,35,60.3
Seattle Seahawks,2015,3,16,213,99,46.5,9,8,88.9,49,27,55.1
San Diego Chargers,2015,4,16,231,97,42.0,15,5,33.3,44,28,63.6
Houston Texans,2015,5,16,249,96,38.6,19,6,31.6,45,26,57.8
Cleveland Browns,2015,6,16,227,95,41.9,24,10,41.7,47,18,38.3
Washington Redskins,2015,7,16,216,94,43.5,12,7,58.3,49,30,61.2
Indianapolis Colts,2015,8,16,235,94,40.0,13,7,53.8,49,26,53.1
Chicago Bears,2015,9,16,219,93,42.5,10,6,60.0,50,24,48.0
Arizona Cardinals,2015,10,16,198,93,47.0,9,4,44.4,63,38,60.3
New York Jets,2015,11,16,229,93,40.6,14,6,42.9,53,35,66.0
Philadelphia Eagles,2015,12,16,230,91,39.6,16,8,50.0,43,24,55.8
New England Patriots,2015,13,16,215,88,40.9,15,9,60.0,61,40,65.6
Buffalo Bills,2015,14,16,227,86,37.9,16,7,43.8,38,19,50.0
Oakland Raiders,2015,15,16,220,86,39.1,13,5,38.5,41,25,61.0
Carolina Panthers,2015,16,16,203,86,42.4,10,6,60.0,63,43,68.3
Baltimore Ravens,2015,17,16,226,85,37.6,24,12,50.0,47,23,48.9
Tampa Bay Buccaneers,2015,18,16,202,84,41.6,13,7,53.8,51,27,52.9
New York Giants,2015,19,16,217,82,37.8,16,9,56.3,54,24,44.4
Cincinnati Bengals,2015,20,16,201,81,40.3,12,7,58.3,58,38,65.5
Denver Broncos,2015,21,16,224,79,35.3,14,7,50.0,44,21,47.7
Minnesota Vikings,2015,22,16,199,76,38.2,11,5,45.5,44,22,50.0
Kansas City Chiefs,2015,23,16,199,76,38.2,9,6,66.7,54,31,57.4
Detroit Lions,2015,24,16,203,75,36.9,14,7,50.0,49,34,69.4
Pittsburgh Steelers,2015,25,16,193,75,38.9,12,4,33.3,56,34,60.7
Jacksonville Jaguars,2015,26,16,205,72,35.1,15,8,53.3,54,29,53.7
Green Bay Packers,2015,27,16,208,70,33.7,21,11,52.4,52,28,53.8
Dallas Cowboys,2015,28,16,191,66,34.6,16,8,50.0,45,20,44.4
San Francisco 49ers,2015,29,16,213,65,30.5,19,9,47.4,39,17,43.6
Tennessee Titans,2015,30,16,201,64,31.8,15,7,46.7,40,26,65.0
Miami Dolphins,2015,31,16,205,63,30.7,22,8,36.4,43,23,53.5
St. Louis Rams,2015,32,16,201,52,25.9,13,4,30.8,36,19,52.8
New Orleans Saints,2016,1,16,220,107,48.6,15,13,86.7,68,45,66.2
New England Patriots,2016,2,16,227,104,45.8,12,8,66.7,60,38,63.3
Tennessee Titans,2016,3,16,217,100,46.1,11,4,36.4,50,36,72.0
Green Bay Packers,2016,4,16,210,98,46.7,17,7,41.2,66,40,60.6
Tampa Bay Buccaneers,2016,5,16,214,94,43.9,9,4,44.4,54,28,51.9
Washington Redskins,2016,6,16,199,90,45.2,14,7,50.0,61,28,45.9
Indianapolis Colts,2016,7,16,202,87,43.1,18,8,44.4,53,35,66.0
Arizona Cardinals,2016,8,16,214,87,40.7,10,5,50.0,54,35,64.8
Houston Texans,2016,9,16,233,87,37.3,23,9,39.1,44,18,40.9
Buffalo Bills,2016,10,16,210,86,41.0,15,8,53.3,54,35,64.8
Baltimore Ravens,2016,11,16,233,86,36.9,19,8,42.1,46,24,52.2
San Diego Chargers,2016,12,16,200,85,42.5,12,6,50.0,62,32,51.6
Philadelphia Eagles,2016,13,16,224,85,37.9,27,13,48.1,55,27,49.1
Detroit Lions,2016,14,16,195,83,42.6,10,7,70.0,48,26,54.2
Oakland Raiders,2016,15,16,218,83,38.1,13,6,46.2,56,32,57.1
Pittsburgh Steelers,2016,16,16,202,83,41.1,16,9,56.3,49,29,59.2
Carolina Panthers,2016,17,16,223,83,37.2,17,11,64.7,49,29,59.2
Cincinnati Bengals,2016,18,16,210,82,39.0,9,7,77.8,54,29,53.7
Minnesota Vikings,2016,19,16,213,81,38.0,18,8,44.4,50,23,46.0
Kansas City Chiefs,2016,20,16,213,81,38.0,14,10,71.4,55,25,45.5
Dallas Cowboys,2016,21,16,189,80,42.3,9,8,88.9,57,38,66.7
Seattle Seahawks,2016,22,16,207,79,38.2,11,4,36.4,56,26,46.4
New York Giants,2016,23,16,219,78,35.6,19,9,47.4,43,23,53.5
Jacksonville Jaguars,2016,24,16,221,78,35.3,16,7,43.8,40,24,60.0
San Francisco 49ers,2016,25,16,222,78,35.1,19,10,52.6,44,30,68.2
Cleveland Browns,2016,26,16,212,77,36.3,18,13,72.2,44,24,54.5
New York Jets,2016,27,16,210,76,36.2,19,8,42.1,54,19,35.2
Atlanta Falcons,2016,28,16,178,75,42.1,14,8,57.1,63,39,61.9
Denver Broncos,2016,29,16,219,75,34.2,17,9,52.9,47,22,46.8
Chicago Bears,2016,30,16,185,70,37.8,14,4,28.6,49,25,51.0
Miami Dolphins,2016,31,16,188,69,36.7,4,0,0.0,47,26,55.3
Los Angeles Rams,2016,32,16,213,67,31.5,20,8,40.0,34,16,47.1
Buffalo Bills,2017,1,16,241,101,41.9,15,2,13.3,44,23,52.3
Philadelphia Eagles,2017,2,16,230,96,41.7,26,17,65.4,55,36,65.5
Minnesota Vikings,2017,3,16,216,94,43.5,7,1,14.3,57,33,57.9
Denver Broncos,2017,4,16,241,94,39.0,20,7,35.0,48,19,39.6
Carolina Panthers,2017,5,16,222,93,41.9,11,5,45.5,52,28,53.8
Pittsburgh Steelers,2017,6,16,209,92,44.0,8,3,37.5,63,32,50.8
San Francisco 49ers,2017,7,16,234,91,38.9,18,8,44.4,51,24,47.1
Los Angeles Rams,2017,8,16,214,88,41.1,12,5,41.7,69,38,55.1
Atlanta Falcons,2017,9,16,197,88,44.7,13,4,30.8,54,27,50.0
Indianapolis Colts,2017,10,16,228,87,38.2,17,8,47.1,40,16,40.0
Dallas Cowboys,2017,11,16,203,87,42.9,19,10,52.6,52,31,59.6
Tampa Bay Buccaneers,2017,12,16,196,85,43.4,8,4,50.0,53,26,49.1
Jacksonville Jaguars,2017,13,16,228,85,37.3,13,10,76.9,50,32,64.0
Los Angeles Chargers,2017,14,16,209,84,40.2,11,5,45.5,47,22,46.8
Green Bay Packers,2017,15,16,211,83,39.3,28,15,53.6,42,26,61.9
New England Patriots,2017,16,16,202,82,40.6,13,8,61.5,70,42,60.0
Arizona Cardinals,2017,17,16,233,82,35.2,16,7,43.8,48,20,41.7
Oakland Raiders,2017,18,16,204,82,40.2,24,8,33.3,34,20,58.8
New York Jets,2017,19,16,228,81,35.5,13,7,53.8,33,18,54.5
Detroit Lions,2017,20,16,209,81,38.8,9,1,11.1,46,26,56.5
Seattle Seahawks,2017,21,16,212,79,37.3,9,5,55.6,45,25,55.6
Kansas City Chiefs,2017,22,16,199,78,39.2,10,3,30.0,50,21,42.0
Houston Texans,2017,23,16,209,76,36.4,10,5,50.0,42,22,52.4
Baltimore Ravens,2017,24,16,223,76,34.1,16,10,62.5,52,30,57.7
New York Giants,2017,25,16,227,74,32.6,21,8,38.1,39,19,48.7
Cleveland Browns,2017,26,16,216,73,33.8,23,12,52.2,39,19,48.7
New Orleans Saints,2017,27,16,194,73,37.6,15,12,80.0,55,32,58.2
Tennessee Titans,2017,28,16,202,71,35.1,10,5,50.0,40,21,52.5
Chicago Bears,2017,29,16,205,71,34.6,18,7,38.9,33,20,60.6
Cincinnati Bengals,2017,30,16,199,67,33.7,12,5,41.7,43,24,55.8
Washington Redskins,2017,31,16,204,66,32.4,16,9,56.3,46,25,54.3
Miami Dolphins,2017,32,16,202,64,31.7,24,7,29.2,38,20,52.6
Indianapolis Colts,2018,1,16,214,104,48.6,15,7,46.7,64,44,68.8
Baltimore Ravens,2018,2,16,231,104,45.0,22,13,59.1,59,33,55.9
Jacksonville Jaguars,2018,3,16,230,93,40.4,17,8,47.1,34,15,44.1
Atlanta Falcons,2018,4,16,203,92,45.3,19,10,52.6,50,32,64.0
Dallas Cowboys,2018,5,16,215,89,41.4,21,12,57.1,50,24,48.0
Pittsburgh Steelers,2018,6,16,198,88,44.4,14,9,64.3,49,36,73.5
Tampa Bay Buccaneers,2018,7,16,187,86,46.0,13,9,69.2,60,36,60.0
Los Angeles Rams,2018,8,16,191,86,45.0,15,6,40.0,80,46,57.5
Philadelphia Eagles,2018,9,16,205,84,41.0,23,14,60.9,57,33,57.9
Kansas City Chiefs,2018,10,16,176,83,47.2,15,12,80.0,71,51,71.8
Chicago Bears,2018,11,16,200,82,41.0,15,9,60.0,54,36,66.7
Tennessee Titans,2018,12,16,205,82,40.0,12,7,58.3,47,25,53.2
New England Patriots,2018,13,16,201,82,40.8,14,7,50.0,57,34,59.6
New Orleans Saints,2018,14,16,184,82,44.6,16,13,81.3,69,48,69.6
Seattle Seahawks,2018,15,16,208,81,38.9,14,11,78.6,55,36,65.5
Houston Texans,2018,16,16,208,77,37.0,12,8,66.7,60,30,50.0
Carolina Panthers,2018,17,16,185,77,41.6,19,9,47.4,58,36,62.1
New York Giants,2018,18,16,206,76,36.9,20,12,60.0,54,27,50.0
Green Bay Packers,2018,19,16,204,75,36.8,20,10,50.0,47,29,61.7
Detroit Lions,2018,20,16,208,75,36.1,18,11,61.1,49,26,53.1
Washington Redskins,2018,21,16,206,75,36.4,18,10,55.6,40,21,52.5
Minnesota Vikings,2018,22,16,204,73,35.8,21,9,42.9,50,27,54.0
Oakland Raiders,2018,23,16,197,73,37.1,16,7,43.8,43,23,53.5
San Francisco 49ers,2018,24,16,193,73,37.8,10,5,50.0,51,21,41.2
Cleveland Browns,2018,25,16,208,73,35.1,21,9,42.9,48,32,66.7
Los Angeles Chargers,2018,26,16,177,70,39.5,8,7,87.5,53,34,64.2
New York Jets,2018,27,16,214,69,32.2,22,11,50.0,45,20,44.4
Denver Broncos,2018,28,16,207,69,33.3,25,15,60.0,44,25,56.8
Cincinnati Bengals,2018,29,16,187,69,36.9,17,9,52.9,45,32,71.1
Buffalo Bills,2018,30,16,215,68,31.6,18,7,38.9,37,22,59.5
Arizona Cardinals,2018,31,16,199,58,29.1,16,6,37.5,28,18,64.3
Miami Dolphins,2018,32,16,186,56,30.1,13,8,61.5,31,16,51.6
Philadelphia Eagles,2019,1,16,229,104,45.4,24,8,33.3,54,36,66.7
Dallas Cowboys,2019,2,16,204,96,47.1,16,7,43.8,54,31,57.4
Detroit Lions,2019,3,16,220,90,40.9,13,5,38.5,42,25,59.5
San Francisco 49ers,2019,4,16,200,90,45.0,12,7,58.3,62,33,53.2
Tampa Bay Buccaneers,2019,5,16,217,90,41.5,17,9,52.9,54,35,64.8
Kansas City Chiefs,2019,6,16,187,89,47.6,10,6,60.0,50,27,54.0
Oakland Raiders,2019,7,16,201,88,43.8,19,11,57.9,53,28,52.8
Baltimore Ravens,2019,8,16,187,88,47.1,24,17,70.8,64,43,67.2
Atlanta Falcons,2019,9,16,207,87,42.0,21,13,61.9,60,31,51.7
New England Patriots,2019,10,16,227,87,38.3,15,6,40.0,60,30,50.0
Indianapolis Colts,2019,11,16,207,86,41.5,24,14,58.3,56,36,64.3
Los Angeles Chargers,2019,12,16,194,86,44.3,18,10,55.6,53,28,52.8
Houston Texans,2019,13,16,193,84,43.5,25,13,52.0,53,34,64.2
Los Angeles Rams,2019,14,16,208,83,39.9,13,3,23.1,59,38,64.4
Minnesota Vikings,2019,15,16,194,83,42.8,15,8,53.3,56,34,60.7
New Orleans Saints,2019,16,16,192,81,42.2,13,5,38.5,57,34,59.6
Cincinnati Bengals,2019,17,16,222,80,36.0,26,13,50.0,48,21,43.8
Seattle Seahawks,2019,18,16,200,79,39.5,14,7,50.0,60,38,63.3
New York Giants,2019,19,16,212,79,37.3,31,14,45.2,42,24,57.1
Chicago Bears,2019,20,16,216,77,35.6,21,7,33.3,46,24,52.2
Buffalo Bills,2019,21,16,212,76,35.8,18,8,44.4,44,25,56.8
Jacksonville Jaguars,2019,22,16,220,76,34.5,25,12,48.0,47,19,40.4
Green Bay Packers,2019,23,16,203,73,36.0,14,7,50.0,50,32,64.0
Miami Dolphins,2019,24,16,207,71,34.3,28,13,46.4,48,27,56.3
Arizona Cardinals,2019,25,16,197,71,36.0,20,13,65.0,53,24,45.3
Cleveland Browns,2019,26,16,196,71,36.2,17,7,41.2,50,29,58.0
Tennessee Titans,2019,27,16,185,70,37.8,14,4,28.6,45,34,75.6
Pittsburgh Steelers,2019,28,16,195,67,34.4,15,2,13.3,40,14,35.0
Carolina Panthers,2019,29,16,207,66,31.9,24,12,50.0,50,29,58.0
New York Jets,2019,30,16,212,65,30.7,19,7,36.8,33,18,54.5
Denver Broncos,2019,31,16,202,64,31.7,16,11,68.8,42,20,47.6
Washington Redskins,2019,32,16,179,52,29.1,14,6,42.9,41,20,48.8
Baltimore Ravens,2020,1,16,207,101,48.8,19,12,63.2,60,38,63.3
Los Angeles Chargers,2020,2,16,224,99,44.2,25,12,48.0,56,32,57.1
Los Angeles Rams,2020,3,16,226,98,43.4,17,8,47.1,57,33,57.9
Atlanta Falcons,2020,4,16,221,97,43.9,26,15,57.7,58,31,53.4
Pittsburgh Steelers,2020,5,16,230,97,42.2,19,10,52.6,52,33,63.5
Kansas City Chiefs,2020,6,16,194,95,49.0,16,9,56.3,59,36,61.0
Buffalo Bills,2020,7,16,187,93,49.7,10,8,80.0,68,42,61.8
New Orleans Saints,2020,8,16,208,93,44.7,16,11,68.8,68,49,72.1
Las Vegas Raiders,2020,9,16,198,91,46.0,21,16,76.2,59,32,54.2
Green Bay Packers,2020,10,16,180,89,49.4,21,13,61.9,60,48,80.0
Washington Football Team,2020,11,16,225,88,39.1,19,11,57.9,47,27,57.4
Cleveland Browns,2020,12,16,196,88,44.9,24,8,33.3,53,39,73.6
Dallas Cowboys,2020,13,16,215,87,40.5,31,17,54.8,54,27,50.0
Jacksonville Jaguars,2020,14,16,207,84,40.6,26,7,26.9,45,27,60.0
Tennessee Titans,2020,15,16,182,84,46.2,16,10,62.5,64,48,75.0
Houston Texans,2020,16,16,193,83,43.0,16,9,56.3,50,27,54.0
Tampa Bay Buccaneers,2020,17,16,191,83,43.5,14,8,57.1,61,42,68.9
Philadelphia Eagles,2020,18,16,220,82,37.3,35,15,42.9,46,28,60.9
Denver Broncos,2020,19,16,212,82,38.7,15,4,26.7,45,24,53.3
Arizona Cardinals,2020,20,16,202,80,39.6,25,17,68.0,58,38,65.5
Detroit Lions,2020,21,16,192,79,41.1,20,10,50.0,53,35,66.0
Miami Dolphins,2020,22,16,202,78,38.6,10,8,80.0,60,35,58.3
Indianapolis Colts,2020,23,16,197,78,39.6,26,16,61.5,60,35,58.3
Cincinnati Bengals,2020,24,16,213,77,36.2,27,19,70.4,48,24,50.0
San Francisco 49ers,2020,25,16,197,77,39.1,15,6,40.0,55,37,67.3
New England Patriots,2020,26,16,186,76,40.9,17,9,52.9,48,26,54.2
Seattle Seahawks,2020,27,16,189,76,40.2,14,8,57.1,56,41,73.2
Carolina Panthers,2020,28,16,195,76,39.0,27,15,55.6,57,29,50.9
Minnesota Vikings,2020,29,16,181,74,40.9,23,13,56.5,59,42,71.2
New York Giants,2020,30,16,198,72,36.4,22,14,63.6,41,19,46.3
Chicago Bears,2020,31,16,205,71,34.6,28,17,60.7,55,31,56.4
New York Jets,2020,32,16,206,70,34.0,18,7,38.9,38,16,42.1
Houston Texans,2021,1,2,35,20,57.1,0,0,,8,6,75.0
Los Angeles Chargers,2021,2,2,31,19,61.3,1,1,100.0,10,3,30.0
Buffalo Bills,2021,3,2,31,15,48.4,4,2,50.0,8,5,62.5
Dallas Cowboys,2021,4,2,27,15,55.6,1,0,0.0,7,3,42.9
New England Patriots,2021,5,2,28,14,50.0,0,0,,7,2,28.6
Las Vegas Raiders,2021,6,2,28,12,42.9,2,1,50.0,9,4,44.4
Carolina Panthers,2021,7,2,29,12,41.4,1,0,0.0,7,3,42.9
Miami Dolphins,2021,8,2,29,12,41.4,4,0,0.0,5,2,40.0
Chicago Bears,2021,9,2,26,11,42.3,5,0,0.0,6,3,50.0
Philadelphia Eagles,2021,10,2,25,11,44.0,3,0,0.0,5,4,80.0
Tennessee Titans,2021,11,2,28,11,39.3,4,1,25.0,8,4,50.0
Indianapolis Colts,2021,12,2,24,10,41.7,4,0,0.0,8,3,37.5
Arizona Cardinals,2021,13,2,22,10,45.5,1,1,100.0,9,7,77.8
Kansas City Chiefs,2021,14,2,19,10,52.6,0,0,,6,4,66.7
New York Giants,2021,15,2,24,10,41.7,3,1,33.3,6,2,33.3
Los Angeles Rams,2021,16,2,20,9,45.0,2,1,50.0,9,5,55.6
Cincinnati Bengals,2021,17,2,26,9,34.6,4,2,50.0,4,3,75.0
Pittsburgh Steelers,2021,18,2,24,9,37.5,1,0,0.0,4,2,50.0
New York Jets,2021,19,2,26,9,34.6,5,2,40.0,3,1,33.3
Baltimore Ravens,2021,20,2,23,9,39.1,3,2,66.7,6,6,100.0
Atlanta Falcons,2021,21,2,29,9,31.0,7,2,28.6,6,3,50.0
San Francisco 49ers,2021,22,2,23,9,39.1,1,1,100.0,4,4,100.0
Denver Broncos,2021,23,2,26,9,34.6,5,5,100.0,9,4,44.4
Tampa Bay Buccaneers,2021,24,2,23,9,39.1,2,1,50.0,10,7,70.0
Minnesota Vikings,2021,25,2,26,8,30.8,2,2,100.0,5,4,80.0
Seattle Seahawks,2021,26,2,21,8,38.1,0,0,,5,4,80.0
Detroit Lions,2021,27,2,24,8,33.3,7,2,28.6,5,5,100.0
New Orleans Saints,2021,28,2,21,7,33.3,4,2,50.0,5,5,100.0
Jacksonville Jaguars,2021,29,2,22,7,31.8,2,2,100.0,1,1,100.0
Washington Football Team,2021,30,2,23,7,30.4,3,3,100.0,6,4,66.7
Green Bay Packers,2021,31,2,19,6,31.6,3,2,66.7,6,4,66.7
Cleveland Browns,2021,32,2,16,6,37.5,4,3,75.0,7,6,85.7
