Tm,Year,Rk,G,#Dr,Plays,Sc_perc,TO_perc,Plays,Yds,Start,Time,Pts
Chicago Bears,2006,1,16,201,1078,34.8,15.9,5.4,25.8,Own 32.6,2:28,1.80
Green Bay Packers,2006,2,16,199,1120,26.6,16.1,5.6,27.3,Own 30.4,2:28,1.34
Carolina Panthers,2006,3,16,197,1021,25.4,12.7,5.2,25.0,Own 27.1,2:28,1.29
Minnesota Vikings,2006,4,16,197,1050,23.9,15.7,5.3,25.1,Own 29.9,2:35,1.24
Seattle Seahawks,2006,5,16,197,1076,29.9,17.3,5.5,25.3,Own 31.1,2:25,1.59
Baltimore Ravens,2006,6,16,192,1047,31.3,11.5,5.5,26.2,Own 33.5,2:44,1.60
Denver Broncos,2006,7,16,192,1002,30.7,14.6,5.2,25.7,Own 27.0,2:32,1.59
New York Giants,2006,8,16,190,1031,32.6,13.7,5.4,27.5,Own 32.2,2:31,1.80
New Orleans Saints,2006,9,16,190,1101,36.8,12.1,5.8,33.0,Own 29.2,2:41,2.09
Miami Dolphins,2006,10,16,190,1070,25.8,12.6,5.6,26.0,Own 31.5,2:32,1.26
San Diego Chargers,2006,11,16,190,1045,43.2,6.8,5.5,30.6,Own 32.1,2:40,2.47
Tampa Bay Buccaneers,2006,12,16,190,994,19.5,16.3,5.2,22.7,Own 29.0,2:24,1.01
San Francisco 49ers,2006,13,16,189,953,30.2,15.3,5.0,25.7,Own 30.0,2:27,1.50
New England Patriots,2006,14,16,189,1081,34.4,13.8,5.7,28.5,Own 32.6,2:40,1.98
Pittsburgh Steelers,2006,15,16,188,1068,31.4,18.1,5.7,30.3,Own 28.0,2:41,1.77
Jacksonville Jaguars,2006,16,16,188,1021,35.1,11.2,5.4,28.8,Own 33.2,2:45,1.90
Cleveland Browns,2006,17,16,188,968,22.9,21.3,5.1,22.5,Own 31.3,2:31,1.15
Cincinnati Bengals,2006,18,16,188,1025,35.6,12.2,5.5,29.0,Own 31.0,2:26,1.96
Tennessee Titans,2006,19,16,187,973,26.7,13.9,5.2,25.6,Own 30.0,2:21,1.40
Buffalo Bills,2006,20,16,186,923,27.4,15.1,5.0,22.8,Own 31.2,2:25,1.42
Detroit Lions,2006,21,16,185,996,31.9,21.1,5.4,26.7,Own 29.7,2:24,1.61
Atlanta Falcons,2006,22,16,184,1032,28.8,10.9,5.6,28.8,Own 30.3,2:37,1.52
Philadelphia Eagles,2006,23,16,183,1011,33.9,11.5,5.5,33.2,Own 30.0,2:32,1.98
St. Louis Rams,2006,24,16,183,1102,37.7,8.7,6.0,31.4,Own 28.1,2:44,1.94
Kansas City Chiefs,2006,25,16,182,1035,32.4,12.6,5.7,28.0,Own 31.8,2:41,1.74
Oakland Raiders,2006,26,16,180,974,16.7,25.0,5.4,21.6,Own 30.9,2:30,0.77
Washington Redskins,2006,27,16,179,1009,30.2,9.5,5.6,29.2,Own 29.1,2:42,1.62
Arizona Cardinals,2006,28,16,177,1036,32.2,15.3,5.9,28.1,Own 29.8,2:43,1.62
New York Jets,2006,29,16,176,1041,31.8,13.6,5.9,27.7,Own 30.8,2:49,1.68
Dallas Cowboys,2006,30,16,176,1043,38.1,15.3,5.9,32.6,Own 31.7,2:49,2.21
Houston Texans,2006,31,16,169,980,27.2,13.6,5.8,26.4,Own 28.0,2:47,1.46
Indianapolis Colts,2006,32,16,156,1040,47.4,10.9,6.7,38.9,Own 28.8,3:02,2.65
Chicago Bears,2007,1,16,205,1071,27.8,15.1,5.2,22.8,Own 34.5,2:13,1.34
San Francisco 49ers,2007,2,16,203,944,19.7,15.8,4.7,18.6,Own 32.3,2:08,1.04
Seattle Seahawks,2007,3,16,202,1090,33.2,11.4,5.4,27.5,Own 31.7,2:22,1.77
Arizona Cardinals,2007,4,16,197,1046,32.0,18.3,5.3,27.6,Own 32.5,2:29,1.81
Atlanta Falcons,2007,5,16,194,1021,26.3,12.4,5.3,24.7,Own 31.0,2:22,1.30
Kansas City Chiefs,2007,6,16,194,1028,21.6,15.5,5.3,22.8,Own 28.1,2:29,1.12
Washington Redskins,2007,7,16,193,1087,32.1,15.0,5.6,27.4,Own 32.0,2:35,1.65
St. Louis Rams,2007,8,16,193,1059,24.9,18.7,5.5,24.6,Own 28.4,2:30,1.24
Cleveland Browns,2007,9,16,192,1034,35.4,14.6,5.4,29.2,Own 33.2,2:27,1.94
San Diego Chargers,2007,10,16,191,1008,34.0,12.6,5.3,26.4,Own 31.8,2:31,1.88
Oakland Raiders,2007,11,16,191,1032,26.7,17.3,5.4,24.6,Own 29.6,2:38,1.39
Minnesota Vikings,2007,12,16,190,988,28.4,15.3,5.2,28.2,Own 27.7,2:29,1.57
Green Bay Packers,2007,13,16,190,1024,38.9,12.1,5.4,31.0,Own 31.5,2:33,2.07
Carolina Panthers,2007,14,16,189,1017,26.5,13.8,5.4,23.9,Own 28.7,2:26,1.34
Detroit Lions,2007,15,16,189,1000,32.3,18.5,5.3,27.3,Own 29.7,2:21,1.65
New York Giants,2007,16,16,189,1068,32.3,17.5,5.7,28.1,Own 31.5,2:39,1.77
Tennessee Titans,2007,17,16,189,1076,32.3,16.9,5.7,26.3,Own 32.5,2:42,1.52
Baltimore Ravens,2007,18,16,186,1076,27.4,18.3,5.8,25.9,Own 29.5,2:41,1.34
Tampa Bay Buccaneers,2007,19,16,185,1008,33.0,9.7,5.4,28.2,Own 33.1,2:38,1.70
Philadelphia Eagles,2007,20,16,182,1079,34.1,13.2,5.9,31.5,Own 29.2,2:43,1.86
Dallas Cowboys,2007,21,16,182,1006,41.8,12.6,5.5,32.1,Own 31.9,2:41,2.35
New Orleans Saints,2007,22,16,180,1082,31.7,16.1,6.0,32.1,Own 28.5,2:46,1.88
Buffalo Bills,2007,23,16,177,946,24.9,11.9,5.3,24.8,Own 30.4,2:36,1.20
Cincinnati Bengals,2007,24,16,177,1042,37.9,15.3,5.9,31.4,Own 31.1,2:39,1.95
Denver Broncos,2007,25,16,177,1007,32.8,14.7,5.7,31.1,Own 28.0,2:40,1.68
Pittsburgh Steelers,2007,26,16,175,1025,37.7,11.4,5.9,29.8,Own 32.4,3:04,2.11
Miami Dolphins,2007,27,16,175,1012,26.9,16.0,5.8,26.0,Own 27.7,2:42,1.40
Houston Texans,2007,28,16,172,998,35.5,20.9,5.8,30.8,Own 29.6,2:45,1.90
New York Jets,2007,29,16,171,1048,29.2,14.0,6.1,27.5,Own 30.3,2:43,1.37
Jacksonville Jaguars,2007,30,16,169,1047,39.6,10.1,6.2,33.8,Own 30.2,3:02,2.28
New England Patriots,2007,31,16,167,1082,52.7,7.8,6.5,39.3,Own 32.3,3:07,3.19
Indianapolis Colts,2007,32,16,166,1049,44.6,11.4,6.3,34.6,Own 31.8,2:52,2.57
Chicago Bears,2008,1,16,203,1021,30.5,11.3,5.0,23.3,Own 33.4,2:15,1.63
Philadelphia Eagles,2008,2,16,200,1096,35.5,11.5,5.5,28.0,Own 31.2,2:31,1.83
Baltimore Ravens,2008,3,16,194,1093,33.0,10.8,5.6,26.6,Own 32.3,2:45,1.73
Carolina Panthers,2008,4,16,192,969,38.0,9.9,5.0,29.2,Own 31.8,2:27,2.08
Tennessee Titans,2008,5,16,191,1006,34.6,8.9,5.3,26.1,Own 32.4,2:27,1.81
Dallas Cowboys,2008,6,16,190,1001,32.1,16.3,5.3,28.9,Own 29.5,2:32,1.83
Minnesota Vikings,2008,7,16,190,1048,34.7,14.7,5.5,27.7,Own 29.3,2:38,1.82
Pittsburgh Steelers,2008,8,16,190,1046,32.6,12.6,5.5,26.1,Own 31.1,2:40,1.72
St. Louis Rams,2008,9,16,190,1018,26.3,16.3,5.4,24.2,Own 27.2,2:29,1.19
Tampa Bay Buccaneers,2008,10,16,189,1083,33.3,12.7,5.7,28.8,Own 32.4,2:43,1.66
Oakland Raiders,2008,11,16,187,949,24.6,11.8,5.1,23.0,Own 30.3,2:26,1.21
Detroit Lions,2008,12,16,187,936,26.2,15.0,5.0,22.9,Own 27.9,2:19,1.39
Cincinnati Bengals,2008,13,16,186,1010,21.0,13.4,5.4,21.0,Own 30.1,2:31,0.99
San Francisco 49ers,2008,14,16,185,994,33.0,18.4,5.4,26.7,Own 29.2,2:33,1.68
Green Bay Packers,2008,15,16,179,1045,36.9,11.2,5.8,31.2,Own 28.2,2:50,1.98
Washington Redskins,2008,16,16,178,1062,29.2,9.6,6.0,28.7,Own 31.8,2:50,1.46
New York Giants,2008,17,16,178,1060,43.8,7.3,6.0,32.0,Own 32.3,3:00,2.26
New Orleans Saints,2008,18,16,178,1074,42.7,14.0,6.0,36.7,Own 29.9,2:44,2.49
Kansas City Chiefs,2008,19,16,178,979,27.0,12.4,5.5,27.6,Own 27.8,2:31,1.53
Arizona Cardinals,2008,20,16,178,1025,39.3,15.7,5.8,32.9,Own 30.8,2:43,2.19
New York Jets,2008,21,16,177,1010,37.3,16.9,5.7,29.8,Own 31.4,2:49,2.07
Seattle Seahawks,2008,22,16,176,955,29.5,13.6,5.4,25.0,Own 30.9,2:25,1.52
Buffalo Bills,2008,23,16,176,994,34.1,16.5,5.6,27.7,Own 32.1,2:44,1.70
New England Patriots,2008,24,16,174,1135,44.8,11.5,6.5,33.5,Own 33.3,2:59,2.31
Miami Dolphins,2008,25,16,174,990,33.9,6.9,5.7,31.6,Own 29.2,2:51,1.89
Atlanta Falcons,2008,26,16,174,1042,39.7,10.3,6.0,33.1,Own 30.6,2:52,2.11
Houston Texans,2008,27,16,173,1052,38.2,17.3,6.1,35.3,Own 29.8,2:58,2.00
Jacksonville Jaguars,2008,28,16,172,1030,29.7,12.8,6.0,29.7,Own 27.3,2:56,1.63
Cleveland Browns,2008,29,16,172,958,27.3,14.5,5.6,23.1,Own 29.8,2:34,1.22
San Diego Chargers,2008,30,16,170,956,43.5,10.6,5.6,32.8,Own 30.6,2:43,2.41
Denver Broncos,2008,31,16,167,1053,38.9,17.4,6.3,37.9,Own 26.0,2:45,2.13
Indianapolis Colts,2008,32,16,150,994,40.7,10.0,6.6,35.8,Own 28.2,3:03,2.31
Kansas City Chiefs,2009,1,16,202,1048,25.2,12.4,5.2,23.7,Own 28.5,2:13,1.27
Arizona Cardinals,2009,2,16,199,1004,30.7,17.1,5.0,27.6,Own 29.9,2:24,1.78
New York Jets,2009,3,16,198,1066,31.8,15.2,5.4,25.9,Own 32.4,2:36,1.62
San Francisco 49ers,2009,4,16,196,963,27.6,10.2,4.9,23.8,Own 29.1,2:26,1.54
Tampa Bay Buccaneers,2009,5,16,194,987,20.1,17.5,5.1,23.6,Own 30.4,2:22,1.08
Seattle Seahawks,2009,6,16,194,1071,26.3,15.5,5.5,25.8,Own 28.4,2:16,1.35
Oakland Raiders,2009,7,16,194,973,22.2,16.5,5.0,21.9,Own 27.1,2:20,1.02
Detroit Lions,2009,8,16,194,1065,23.7,20.1,5.5,24.6,Own 27.7,2:23,1.23
Carolina Panthers,2009,9,16,193,1051,29.0,15.0,5.4,27.4,Own 28.2,2:30,1.58
Chicago Bears,2009,10,16,193,999,29.5,16.6,5.2,25.7,Own 32.4,2:22,1.57
Philadelphia Eagles,2009,11,16,192,1012,38.0,10.4,5.3,29.8,Own 30.6,2:21,1.99
Green Bay Packers,2009,12,16,191,1078,40.3,7.9,5.6,31.7,Own 32.3,2:46,2.26
Cleveland Browns,2009,13,16,189,996,23.3,16.4,5.3,21.9,Own 30.5,2:27,1.14
Denver Broncos,2009,14,16,189,1067,31.7,11.6,5.6,28.9,Own 29.0,2:33,1.59
Buffalo Bills,2009,15,16,188,944,27.1,13.8,5.0,23.3,Own 30.3,2:24,1.30
Minnesota Vikings,2009,16,16,188,1082,42.0,9.0,5.8,32.2,Own 32.5,2:48,2.39
Tennessee Titans,2009,17,16,187,1022,33.2,15.0,5.5,29.9,Own 27.1,2:27,1.74
Houston Texans,2009,18,16,187,1075,33.7,15.0,5.7,32.8,Own 30.2,2:44,1.91
New Orleans Saints,2009,19,16,185,1060,41.6,13.5,5.7,34.9,Own 31.4,2:44,2.44
New York Giants,2009,20,16,183,1049,37.7,15.3,5.7,32.0,Own 30.5,2:46,2.05
Pittsburgh Steelers,2009,21,16,183,1045,35.5,12.6,5.7,32.4,Own 29.5,2:52,1.90
Baltimore Ravens,2009,22,16,183,1044,35.0,10.9,5.7,30.7,Own 31.8,2:35,1.99
Miami Dolphins,2009,23,16,181,1116,34.3,15.5,6.2,29.7,Own 28.4,2:50,1.85
St. Louis Rams,2009,24,16,181,1022,19.3,16.6,5.6,24.6,Own 28.1,2:35,0.93
Dallas Cowboys,2009,25,16,179,1051,33.5,9.5,5.9,35.7,Own 27.6,2:53,1.90
New England Patriots,2009,26,16,178,1107,41.0,12.4,6.2,35.7,Own 30.0,2:58,2.29
Cincinnati Bengals,2009,27,16,177,1039,29.9,13.0,5.9,27.8,Own 29.7,2:56,1.58
Jacksonville Jaguars,2009,28,16,176,1038,29.5,12.5,5.9,30.6,Own 28.5,2:46,1.66
Indianapolis Colts,2009,29,16,174,1001,37.9,13.2,5.8,33.4,Own 28.0,2:33,2.29
Washington Redskins,2009,30,16,172,995,29.7,13.4,5.8,28.9,Own 28.7,2:42,1.56
San Diego Chargers,2009,31,16,170,1007,45.9,9.4,5.9,33.9,Own 30.8,2:49,2.46
Atlanta Falcons,2009,32,16,170,1077,35.3,13.5,6.3,32.1,Own 30.6,2:49,2.02
New York Giants,2010,1,16,207,1058,32.4,20.3,5.1,29.3,Own 31.0,2:31,1.90
Washington Redskins,2010,2,16,205,1037,26.3,14.6,5.1,26.0,Own 28.8,2:15,1.38
Oakland Raiders,2010,3,16,203,1080,34.5,11.8,5.3,27.9,Own 28.8,2:27,1.76
St. Louis Rams,2010,4,16,199,1092,30.2,9.5,5.5,24.3,Own 30.9,2:30,1.45
New York Jets,2010,5,16,199,1126,32.2,10.6,5.7,28.2,Own 32.8,2:37,1.65
Chicago Bears,2010,6,16,198,966,29.3,15.7,4.9,23.4,Own 33.7,2:23,1.55
Carolina Panthers,2010,7,16,197,991,20.8,17.8,5.0,20.7,Own 28.7,2:14,0.95
Seattle Seahawks,2010,8,16,196,994,26.5,14.8,5.1,24.2,Own 30.8,2:15,1.35
Denver Broncos,2010,9,16,196,1043,30.6,11.7,5.3,28.4,Own 27.5,2:18,1.69
Philadelphia Eagles,2010,10,16,196,1076,39.8,11.7,5.5,31.8,Own 31.6,2:33,2.13
Detroit Lions,2010,11,16,193,1094,32.1,12.4,5.7,28.1,Own 29.3,2:28,1.73
Kansas City Chiefs,2010,12,16,192,1089,31.3,6.8,5.7,29.1,Own 30.5,2:38,1.77
Cincinnati Bengals,2010,13,16,190,1077,30.5,16.3,5.7,27.9,Own 31.2,2:38,1.63
San Francisco 49ers,2010,14,16,190,972,26.8,11.1,5.1,26.2,Own 28.5,2:25,1.42
Arizona Cardinals,2010,15,16,190,958,23.7,15.8,5.0,22.7,Own 29.7,2:13,1.15
Baltimore Ravens,2010,16,16,189,1047,32.8,9.5,5.5,27.2,Own 29.8,2:39,1.75
Minnesota Vikings,2010,17,16,189,1000,24.9,19.0,5.3,26.4,Own 30.2,2:34,1.38
San Diego Chargers,2010,18,16,186,1072,40.3,14.5,5.8,33.9,Own 28.6,2:51,2.24
Miami Dolphins,2010,19,16,185,1081,29.7,15.7,5.8,27.7,Own 28.6,2:40,1.43
Tennessee Titans,2010,20,16,184,933,33.2,14.7,5.1,26.0,Own 31.5,2:16,1.80
Green Bay Packers,2010,21,16,183,1028,35.0,10.9,5.6,31.3,Own 29.8,2:48,1.97
Dallas Cowboys,2010,22,16,182,1067,34.6,14.8,5.9,31.8,Own 28.8,2:46,1.90
Buffalo Bills,2010,23,16,182,975,25.3,19.2,5.4,26.8,Own 29.2,2:31,1.42
Pittsburgh Steelers,2010,24,16,179,1031,36.9,9.5,5.8,30.8,Own 31.5,2:54,1.93
Houston Texans,2010,25,16,179,1059,39.7,10.1,5.9,34.5,Own 25.6,2:38,2.17
Indianapolis Colts,2010,26,16,179,1116,40.2,13.4,6.2,34.0,Own 27.5,2:40,2.23
Atlanta Falcons,2010,27,16,178,1128,39.3,9.0,6.3,30.7,Own 31.1,2:57,2.12
Jacksonville Jaguars,2010,28,16,177,1047,35.0,16.9,5.9,30.7,Own 30.2,2:53,1.95
Cleveland Browns,2010,29,16,177,955,27.7,15.8,5.4,26.1,Own 29.8,2:34,1.42
New Orleans Saints,2010,30,16,174,1098,38.5,16.7,6.3,34.2,Own 29.2,2:57,2.12
Tampa Bay Buccaneers,2010,31,16,172,983,33.7,9.3,5.7,31.2,Own 28.9,2:52,1.83
New England Patriots,2010,32,16,166,1011,47.0,5.4,6.1,35.0,Own 32.1,2:50,2.76
Denver Broncos,2011,1,16,204,1043,24.5,14.2,5.1,24.8,Own 26.7,2:20,1.34
New York Jets,2011,2,16,203,1055,29.6,13.8,5.2,24.4,Own 30.9,2:26,1.69
New York Giants,2011,3,16,200,1052,32.5,11.5,5.3,30.7,Own 26.4,2:22,1.90
Chicago Bears,2011,4,16,199,1010,28.6,14.6,5.1,25.2,Own 27.0,2:27,1.44
Arizona Cardinals,2011,5,16,199,1017,26.1,15.6,5.1,26.0,Own 25.6,2:18,1.45
Seattle Seahawks,2011,6,16,198,1033,27.8,11.6,5.2,24.4,Own 31.3,2:18,1.44
Cincinnati Bengals,2011,7,16,197,1053,32.5,9.6,5.3,26.0,Own 30.1,2:28,1.60
Detroit Lions,2011,8,16,197,1087,37.6,10.7,5.5,32.2,Own 28.7,2:27,2.14
St. Louis Rams,2011,9,16,196,1041,18.9,11.2,5.3,23.0,Own 26.4,2:18,0.89
Miami Dolphins,2011,10,16,195,1029,32.8,12.8,5.3,25.9,Own 29.5,2:31,1.62
Jacksonville Jaguars,2011,11,16,194,1027,22.7,11.3,5.3,20.8,Own 28.8,2:29,1.11
Oakland Raiders,2011,12,16,193,1050,34.7,15.5,5.4,31.4,Own 27.2,2:29,1.79
San Francisco 49ers,2011,13,16,192,1045,39.6,5.2,5.4,25.9,Own 33.5,2:41,1.85
Houston Texans,2011,14,16,191,1084,37.2,10.5,5.7,31.1,Own 30.3,2:44,1.93
Philadelphia Eagles,2011,15,16,190,1063,34.7,17.9,5.6,33.7,Own 28.7,2:38,1.93
Buffalo Bills,2011,16,16,189,1023,31.2,15.9,5.4,29.8,Own 26.2,2:33,1.70
Minnesota Vikings,2011,17,16,189,1035,31.7,13.2,5.5,27.9,Own 29.1,2:26,1.76
Kansas City Chiefs,2011,18,16,189,1051,22.2,12.7,5.6,26.3,Own 24.6,2:30,1.05
Tennessee Titans,2011,19,16,188,1016,31.4,11.7,5.4,28.5,Own 27.4,2:22,1.58
Washington Redskins,2011,20,16,188,1073,30.9,18.6,5.7,28.6,Own 29.1,2:35,1.50
Atlanta Falcons,2011,21,16,187,1102,37.4,10.7,5.9,32.2,Own 28.5,2:46,2.04
Indianapolis Colts,2011,22,16,186,978,24.2,15.6,5.3,24.6,Own 23.5,2:15,1.20
Baltimore Ravens,2011,23,16,186,1075,35.5,11.8,5.8,29.1,Own 28.9,2:38,1.84
Dallas Cowboys,2011,24,16,185,1054,37.8,11.4,5.7,32.4,Own 29.0,2:43,1.96
Tampa Bay Buccaneers,2011,25,16,181,994,28.7,20.4,5.5,28.0,Own 27.0,2:34,1.44
New England Patriots,2011,26,16,180,1115,47.2,8.3,6.2,37.9,Own 29.3,2:33,2.68
Green Bay Packers,2011,27,16,180,1016,48.3,6.1,5.6,36.0,Own 30.8,2:42,2.85
Cleveland Browns,2011,28,16,180,1053,24.4,10.0,5.9,25.6,Own 27.1,2:36,1.18
Carolina Panthers,2011,29,16,179,1027,38.5,12.8,5.7,34.8,Own 27.9,2:42,2.21
New Orleans Saints,2011,30,16,175,1151,51.4,10.9,6.6,42.6,Own 28.2,2:55,2.96
San Diego Chargers,2011,31,16,172,1083,41.3,16.3,6.3,36.6,Own 27.9,3:01,2.24
Pittsburgh Steelers,2011,32,16,168,1046,33.9,16.7,6.2,35.4,Own 26.8,3:06,1.83
Arizona Cardinals,2012,1,16,209,1046,22.0,14.8,5.0,20.1,Own 30.4,2:15,1.06
Houston Texans,2012,2,16,202,1128,35.6,8.4,5.6,29.5,Own 27.0,2:40,1.88
Detroit Lions,2012,3,16,197,1196,36.0,15.2,6.1,33.2,Own 25.1,2:36,1.87
Jacksonville Jaguars,2012,4,16,196,1022,25.5,12.8,5.2,24.4,Own 26.6,2:17,1.28
Chicago Bears,2012,5,16,195,1032,30.3,11.8,5.3,25.4,Own 31.1,2:37,1.56
Cincinnati Bengals,2012,6,16,195,1052,35.4,12.8,5.4,27.2,Own 31.2,2:30,1.86
New York Jets,2012,7,16,194,1061,24.2,17.5,5.5,24.6,Own 27.8,2:31,1.26
Tampa Bay Buccaneers,2012,8,16,193,1041,35.2,10.9,5.4,30.1,Own 29.0,2:31,1.89
Baltimore Ravens,2012,9,16,193,1075,35.8,7.8,5.6,29.2,Own 27.0,2:22,1.88
Cleveland Browns,2012,10,16,191,1029,29.8,12.0,5.4,26.2,Own 29.0,2:22,1.48
Buffalo Bills,2012,11,16,190,1007,30.0,17.4,5.3,28.8,Own 27.3,2:32,1.66
New Orleans Saints,2012,12,16,190,1089,37.4,12.1,5.7,34.7,Own 24.2,2:26,2.24
Tennessee Titans,2012,13,16,188,988,27.7,14.9,5.3,26.6,Own 25.4,2:21,1.40
Denver Broncos,2012,14,16,188,1122,39.9,12.2,6.0,33.9,Own 29.1,2:40,2.24
Oakland Raiders,2012,15,16,188,1066,31.4,12.8,5.7,29.0,Own 26.0,2:31,1.54
Green Bay Packers,2012,16,16,186,1075,37.6,8.1,5.8,30.9,Own 31.2,2:37,2.18
Kansas City Chiefs,2012,17,16,186,1049,24.2,18.8,5.6,27.4,Own 26.4,2:37,1.09
Miami Dolphins,2012,18,16,186,1011,27.4,12.9,5.4,26.8,Own 25.3,2:30,1.42
Pittsburgh Steelers,2012,19,16,186,1054,33.9,15.6,5.7,28.6,Own 26.8,2:46,1.77
New England Patriots,2012,20,16,185,1226,48.1,8.1,6.6,37.0,Own 28.4,2:40,2.74
Philadelphia Eagles,2012,21,16,184,1110,29.9,17.9,6.0,30.4,Own 25.6,2:35,1.51
Washington Redskins,2012,22,16,183,1024,39.3,7.7,5.6,33.6,Own 27.5,2:44,2.23
Minnesota Vikings,2012,23,16,182,1039,37.9,12.6,5.7,29.5,Own 27.4,2:32,1.88
St. Louis Rams,2012,24,16,182,1033,27.5,11.0,5.7,28.9,Own 24.4,2:37,1.42
Dallas Cowboys,2012,25,16,180,1080,36.7,15.0,6.0,33.2,Own 27.2,2:45,1.92
Indianapolis Colts,2012,26,16,180,1142,33.3,13.9,6.3,32.2,Own 24.8,2:44,1.76
San Diego Chargers,2012,27,16,180,1015,30.6,13.9,5.6,26.4,Own 28.9,2:49,1.58
San Francisco 49ers,2012,28,16,178,1011,39.3,7.9,5.7,32.5,Own 31.8,2:51,2.10
New York Giants,2012,29,16,176,1007,43.8,11.9,5.7,32.3,Own 31.4,2:39,2.31
Carolina Panthers,2012,30,16,175,1009,32.6,10.3,5.8,32.9,Own 25.8,2:44,1.91
Atlanta Falcons,2012,31,16,175,1059,44.0,10.3,6.1,33.7,Own 29.0,2:49,2.33
Seattle Seahawks,2012,32,16,170,1001,39.4,10.0,5.9,32.9,Own 29.4,3:00,2.19
Buffalo Bills,2013,1,16,214,1152,29.9,12.1,5.4,25.2,Own 26.8,2:09,1.48
Baltimore Ravens,2013,2,16,207,1131,30.9,13.5,5.5,23.7,Own 29.1,2:21,1.43
New York Giants,2013,3,16,204,1014,25.5,20.1,5.0,23.9,Own 27.1,2:18,1.33
Denver Broncos,2013,4,16,202,1182,47.5,10.4,5.9,36.2,Own 28.3,2:25,2.83
Philadelphia Eagles,2013,5,16,201,1082,36.8,9.0,5.4,33.1,Own 27.9,2:06,2.12
Cincinnati Bengals,2013,6,16,201,1119,32.3,14.9,5.6,29.2,Own 26.9,2:37,1.91
New England Patriots,2013,7,16,201,1179,40.8,10.0,5.9,30.6,Own 30.0,2:25,2.10
Houston Texans,2013,8,16,201,1124,25.9,14.9,5.6,27.6,Own 25.8,2:30,1.29
Arizona Cardinals,2013,9,16,200,1073,33.0,15.5,5.4,27.7,Own 28.9,2:29,1.71
Washington Redskins,2013,10,16,199,1133,27.6,16.6,5.7,29.5,Own 25.3,2:29,1.51
Kansas City Chiefs,2013,11,16,197,1057,32.0,9.1,5.4,27.3,Own 33.4,2:31,1.79
New York Jets,2013,12,16,196,1056,29.6,14.8,5.4,25.8,Own 26.0,2:28,1.40
Detroit Lions,2013,13,16,196,1126,32.1,17.3,5.7,31.8,Own 27.1,2:38,1.86
Jacksonville Jaguars,2013,14,16,195,1045,23.6,13.8,5.4,24.0,Own 28.2,2:15,1.18
Minnesota Vikings,2013,15,16,195,1043,34.4,14.9,5.3,28.3,Own 28.1,2:20,1.87
Cleveland Browns,2013,16,16,195,1104,26.2,13.8,5.7,27.8,Own 26.4,2:21,1.40
Miami Dolphins,2013,17,16,194,1035,29.9,13.4,5.3,25.6,Own 27.9,2:22,1.56
Oakland Raiders,2013,18,16,194,1030,27.8,14.9,5.3,27.4,Own 26.5,2:28,1.52
Pittsburgh Steelers,2013,19,16,189,1055,35.4,12.7,5.6,28.6,Own 29.8,2:37,1.85
Tampa Bay Buccaneers,2013,20,16,188,1010,27.1,9.6,5.4,23.4,Own 26.8,2:31,1.41
San Francisco 49ers,2013,21,16,188,997,37.8,9.0,5.3,27.5,Own 31.6,2:36,1.96
Indianapolis Colts,2013,22,16,188,1063,38.8,6.9,5.7,29.1,Own 28.0,2:32,1.97
Green Bay Packers,2013,23,16,186,1111,40.9,12.4,6.0,34.5,Own 28.2,2:39,2.15
Tennessee Titans,2013,24,16,184,1061,34.2,11.4,5.8,29.1,Own 27.9,2:38,1.85
St. Louis Rams,2013,25,16,184,996,31.5,11.4,5.4,26.5,Own 26.3,2:32,1.64
Dallas Cowboys,2013,26,16,183,987,39.9,9.8,5.4,29.7,Own 29.7,2:32,2.18
Chicago Bears,2013,27,16,182,1042,39.0,12.1,5.7,33.5,Own 28.5,2:44,2.16
Seattle Seahawks,2013,28,16,182,1008,40.7,9.3,5.5,29.7,Own 31.0,2:41,2.12
New Orleans Saints,2013,29,16,181,1111,40.3,8.3,6.1,35.3,Own 27.8,2:53,2.29
Atlanta Falcons,2013,30,16,179,1051,34.1,14.5,5.9,30.7,Own 26.2,2:43,1.85
Carolina Panthers,2013,31,16,170,1026,36.5,9.4,6.0,29.8,Own 29.4,3:00,1.99
San Diego Chargers,2013,32,16,167,1097,44.9,11.4,6.6,37.7,Own 27.3,3:13,2.33
Indianapolis Colts,2014,1,16,205,1136,39.5,14.6,5.5,31.6,Own 28.7,2:29,2.18
Philadelphia Eagles,2014,2,16,203,1163,36.9,17.2,5.7,31.1,Own 30.0,2:06,1.96
Oakland Raiders,2014,3,16,198,1016,22.7,13.6,5.1,22.6,Own 24.2,2:17,1.21
Denver Broncos,2014,4,16,198,1096,39.9,9.6,5.5,32.6,Own 28.9,2:29,2.31
Buffalo Bills,2014,5,16,197,1058,32.5,11.2,5.4,25.8,Own 30.2,2:25,1.58
Jacksonville Jaguars,2014,6,16,195,1014,22.6,12.8,5.2,23.7,Own 25.7,2:14,1.17
Houston Texans,2014,7,16,194,1097,33.0,11.3,5.7,28.2,Own 27.7,2:34,1.69
New York Giants,2014,8,16,193,1112,34.7,12.4,5.8,30.3,Own 28.2,2:33,1.93
Cleveland Browns,2014,9,16,193,1042,28.0,10.9,5.4,26.8,Own 26.8,2:20,1.44
Washington Redskins,2014,10,16,192,1033,29.7,15.6,5.4,29.9,Own 25.1,2:34,1.58
Tennessee Titans,2014,11,16,191,941,23.6,12.6,4.9,25.3,Own 25.8,2:18,1.25
Cincinnati Bengals,2014,12,16,191,1051,34.0,13.1,5.5,29.1,Own 30.3,2:33,1.84
St. Louis Rams,2014,13,16,186,987,29.6,14.0,5.3,26.9,Own 28.0,2:31,1.55
New York Jets,2014,14,16,186,1091,31.7,11.8,5.9,28.0,Own 27.8,2:40,1.53
Baltimore Ravens,2014,15,16,182,1055,39.6,9.9,5.8,32.0,Own 28.7,2:36,2.13
New England Patriots,2014,16,16,181,1110,45.3,7.2,6.1,32.3,Own 30.6,2:37,2.40
Miami Dolphins,2014,17,16,181,1077,37.6,10.5,6.0,30.9,Own 31.1,2:40,1.99
Arizona Cardinals,2014,18,16,181,1026,30.9,9.4,5.7,28.3,Own 26.9,2:38,1.52
Tampa Bay Buccaneers,2014,19,16,180,960,26.7,17.2,5.3,25.8,Own 26.6,2:26,1.42
Chicago Bears,2014,20,16,180,1021,27.8,16.1,5.7,29.0,Own 25.9,2:41,1.68
Dallas Cowboys,2014,21,16,179,1043,43.6,12.8,5.8,34.1,Own 28.9,2:56,2.49
Detroit Lions,2014,22,16,179,1083,32.4,9.5,6.1,30.4,Own 29.9,2:50,1.71
San Francisco 49ers,2014,23,16,178,1040,30.9,11.8,5.8,29.4,Own 27.8,2:51,1.60
Carolina Panthers,2014,24,16,178,1095,34.8,11.8,6.2,31.0,Own 27.7,2:54,1.79
Minnesota Vikings,2014,25,16,176,1016,31.8,10.8,5.8,28.5,Own 27.3,2:37,1.64
Atlanta Falcons,2014,26,16,175,1067,38.9,13.1,6.1,34.6,Own 26.5,2:42,2.06
Seattle Seahawks,2014,27,16,175,1058,40.6,6.9,6.0,34.2,Own 30.5,2:58,2.13
San Diego Chargers,2014,28,16,174,1035,33.9,12.6,5.9,31.3,Own 26.4,2:51,1.87
Pittsburgh Steelers,2014,29,16,174,1100,41.4,11.5,6.3,37.5,Own 25.7,2:59,2.23
New Orleans Saints,2014,30,16,174,1117,39.1,16.7,6.4,37.7,Own 25.5,2:49,2.30
Kansas City Chiefs,2014,31,16,173,992,35.8,9.2,5.7,29.4,Own 29.3,2:46,1.93
Green Bay Packers,2014,32,16,169,1034,46.7,7.1,6.1,36.5,Own 28.5,2:53,2.63
Houston Texans,2015,1,16,204,1154,28.9,9.8,5.7,27.3,Own 25.5,2:25,1.57
Philadelphia Eagles,2015,2,16,203,1130,29.1,15.3,5.6,28.4,Own 26.4,2:03,1.62
New York Jets,2015,3,16,199,1107,35.7,11.6,5.6,29.6,Own 29.2,2:31,1.95
Denver Broncos,2015,4,16,199,1091,31.2,15.1,5.5,28.6,Own 25.9,2:27,1.58
Carolina Panthers,2015,5,16,198,1097,42.9,9.6,5.5,29.9,Own 30.7,2:35,2.40
St. Louis Rams,2015,6,16,196,951,24.5,10.2,4.9,24.3,Own 27.9,2:18,1.29
Oakland Raiders,2015,7,16,195,1034,31.8,10.3,5.3,27.3,Own 29.4,2:25,1.79
Indianapolis Colts,2015,8,16,194,1079,29.4,14.4,5.6,26.5,Own 26.8,2:29,1.54
Jacksonville Jaguars,2015,9,16,193,1042,34.2,14.0,5.4,28.6,Own 27.2,2:19,1.85
Green Bay Packers,2015,10,16,192,1085,33.3,8.9,5.7,27.8,Own 28.1,2:31,1.83
New England Patriots,2015,11,16,192,1086,43.2,5.7,5.7,31.2,Own 30.1,2:31,2.34
Tennessee Titans,2015,12,16,191,992,25.7,16.2,5.2,26.1,Own 27.0,2:29,1.50
Pittsburgh Steelers,2015,13,16,190,1053,40.5,13.7,5.5,33.3,Own 28.2,2:30,2.10
Miami Dolphins,2015,14,16,187,993,25.7,9.6,5.3,28.3,Own 26.0,2:21,1.52
Arizona Cardinals,2015,15,16,186,1073,42.5,11.8,5.8,35.1,Own 27.8,2:45,2.37
Baltimore Ravens,2015,16,16,186,1123,33.3,14.0,6.0,30.8,Own 27.1,2:38,1.62
New York Giants,2015,17,16,186,1085,38.2,11.3,5.8,32.0,Own 28.0,2:27,2.03
Buffalo Bills,2015,18,16,186,1043,34.9,8.6,5.6,31.0,Own 26.7,2:42,1.95
Kansas City Chiefs,2015,19,16,182,992,37.9,7.1,5.5,29.1,Own 31.3,2:43,1.99
New Orleans Saints,2015,20,16,182,1122,36.3,10.4,6.2,35.5,Own 26.4,2:45,2.14
Cincinnati Bengals,2015,21,16,182,1032,39.6,9.3,5.7,31.2,Own 30.1,2:45,2.26
San Francisco 49ers,2015,22,16,182,996,25.8,8.2,5.5,26.6,Own 23.7,2:21,1.28
Washington Redskins,2015,23,16,180,1041,36.1,11.1,5.8,31.5,Own 27.0,2:49,1.95
Detroit Lions,2015,24,16,179,1054,34.6,12.3,5.9,31.0,Own 25.6,2:49,1.93
Chicago Bears,2015,25,16,179,1064,37.4,11.2,5.9,30.7,Own 29.4,2:49,1.88
Cleveland Browns,2015,26,16,178,1074,29.8,15.2,6.0,29.8,Own 27.4,2:47,1.46
San Diego Chargers,2015,27,16,178,1132,33.7,12.4,6.4,33.4,Own 23.3,2:52,1.78
Tampa Bay Buccaneers,2015,28,16,176,1057,35.8,14.8,6.0,34.1,Own 26.2,2:38,1.85
Seattle Seahawks,2015,29,16,174,1066,42.0,8.6,6.1,34.6,Own 29.2,2:58,2.27
Atlanta Falcons,2015,30,16,174,1104,34.5,17.2,6.3,34.2,Own 27.0,2:58,1.84
Minnesota Vikings,2015,31,16,172,1012,38.4,9.3,5.9,29.9,Own 30.2,2:50,1.90
Dallas Cowboys,2015,32,16,172,1001,31.4,18.0,5.8,31.1,Own 24.5,2:54,1.50
Denver Broncos,2016,1,16,198,1055,30.3,11.6,5.3,26.1,Own 29.1,2:21,1.54
Arizona Cardinals,2016,2,16,197,1116,35.0,14.2,5.7,29.5,Own 29.7,2:31,2.03
San Francisco 49ers,2016,3,16,197,1021,27.4,10.7,5.2,25.0,Own 27.2,2:11,1.55
Oakland Raiders,2016,4,16,194,1083,38.7,7.2,5.6,30.7,Own 31.7,2:37,2.11
Carolina Panthers,2016,5,16,193,1089,34.7,14.0,5.6,28.5,Own 30.4,2:33,1.81
Los Angeles Rams,2016,6,16,193,987,21.8,14.5,5.1,21.7,Own 27.4,2:26,1.13
New York Giants,2016,7,16,193,1042,27.5,13.0,5.4,27.4,Own 27.6,2:21,1.49
Baltimore Ravens,2016,8,16,191,1118,35.6,10.5,5.9,29.1,Own 28.9,2:35,1.70
Jacksonville Jaguars,2016,9,16,191,1090,31.4,13.6,5.7,28.0,Own 26.6,2:27,1.63
Miami Dolphins,2016,10,16,189,938,30.7,11.1,5.0,28.0,Own 29.6,2:27,1.81
New York Jets,2016,11,16,185,1036,29.7,17.8,5.6,28.5,Own 27.5,2:39,1.50
Seattle Seahawks,2016,12,16,185,1044,37.3,9.7,5.6,30.8,Own 29.5,2:36,1.90
Houston Texans,2016,13,16,185,1113,31.4,11.4,6.0,27.2,Own 28.6,2:44,1.44
Tennessee Titans,2016,14,16,184,1035,36.4,9.8,5.6,31.0,Own 28.2,2:39,2.07
Pittsburgh Steelers,2016,15,16,182,1058,38.5,9.9,5.8,32.7,Own 27.3,2:42,2.16
Tampa Bay Buccaneers,2016,16,16,182,1095,32.4,14.8,6.0,30.3,Own 28.4,2:43,1.79
New England Patriots,2016,17,16,182,1095,42.9,4.9,6.0,33.9,Own 30.9,2:45,2.41
New Orleans Saints,2016,18,16,181,1137,45.9,12.7,6.3,37.8,Own 27.4,2:44,2.59
San Diego Chargers,2016,19,16,181,1050,38.1,18.2,5.8,31.4,Own 28.1,2:42,2.09
Indianapolis Colts,2016,20,16,180,1070,40.6,12.2,5.9,32.3,Own 28.3,2:45,2.24
Cleveland Browns,2016,21,16,180,1014,27.2,13.3,5.6,27.4,Own 23.4,2:31,1.44
Kansas City Chiefs,2016,22,16,178,1030,37.1,9.0,5.8,30.7,Own 30.5,2:45,1.90
Philadelphia Eagles,2016,23,16,178,1123,37.6,11.2,6.3,30.1,Own 30.3,2:55,1.85
Buffalo Bills,2016,24,16,177,1046,36.7,6.8,5.9,31.8,Own 28.9,2:42,2.14
Green Bay Packers,2016,25,16,176,1061,43.8,9.1,6.0,33.6,Own 29.6,2:50,2.47
Cincinnati Bengals,2016,26,16,176,1083,35.8,8.5,6.2,32.4,Own 26.8,2:45,1.87
Washington Redskins,2016,27,16,175,1052,43.4,11.4,6.0,36.9,Own 27.4,2:45,2.26
Atlanta Falcons,2016,28,16,175,1031,52.6,6.3,5.9,38.0,Own 29.3,2:47,2.90
Minnesota Vikings,2016,29,16,174,1037,32.8,7.5,6.0,28.9,Own 31.2,2:49,1.67
Dallas Cowboys,2016,30,16,173,1045,43.9,8.7,6.0,34.8,Own 28.8,2:57,2.45
Chicago Bears,2016,31,16,172,991,27.3,17.4,5.8,33.0,Own 25.5,2:37,1.49
Detroit Lions,2016,32,16,156,1015,41.0,9.0,6.5,34.8,Own 25.7,3:05,2.08
Arizona Cardinals,2017,1,16,202,1091,29.2,12.4,5.4,24.9,Own 29.7,2:28,1.41
New York Jets,2017,2,16,199,1019,28.6,11.1,5.1,24.5,Own 27.6,2:26,1.50
Jacksonville Jaguars,2017,3,16,199,1115,34.7,11.1,5.6,29.4,Own 29.2,2:36,1.82
Seattle Seahawks,2017,4,16,197,1039,30.5,8.6,5.3,26.8,Own 28.5,2:23,1.71
New York Giants,2017,5,16,194,1064,22.7,11.3,5.5,25.9,Own 26.7,2:22,1.22
Denver Broncos,2017,6,16,193,1106,26.4,16.6,5.7,26.9,Own 27.0,2:37,1.35
Baltimore Ravens,2017,7,16,192,1095,36.5,8.9,5.7,25.4,Own 32.8,2:34,1.84
Houston Texans,2017,8,16,192,1054,29.2,14.6,5.5,26.7,Own 25.3,2:30,1.63
Washington Redskins,2017,9,16,191,1012,31.9,12.6,5.3,27.0,Own 29.4,2:30,1.73
Philadelphia Eagles,2017,10,16,191,1109,40.3,9.4,5.8,30.5,Own 30.0,2:44,2.21
Tennessee Titans,2017,11,16,191,1017,35.1,12.6,5.3,26.3,Own 28.7,2:32,1.72
Los Angeles Rams,2017,12,16,190,1047,45.3,9.5,5.5,30.4,Own 32.9,2:32,2.33
Miami Dolphins,2017,13,16,190,1024,25.8,15.3,5.4,25.9,Own 28.1,2:29,1.36
Cleveland Browns,2017,14,16,186,1028,22.0,21.0,5.5,26.5,Own 26.5,2:26,1.22
Minnesota Vikings,2017,15,16,185,1094,38.9,7.6,5.9,30.9,Own 29.4,2:48,2.03
Cincinnati Bengals,2017,16,16,185,946,26.5,11.4,5.1,24.2,Own 27.9,2:22,1.46
Detroit Lions,2017,17,16,185,1017,37.3,11.9,5.5,29.1,Own 29.9,2:35,1.96
San Francisco 49ers,2017,18,16,184,1102,37.5,12.0,6.0,30.3,Own 27.6,2:33,1.78
Buffalo Bills,2017,19,16,180,1066,31.7,8.9,5.9,26.9,Own 28.2,2:31,1.57
Indianapolis Colts,2017,20,16,180,1030,29.4,8.3,5.7,25.2,Own 27.3,2:38,1.42
Pittsburgh Steelers,2017,21,16,179,1091,43.0,10.6,6.1,33.7,Own 29.3,2:52,2.23
Carolina Panthers,2017,22,16,179,1059,37.4,11.7,5.9,28.8,Own 30.0,2:53,1.97
Oakland Raiders,2017,23,16,178,978,29.2,15.2,5.5,29.1,Own 28.3,2:36,1.69
Los Angeles Chargers,2017,24,16,177,1052,33.3,8.5,5.9,34.1,Own 26.1,2:45,1.88
Kansas City Chiefs,2017,25,16,176,1032,44.9,6.3,5.9,34.0,Own 29.1,2:49,2.21
New Orleans Saints,2017,26,16,175,1044,44.6,9.1,6.0,35.6,Own 29.6,2:51,2.41
Tampa Bay Buccaneers,2017,27,16,175,1073,33.7,15.4,6.1,33.1,Own 27.6,2:43,1.79
Green Bay Packers,2017,28,16,174,1024,30.5,13.2,5.9,28.1,Own 26.5,2:41,1.79
Chicago Bears,2017,29,16,174,961,24.1,12.1,5.5,26.3,Own 27.1,2:41,1.32
New England Patriots,2017,30,16,174,1110,49.4,6.9,6.4,36.1,Own 28.5,2:49,2.61
Dallas Cowboys,2017,31,16,171,1041,36.3,11.1,6.1,31.1,Own 29.9,2:50,2.02
Atlanta Falcons,2017,32,16,165,1027,41.2,10.3,6.2,35.3,Own 25.9,2:54,2.06
Cleveland Browns,2018,1,16,202,1053,31.2,11.4,5.2,29.2,Own 28.5,2:20,1.81
New York Jets,2018,2,16,197,1015,32.0,14.7,5.2,24.2,Own 30.7,2:22,1.57
Buffalo Bills,2018,3,16,193,1056,26.4,15.5,5.5,24.6,Own 29.7,2:32,1.39
Minnesota Vikings,2018,4,16,188,1037,32.4,10.6,5.5,29.2,Own 30.3,2:31,1.80
Arizona Cardinals,2018,5,16,187,923,19.3,15.0,4.9,20.6,Own 28.0,2:16,1.09
Denver Broncos,2018,6,16,186,1048,30.6,11.3,5.6,30.1,Own 27.8,2:30,1.72
Houston Texans,2018,7,16,186,1086,40.3,8.1,5.8,31.1,Own 31.3,2:39,2.03
Tampa Bay Buccaneers,2018,8,16,184,1083,37.0,19.0,5.9,36.0,Own 26.2,2:39,2.15
New England Patriots,2018,9,16,184,1114,40.8,9.2,6.1,34.2,Own 29.9,2:42,2.27
Miami Dolphins,2018,10,16,184,905,28.3,12.5,4.9,25.0,Own 29.4,2:27,1.59
Los Angeles Rams,2018,11,16,183,1105,48.6,9.8,6.0,36.7,Own 30.4,2:41,2.66
Chicago Bears,2018,12,16,182,1049,36.8,13.2,5.8,30.1,Own 30.4,2:51,2.07
Pittsburgh Steelers,2018,13,16,182,1079,36.8,14.3,5.9,35.5,Own 26.0,2:44,2.23
Indianapolis Colts,2018,14,16,182,1100,41.2,13.2,6.0,33.9,Own 29.8,2:39,2.38
San Francisco 49ers,2018,15,16,181,1036,37.0,17.1,5.7,31.8,Own 26.2,2:39,1.86
Seattle Seahawks,2018,16,16,181,1044,39.8,6.1,5.8,31.1,Own 27.8,2:47,2.30
Jacksonville Jaguars,2018,17,16,180,1037,25.0,15.6,5.8,26.9,Own 27.0,2:41,1.24
Green Bay Packers,2018,18,16,178,1073,38.8,6.7,6.0,33.2,Own 27.5,2:42,2.04
New York Giants,2018,19,16,177,1024,38.4,9.6,5.8,32.2,Own 27.2,2:37,1.97
Baltimore Ravens,2018,20,16,177,1167,40.7,10.7,6.6,33.7,Own 29.5,2:58,2.06
Philadelphia Eagles,2018,21,16,176,1071,38.1,12.5,6.1,33.2,Own 28.4,2:58,2.07
Oakland Raiders,2018,22,16,176,1029,31.3,13.6,5.8,30.5,Own 26.8,2:49,1.57
Detroit Lions,2018,23,16,173,1061,35.3,11.0,6.1,30.3,Own 27.7,2:54,1.82
Carolina Panthers,2018,24,16,173,1033,37.0,12.1,6.0,34.5,Own 28.2,2:51,2.15
Kansas City Chiefs,2018,25,16,171,1030,52.6,10.5,6.0,39.8,Own 30.9,2:44,3.12
Los Angeles Chargers,2018,26,16,170,981,42.4,10.0,5.8,34.9,Own 28.7,2:53,2.40
Washington Redskins,2018,27,16,170,998,31.8,11.2,5.9,28.3,Own 28.6,2:47,1.61
Dallas Cowboys,2018,28,16,169,1059,37.9,10.1,6.3,32.5,Own 27.9,2:59,1.96
New Orleans Saints,2018,29,16,168,1034,51.8,9.5,6.2,36.1,Own 31.5,3:02,2.96
Atlanta Falcons,2018,30,16,168,1038,42.9,10.7,6.2,37.0,Own 26.3,2:49,2.40
Tennessee Titans,2018,31,16,166,972,34.9,10.2,5.9,30.0,Own 27.8,2:52,1.82
Cincinnati Bengals,2018,32,16,166,960,35.5,9.6,5.8,29.7,Own 29.0,2:39,2.03
Tampa Bay Buccaneers,2019,1,16,198,1121,37.9,20.2,5.7,32.1,Own 28.1,2:30,2.11
Carolina Panthers,2019,2,16,192,1108,32.3,16.7,5.8,28.5,Own 29.0,2:25,1.74
New England Patriots,2019,3,16,190,1129,36.3,7.4,5.9,29.8,Own 32.7,2:40,1.97
New York Jets,2019,4,16,189,984,23.3,11.6,5.2,22.9,Own 27.0,2:27,1.23
Seattle Seahawks,2019,5,16,189,1074,36.5,10.6,5.7,31.6,Own 30.2,2:40,2.07
Philadelphia Eagles,2019,6,16,187,1130,34.8,10.7,6.0,30.7,Own 28.5,2:50,1.96
Pittsburgh Steelers,2019,7,16,187,968,28.9,16.0,5.2,23.5,Own 29.5,2:28,1.40
Buffalo Bills,2019,8,16,186,1046,30.1,10.2,5.6,28.5,Own 28.9,2:35,1.63
New York Giants,2019,9,16,185,1029,28.6,17.8,5.6,29.2,Own 26.9,2:29,1.75
Tennessee Titans,2019,10,16,185,967,31.4,8.6,5.2,31.4,Own 27.5,2:28,2.02
Los Angeles Rams,2019,11,16,185,1088,35.7,13.0,5.9,32.3,Own 28.3,2:31,1.98
Detroit Lions,2019,12,16,183,1052,33.3,12.0,5.7,30.3,Own 28.6,2:33,1.77
San Francisco 49ers,2019,13,16,183,1051,44.3,12.0,5.7,33.1,Own 32.1,2:46,2.44
Cleveland Browns,2019,14,16,183,1002,33.9,14.8,5.5,29.7,Own 29.3,2:36,1.83
Miami Dolphins,2019,15,16,182,1052,30.2,13.7,5.8,27.1,Own 27.7,2:32,1.61
Cincinnati Bengals,2019,16,16,181,1080,29.8,15.5,6.0,28.5,Own 28.0,2:37,1.49
Arizona Cardinals,2019,17,16,178,1035,38.8,10.1,5.8,30.6,Own 27.7,2:29,2.02
Green Bay Packers,2019,18,16,177,1044,37.3,6.8,5.9,31.2,Own 34.1,2:51,2.11
Jacksonville Jaguars,2019,19,16,177,1054,33.9,10.2,6.0,30.9,Own 25.9,2:45,1.63
Washington Redskins,2019,20,16,176,912,29.5,11.9,5.2,25.0,Own 28.3,2:28,1.50
Dallas Cowboys,2019,21,16,175,1109,44.6,10.3,6.3,39.4,Own 26.3,2:42,2.43
Chicago Bears,2019,22,16,175,1048,29.1,10.3,6.0,27.2,Own 28.5,2:46,1.51
Atlanta Falcons,2019,23,16,174,1136,40.8,13.2,6.5,34.9,Own 28.7,2:51,2.12
New Orleans Saints,2019,24,16,173,1047,46.2,4.0,6.1,34.6,Own 33.7,2:59,2.50
Minnesota Vikings,2019,25,16,173,999,41.6,10.4,5.8,32.6,Own 29.6,2:40,2.29
Denver Broncos,2019,26,16,173,988,32.4,9.2,5.7,27.6,Own 27.6,2:43,1.60
Houston Texans,2019,27,16,169,1042,37.9,12.4,6.2,34.2,Own 28.8,2:51,2.18
Indianapolis Colts,2019,28,16,168,1047,36.3,11.3,6.2,31.1,Own 27.8,2:52,2.02
Baltimore Ravens,2019,29,16,166,1093,51.8,8.4,6.6,39.3,Own 29.1,3:21,2.95
Oakland Raiders,2019,30,16,165,1015,32.7,9.7,6.2,35.1,Own 27.2,3:00,1.83
Kansas City Chiefs,2019,31,16,164,1014,48.8,7.9,6.2,37.0,Own 28.8,2:52,2.59
Los Angeles Chargers,2019,32,16,160,1031,38.8,18.1,6.4,36.6,Own 26.3,3:05,2.06
Philadelphia Eagles,2020,1,16,190,1085,27.9,15.3,5.7,28.1,Own 27.2,2:28,1.66
Denver Broncos,2020,2,16,188,1065,33.0,17.0,5.7,28.4,Own 26.9,2:28,1.71
Pittsburgh Steelers,2020,3,16,188,1067,37.2,8.5,5.7,28.4,Own 30.8,2:37,2.12
Los Angeles Rams,2020,4,16,184,1118,34.2,12.5,6.1,32.7,Own 27.9,2:47,1.88
Washington Football Team,2020,5,16,183,1085,33.3,13.1,5.9,27.7,Own 28.4,2:37,1.74
San Francisco 49ers,2020,6,16,182,1072,36.3,14.8,5.9,32.6,Own 27.4,2:46,2.05
Miami Dolphins,2020,7,16,181,1060,41.4,11.0,5.9,30.0,Own 29.7,2:46,2.10
Tampa Bay Buccaneers,2020,8,16,180,1048,47.8,8.9,5.8,34.1,Own 31.0,2:34,2.72
Dallas Cowboys,2020,9,16,180,1154,40.6,14.4,6.4,32.9,Own 28.5,2:31,2.08
Cincinnati Bengals,2020,10,16,179,1074,33.0,12.8,6.0,28.4,Own 28.0,2:47,1.70
Arizona Cardinals,2020,11,16,179,1113,40.2,11.7,6.2,34.4,Own 29.1,2:36,2.30
Seattle Seahawks,2020,12,16,178,1046,44.4,10.1,5.9,33.1,Own 31.1,2:42,2.57
New Orleans Saints,2020,13,16,178,1073,45.5,9.0,6.0,33.9,Own 32.0,2:54,2.67
Minnesota Vikings,2020,14,16,176,1045,39.8,12.5,5.9,35.7,Own 26.2,2:44,2.44
Chicago Bears,2020,15,16,175,1075,38.9,12.0,6.1,30.3,Own 30.5,2:47,2.03
Los Angeles Chargers,2020,16,16,175,1160,38.3,8.6,6.6,34.8,Own 26.6,2:55,2.13
New York Jets,2020,17,16,175,976,26.3,10.9,5.6,25.6,Own 26.4,2:33,1.36
Atlanta Falcons,2020,18,16,174,1118,44.8,10.3,6.4,33.8,Own 28.1,2:49,2.26
Jacksonville Jaguars,2020,19,16,171,1022,30.4,14.0,6.0,30.5,Own 26.5,2:36,1.71
Indianapolis Colts,2020,20,16,171,1069,44.4,8.8,6.3,35.4,Own 30.2,2:55,2.36
Buffalo Bills,2020,21,16,170,1068,49.4,11.8,6.3,37.3,Own 30.7,2:59,2.80
Baltimore Ravens,2020,22,16,170,1022,45.3,10.6,6.0,34.1,Own 31.9,2:58,2.56
Detroit Lions,2020,23,16,169,1014,38.5,11.2,6.0,33.0,Own 28.3,2:38,2.20
Las Vegas Raiders,2020,24,16,169,1071,47.9,14.8,6.3,36.2,Own 29.5,2:56,2.57
Tennessee Titans,2020,25,16,167,1059,47.9,7.2,6.3,37.7,Own 28.7,2:45,2.87
New York Giants,2020,26,16,167,998,33.5,12.6,6.0,28.7,Own 29.2,2:45,1.60
Cleveland Browns,2020,27,16,165,1046,40.6,9.7,6.3,35.6,Own 28.1,3:00,2.38
Houston Texans,2020,28,16,163,971,42.9,9.8,6.0,36.8,Own 26.7,2:41,2.34
Kansas City Chiefs,2020,29,16,163,1084,47.9,9.2,6.7,40.7,Own 28.2,3:00,2.74
Green Bay Packers,2020,30,16,161,1006,49.7,5.6,6.2,38.6,Own 28.8,3:14,3.08
Carolina Panthers,2020,31,16,159,1029,40.3,13.2,6.5,35.1,Own 28.5,3:07,2.09
New England Patriots,2020,32,16,157,1007,36.9,12.1,6.4,33.1,Own 28.5,2:57,1.92
Las Vegas Raiders,2021,1,3,37,234,48.6,5.4,6.3,37.7,Own 27.5,2:54,2.43
Buffalo Bills,2021,2,3,36,227,47.2,8.3,6.3,32.4,Own 35.0,2:42,2.64
Cincinnati Bengals,2021,3,3,36,169,33.3,13.9,4.7,24.5,Own 30.5,2:27,1.89
Atlanta Falcons,2021,4,3,35,196,25.7,11.4,5.6,25.5,Own 25.6,2:35,1.34
Tampa Bay Buccaneers,2021,5,3,35,198,40.0,14.3,5.7,34.8,Own 31.8,2:20,2.57
Arizona Cardinals,2021,6,3,35,197,45.7,11.4,5.6,37.1,Own 30.8,2:48,2.74
New York Jets,2021,7,3,35,184,11.4,20.0,5.3,21.4,Own 24.4,2:26,0.57
Jacksonville Jaguars,2021,8,3,35,187,17.1,25.7,5.3,27.0,Own 22.7,2:05,1.20
Carolina Panthers,2021,9,3,34,212,38.2,5.9,6.2,34.2,Own 30.8,3:06,2.09
Baltimore Ravens,2021,10,3,34,200,47.1,14.7,5.9,37.4,Own 27.0,2:49,2.47
Tennessee Titans,2021,11,3,34,219,38.2,20.6,6.4,33.8,Own 25.2,3:02,2.09
New Orleans Saints,2021,12,3,33,168,30.3,6.1,5.1,21.3,Own 34.0,2:42,2.00
Washington Football Team,2021,13,3,32,175,40.6,15.6,5.5,29.8,Own 24.6,2:24,2.09
Pittsburgh Steelers,2021,14,3,32,194,28.1,9.4,6.1,28.9,Own 24.7,2:44,1.34
Minnesota Vikings,2021,15,3,32,215,46.9,3.1,6.7,39.8,Own 23.7,3:06,2.53
Miami Dolphins,2021,16,3,32,204,21.9,9.4,6.4,25.2,Own 28.9,2:41,1.16
Houston Texans,2021,17,3,32,187,37.5,3.1,5.8,29.3,Own 28.7,2:38,2.13
Detroit Lions,2021,18,3,32,204,34.4,9.4,6.4,33.0,Own 26.4,2:54,2.03
New England Patriots,2021,19,3,31,206,41.9,16.1,6.6,30.7,Own 32.1,2:58,1.77
Seattle Seahawks,2021,20,3,31,160,38.7,3.2,5.2,37.6,Own 28.4,2:17,2.45
New York Giants,2021,21,3,30,194,40.0,6.7,6.5,34.7,Own 26.3,2:57,1.87
Cleveland Browns,2021,22,3,30,196,50.0,13.3,6.5,40.7,Own 30.6,3:24,2.83
San Francisco 49ers,2021,23,3,30,181,43.3,13.3,6.0,32.9,Own 25.6,2:49,2.63
Denver Broncos,2021,24,3,30,206,53.3,6.7,6.9,38.7,Own 32.1,3:40,2.53
Indianapolis Colts,2021,25,3,30,201,36.7,10.0,6.7,31.8,Own 27.8,3:06,1.63
Chicago Bears,2021,26,3,29,176,24.1,10.3,6.1,19.8,Own 31.4,3:00,1.14
Los Angeles Rams,2021,27,3,29,179,58.6,6.9,6.2,39.8,Own 30.1,2:53,3.28
Green Bay Packers,2021,28,3,29,176,41.4,10.3,6.1,31.2,Own 27.9,3:04,2.34
Kansas City Chiefs,2021,29,3,28,189,50.0,21.4,6.8,44.3,Own 28.0,3:11,3.07
Los Angeles Chargers,2021,30,3,26,208,50.0,15.4,8.0,45.5,Own 28.9,3:38,2.58
Dallas Cowboys,2021,31,2,21,144,47.6,9.5,6.9,41.4,Own 26.0,3:01,2.38
Philadelphia Eagles,2021,32,2,20,125,35.0,0.0,6.3,38.0,Own 28.0,2:48,2.05
